2025-10-24 09:50:45,099	INFO worker.py:1942 -- Started a local Ray instance. View the dashboard at [1m[32mhttp://127.0.0.1:8266 [39m[22m
Saving results to /Users/knv2/Library/CloudStorage/OneDrive-NIST/Documents/codebase/AFL-tutorial/3DPhaseDiagram/benchmarking/v2.0/results_206_measurements
Using 3/10 CPU cores
Detected 10 CPUs → running up to 3 actors concurrently
Runs finished:   0%|          | 0/3 [00:00<?, ?it/s][36m(CaseRunnerActor pid=28852)[0m INFO:P5:Starting run with 54.4% memory usage
[36m(CaseRunnerActor pid=28851)[0m INFO:P0:Starting run with 54.4% memory usage
[36m(CaseRunnerActor pid=28856)[0m INFO:P3:Starting run with 54.3% memory usage
[36m(CaseRunnerActor pid=28851)[0m 2025-10-24 09:51:32 - INFO - [evaluate.py] - Boundary (0, 1): 885 points
[36m(CaseRunnerActor pid=28851)[0m INFO:evaluate:Boundary (0, 1): 885 points
[36m(CaseRunnerActor pid=28851)[0m /Users/knv2/Documents/codebase/AFL-tutorial/3DPhaseDiagram/benchmarking/evaluate.py:119: UserWarning: Some phase boundaries are not resolved...
[36m(CaseRunnerActor pid=28851)[0m   warnings.warn("Some phase boundaries are not resolved...")
[36m(CaseRunnerActor pid=28851)[0m 2025-10-24 09:51:32 - INFO - [evaluate.py] - Evaluating boundary (0, 1)
[36m(CaseRunnerActor pid=28851)[0m INFO:evaluate:Evaluating boundary (0, 1)
[36m(CaseRunnerActor pid=28851)[0m /Users/knv2/Documents/codebase/envs/3DPhaseDiag/lib/python3.11/site-packages/torch/functional.py:554: UserWarning: torch.meshgrid: in an upcoming release, it will be required to pass the indexing argument. (Triggered internally at /Users/runner/work/pytorch/pytorch/pytorch/aten/src/ATen/native/TensorShape.cpp:4324.)
[36m(CaseRunnerActor pid=28851)[0m   return _VF.meshgrid(tensors, **kwargs)  # type: ignore[attr-defined]
[36m(CaseRunnerActor pid=28852)[0m 2025-10-24 09:51:35 - INFO - [evaluate.py] - Boundary (0, 1): 885 points
[36m(CaseRunnerActor pid=28852)[0m INFO:evaluate:Boundary (0, 1): 885 points
[36m(CaseRunnerActor pid=28852)[0m /Users/knv2/Documents/codebase/AFL-tutorial/3DPhaseDiagram/benchmarking/evaluate.py:119: UserWarning: Some phase boundaries are not resolved...
[36m(CaseRunnerActor pid=28852)[0m   warnings.warn("Some phase boundaries are not resolved...")
[36m(CaseRunnerActor pid=28852)[0m 2025-10-24 09:51:35 - INFO - [evaluate.py] - Evaluating boundary (0, 1)
[36m(CaseRunnerActor pid=28852)[0m INFO:evaluate:Evaluating boundary (0, 1)
[36m(CaseRunnerActor pid=28856)[0m 2025-10-24 09:51:36 - INFO - [evaluate.py] - Boundary (0, 1): 885 points
[36m(CaseRunnerActor pid=28856)[0m INFO:evaluate:Boundary (0, 1): 885 points
[36m(CaseRunnerActor pid=28856)[0m /Users/knv2/Documents/codebase/AFL-tutorial/3DPhaseDiagram/benchmarking/evaluate.py:119: UserWarning: Some phase boundaries are not resolved...
[36m(CaseRunnerActor pid=28856)[0m   warnings.warn("Some phase boundaries are not resolved...")
[36m(CaseRunnerActor pid=28856)[0m 2025-10-24 09:51:36 - INFO - [evaluate.py] - Evaluating boundary (0, 1)
[36m(CaseRunnerActor pid=28856)[0m INFO:evaluate:Evaluating boundary (0, 1)
[36m(CaseRunnerActor pid=28852)[0m /Users/knv2/Documents/codebase/envs/3DPhaseDiag/lib/python3.11/site-packages/torch/functional.py:554: UserWarning: torch.meshgrid: in an upcoming release, it will be required to pass the indexing argument. (Triggered internally at /Users/runner/work/pytorch/pytorch/pytorch/aten/src/ATen/native/TensorShape.cpp:4324.)
[36m(CaseRunnerActor pid=28852)[0m   return _VF.meshgrid(tensors, **kwargs)  # type: ignore[attr-defined]
[36m(CaseRunnerActor pid=28856)[0m /Users/knv2/Documents/codebase/envs/3DPhaseDiag/lib/python3.11/site-packages/torch/functional.py:554: UserWarning: torch.meshgrid: in an upcoming release, it will be required to pass the indexing argument. (Triggered internally at /Users/runner/work/pytorch/pytorch/pytorch/aten/src/ATen/native/TensorShape.cpp:4324.)
[36m(CaseRunnerActor pid=28856)[0m   return _VF.meshgrid(tensors, **kwargs)  # type: ignore[attr-defined]
[36m(CaseRunnerActor pid=28851)[0m 2025-10-24 09:52:04 - INFO - [evaluate.py] - Evaluating boundary (1, 2)
[36m(CaseRunnerActor pid=28851)[0m INFO:evaluate:Evaluating boundary (1, 2)
[36m(CaseRunnerActor pid=28851)[0m 2025-10-24 09:52:04 - INFO - [evaluate.py] - Phase boundary (1, 2) is not resolved
[36m(CaseRunnerActor pid=28851)[0m INFO:evaluate:Phase boundary (1, 2) is not resolved
[36m(CaseRunnerActor pid=28851)[0m INFO:P0:[run 0], measurements: 7/206, expense: 3.02e+03
[36m(CaseRunnerActor pid=28851)[0m INFO:P0:[run 0], Boundary distances : {(0, 1): 362.12444654293995, (1, 2): None}
[36m(CaseRunnerActor pid=28851)[0m INFO:P0:[run 0 iter 1] Process RSS:   1.43 GB | 
[36m(CaseRunnerActor pid=28856)[0m 2025-10-24 09:52:08 - INFO - [evaluate.py] - Evaluating boundary (1, 2)
[36m(CaseRunnerActor pid=28856)[0m INFO:evaluate:Evaluating boundary (1, 2)
[36m(CaseRunnerActor pid=28856)[0m 2025-10-24 09:52:08 - INFO - [evaluate.py] - Phase boundary (1, 2) is not resolved
[36m(CaseRunnerActor pid=28856)[0m INFO:evaluate:Phase boundary (1, 2) is not resolved
[36m(CaseRunnerActor pid=28856)[0m INFO:P3:[run 0], measurements: 7/206, expense: 2.96e+03
[36m(CaseRunnerActor pid=28856)[0m INFO:P3:[run 0], Boundary distances : {(0, 1): 361.5752928003118, (1, 2): None}
[36m(CaseRunnerActor pid=28856)[0m INFO:P3:[run 0 iter 1] Process RSS:   1.70 GB | 
[36m(CaseRunnerActor pid=28852)[0m 2025-10-24 09:52:08 - INFO - [evaluate.py] - Evaluating boundary (1, 2)
[36m(CaseRunnerActor pid=28852)[0m INFO:evaluate:Evaluating boundary (1, 2)
[36m(CaseRunnerActor pid=28852)[0m 2025-10-24 09:52:08 - INFO - [evaluate.py] - Phase boundary (1, 2) is not resolved
[36m(CaseRunnerActor pid=28852)[0m INFO:evaluate:Phase boundary (1, 2) is not resolved
[36m(CaseRunnerActor pid=28852)[0m INFO:P5:[run 0], measurements: 11/206, expense: 3.96e+03
[36m(CaseRunnerActor pid=28852)[0m INFO:P5:[run 0], Boundary distances : {(0, 1): 360.3803971253807, (1, 2): None}
[36m(CaseRunnerActor pid=28852)[0m INFO:P5:[run 0 iter 1] Process RSS:   1.70 GB | 
[36m(CaseRunnerActor pid=28851)[0m 2025-10-24 09:52:15 - INFO - [evaluate.py] - Boundary (0, 1): 944 points
[36m(CaseRunnerActor pid=28851)[0m INFO:evaluate:Boundary (0, 1): 944 points
[36m(CaseRunnerActor pid=28851)[0m /Users/knv2/Documents/codebase/AFL-tutorial/3DPhaseDiagram/benchmarking/evaluate.py:119: UserWarning: Some phase boundaries are not resolved...
[36m(CaseRunnerActor pid=28851)[0m   warnings.warn("Some phase boundaries are not resolved...")
[36m(CaseRunnerActor pid=28851)[0m 2025-10-24 09:52:15 - INFO - [evaluate.py] - Evaluating boundary (0, 1)
[36m(CaseRunnerActor pid=28851)[0m INFO:evaluate:Evaluating boundary (0, 1)
[36m(CaseRunnerActor pid=28856)[0m 2025-10-24 09:52:23 - INFO - [evaluate.py] - Boundary (0, 1): 903 points
[36m(CaseRunnerActor pid=28856)[0m INFO:evaluate:Boundary (0, 1): 903 points
[36m(CaseRunnerActor pid=28856)[0m /Users/knv2/Documents/codebase/AFL-tutorial/3DPhaseDiagram/benchmarking/evaluate.py:119: UserWarning: Some phase boundaries are not resolved...
[36m(CaseRunnerActor pid=28856)[0m   warnings.warn("Some phase boundaries are not resolved...")
[36m(CaseRunnerActor pid=28856)[0m 2025-10-24 09:52:23 - INFO - [evaluate.py] - Evaluating boundary (0, 1)
[36m(CaseRunnerActor pid=28856)[0m INFO:evaluate:Evaluating boundary (0, 1)
[36m(CaseRunnerActor pid=28851)[0m 2025-10-24 09:52:27 - INFO - [evaluate.py] - Evaluating boundary (1, 2)
[36m(CaseRunnerActor pid=28851)[0m INFO:evaluate:Evaluating boundary (1, 2)
[36m(CaseRunnerActor pid=28851)[0m 2025-10-24 09:52:27 - INFO - [evaluate.py] - Phase boundary (1, 2) is not resolved
[36m(CaseRunnerActor pid=28851)[0m INFO:evaluate:Phase boundary (1, 2) is not resolved
[36m(CaseRunnerActor pid=28851)[0m INFO:P0:[run 0], measurements: 8/206, expense: 4.68e+03
[36m(CaseRunnerActor pid=28851)[0m INFO:P0:[run 0], Boundary distances : {(0, 1): 488.58793954669414, (1, 2): None}
[36m(CaseRunnerActor pid=28851)[0m INFO:P0:[run 0 iter 2] Process RSS:   1.83 GB | 
[36m(CaseRunnerActor pid=28852)[0m 2025-10-24 09:52:28 - INFO - [evaluate.py] - Boundary (0, 1): 1053 points
[36m(CaseRunnerActor pid=28852)[0m INFO:evaluate:Boundary (0, 1): 1053 points
[36m(CaseRunnerActor pid=28852)[0m /Users/knv2/Documents/codebase/AFL-tutorial/3DPhaseDiagram/benchmarking/evaluate.py:119: UserWarning: Some phase boundaries are not resolved...
[36m(CaseRunnerActor pid=28852)[0m   warnings.warn("Some phase boundaries are not resolved...")
[36m(CaseRunnerActor pid=28852)[0m 2025-10-24 09:52:28 - INFO - [evaluate.py] - Evaluating boundary (0, 1)
[36m(CaseRunnerActor pid=28852)[0m INFO:evaluate:Evaluating boundary (0, 1)
[36m(CaseRunnerActor pid=28852)[0m 2025-10-24 09:52:50 - INFO - [evaluate.py] - Evaluating boundary (1, 2)
[36m(CaseRunnerActor pid=28852)[0m INFO:evaluate:Evaluating boundary (1, 2)
[36m(CaseRunnerActor pid=28852)[0m 2025-10-24 09:52:50 - INFO - [evaluate.py] - Phase boundary (1, 2) is not resolved
[36m(CaseRunnerActor pid=28852)[0m INFO:evaluate:Phase boundary (1, 2) is not resolved
[36m(CaseRunnerActor pid=28852)[0m INFO:P5:[run 0], measurements: 16/206, expense: 6.02e+03
[36m(CaseRunnerActor pid=28852)[0m INFO:P5:[run 0], Boundary distances : {(0, 1): 872.3925120673739, (1, 2): None}
[36m(CaseRunnerActor pid=28852)[0m INFO:P5:[run 0 iter 2] Process RSS:   1.86 GB | 
[36m(CaseRunnerActor pid=28856)[0m 2025-10-24 09:52:52 - INFO - [evaluate.py] - Evaluating boundary (1, 2)
[36m(CaseRunnerActor pid=28856)[0m INFO:evaluate:Evaluating boundary (1, 2)
[36m(CaseRunnerActor pid=28856)[0m 2025-10-24 09:52:52 - INFO - [evaluate.py] - Phase boundary (1, 2) is not resolved
[36m(CaseRunnerActor pid=28856)[0m INFO:evaluate:Phase boundary (1, 2) is not resolved
[36m(CaseRunnerActor pid=28856)[0m INFO:P3:[run 0], measurements: 8/206, expense: 3.02e+03
[36m(CaseRunnerActor pid=28856)[0m INFO:P3:[run 0], Boundary distances : {(0, 1): 361.6565130090937, (1, 2): None}
[36m(CaseRunnerActor pid=28856)[0m INFO:P3:[run 0 iter 2] Process RSS:   1.84 GB | 
[36m(CaseRunnerActor pid=28851)[0m 2025-10-24 09:52:53 - INFO - [evaluate.py] - Boundary (0, 1): 1005 points
[36m(CaseRunnerActor pid=28851)[0m INFO:evaluate:Boundary (0, 1): 1005 points
[36m(CaseRunnerActor pid=28851)[0m /Users/knv2/Documents/codebase/AFL-tutorial/3DPhaseDiagram/benchmarking/evaluate.py:119: UserWarning: Some phase boundaries are not resolved...
[36m(CaseRunnerActor pid=28851)[0m   warnings.warn("Some phase boundaries are not resolved...")
[36m(CaseRunnerActor pid=28851)[0m 2025-10-24 09:52:53 - INFO - [evaluate.py] - Evaluating boundary (0, 1)
[36m(CaseRunnerActor pid=28851)[0m INFO:evaluate:Evaluating boundary (0, 1)
[36m(CaseRunnerActor pid=28852)[0m 2025-10-24 09:53:58 - INFO - [evaluate.py] - Boundary (0, 1): 1001 points
[36m(CaseRunnerActor pid=28852)[0m INFO:evaluate:Boundary (0, 1): 1001 points
[36m(CaseRunnerActor pid=28852)[0m /Users/knv2/Documents/codebase/AFL-tutorial/3DPhaseDiagram/benchmarking/evaluate.py:119: UserWarning: Some phase boundaries are not resolved...
[36m(CaseRunnerActor pid=28852)[0m   warnings.warn("Some phase boundaries are not resolved...")
[36m(CaseRunnerActor pid=28852)[0m 2025-10-24 09:53:58 - INFO - [evaluate.py] - Evaluating boundary (0, 1)
[36m(CaseRunnerActor pid=28852)[0m INFO:evaluate:Evaluating boundary (0, 1)
[36m(CaseRunnerActor pid=28851)[0m 2025-10-24 09:53:59 - INFO - [evaluate.py] - Evaluating boundary (1, 2)
[36m(CaseRunnerActor pid=28851)[0m INFO:evaluate:Evaluating boundary (1, 2)
[36m(CaseRunnerActor pid=28851)[0m 2025-10-24 09:53:59 - INFO - [evaluate.py] - Phase boundary (1, 2) is not resolved
[36m(CaseRunnerActor pid=28851)[0m INFO:evaluate:Phase boundary (1, 2) is not resolved
[36m(CaseRunnerActor pid=28851)[0m INFO:P0:[run 0], measurements: 9/206, expense: 6.28e+03
[36m(CaseRunnerActor pid=28851)[0m INFO:P0:[run 0], Boundary distances : {(0, 1): 323.23305214520565, (1, 2): None}
[36m(CaseRunnerActor pid=28851)[0m INFO:P0:[run 0 iter 3] Process RSS:   1.70 GB | 
[36m(CaseRunnerActor pid=28856)[0m 2025-10-24 09:54:01 - INFO - [evaluate.py] - Boundary (0, 1): 890 points
[36m(CaseRunnerActor pid=28856)[0m INFO:evaluate:Boundary (0, 1): 890 points
[36m(CaseRunnerActor pid=28856)[0m /Users/knv2/Documents/codebase/AFL-tutorial/3DPhaseDiagram/benchmarking/evaluate.py:119: UserWarning: Some phase boundaries are not resolved...
[36m(CaseRunnerActor pid=28856)[0m   warnings.warn("Some phase boundaries are not resolved...")
[36m(CaseRunnerActor pid=28856)[0m 2025-10-24 09:54:01 - INFO - [evaluate.py] - Evaluating boundary (0, 1)
[36m(CaseRunnerActor pid=28856)[0m INFO:evaluate:Evaluating boundary (0, 1)
[36m(CaseRunnerActor pid=28851)[0m 2025-10-24 09:54:15 - INFO - [evaluate.py] - Boundary (0, 1): 901 points
[36m(CaseRunnerActor pid=28851)[0m INFO:evaluate:Boundary (0, 1): 901 points
[36m(CaseRunnerActor pid=28851)[0m /Users/knv2/Documents/codebase/AFL-tutorial/3DPhaseDiagram/benchmarking/evaluate.py:119: UserWarning: Some phase boundaries are not resolved...
[36m(CaseRunnerActor pid=28851)[0m   warnings.warn("Some phase boundaries are not resolved...")
[36m(CaseRunnerActor pid=28851)[0m 2025-10-24 09:54:15 - INFO - [evaluate.py] - Evaluating boundary (0, 1)
[36m(CaseRunnerActor pid=28851)[0m INFO:evaluate:Evaluating boundary (0, 1)
[36m(CaseRunnerActor pid=28852)[0m 2025-10-24 09:54:22 - INFO - [evaluate.py] - Evaluating boundary (1, 2)
[36m(CaseRunnerActor pid=28852)[0m INFO:evaluate:Evaluating boundary (1, 2)
[36m(CaseRunnerActor pid=28852)[0m 2025-10-24 09:54:22 - INFO - [evaluate.py] - Phase boundary (1, 2) is not resolved
[36m(CaseRunnerActor pid=28852)[0m INFO:evaluate:Phase boundary (1, 2) is not resolved
[36m(CaseRunnerActor pid=28852)[0m INFO:P5:[run 0], measurements: 21/206, expense: 8.82e+03
[36m(CaseRunnerActor pid=28852)[0m INFO:P5:[run 0], Boundary distances : {(0, 1): 736.0244934962207, (1, 2): None}
[36m(CaseRunnerActor pid=28852)[0m INFO:P5:[run 0 iter 3] Process RSS:   1.71 GB | 
[36m(CaseRunnerActor pid=28856)[0m 2025-10-24 09:54:26 - INFO - [evaluate.py] - Evaluating boundary (1, 2)
[36m(CaseRunnerActor pid=28856)[0m INFO:evaluate:Evaluating boundary (1, 2)
[36m(CaseRunnerActor pid=28856)[0m 2025-10-24 09:54:26 - INFO - [evaluate.py] - Phase boundary (1, 2) is not resolved
[36m(CaseRunnerActor pid=28856)[0m INFO:evaluate:Phase boundary (1, 2) is not resolved
[36m(CaseRunnerActor pid=28856)[0m INFO:P3:[run 0], measurements: 9/206, expense: 3.83e+03
[36m(CaseRunnerActor pid=28856)[0m INFO:P3:[run 0], Boundary distances : {(0, 1): 437.87809777144673, (1, 2): None}
[36m(CaseRunnerActor pid=28856)[0m INFO:P3:[run 0 iter 3] Process RSS:   1.71 GB | 
[36m(CaseRunnerActor pid=28851)[0m 2025-10-24 09:54:27 - INFO - [evaluate.py] - Evaluating boundary (1, 2)
[36m(CaseRunnerActor pid=28851)[0m INFO:evaluate:Evaluating boundary (1, 2)
[36m(CaseRunnerActor pid=28851)[0m 2025-10-24 09:54:27 - INFO - [evaluate.py] - Phase boundary (1, 2) is not resolved
[36m(CaseRunnerActor pid=28851)[0m INFO:evaluate:Phase boundary (1, 2) is not resolved
[36m(CaseRunnerActor pid=28851)[0m INFO:P0:[run 0], measurements: 10/206, expense: 7.17e+03
[36m(CaseRunnerActor pid=28851)[0m INFO:P0:[run 0], Boundary distances : {(0, 1): 200.5377851638517, (1, 2): None}
[36m(CaseRunnerActor pid=28851)[0m INFO:P0:[run 0 iter 4] Process RSS:   1.57 GB | 
[36m(CaseRunnerActor pid=28851)[0m 2025-10-24 09:54:38 - INFO - [evaluate.py] - Boundary (0, 1): 920 points
[36m(CaseRunnerActor pid=28851)[0m INFO:evaluate:Boundary (0, 1): 920 points
[36m(CaseRunnerActor pid=28851)[0m /Users/knv2/Documents/codebase/AFL-tutorial/3DPhaseDiagram/benchmarking/evaluate.py:119: UserWarning: Some phase boundaries are not resolved...
[36m(CaseRunnerActor pid=28851)[0m   warnings.warn("Some phase boundaries are not resolved...")
[36m(CaseRunnerActor pid=28851)[0m 2025-10-24 09:54:38 - INFO - [evaluate.py] - Evaluating boundary (0, 1)
[36m(CaseRunnerActor pid=28851)[0m INFO:evaluate:Evaluating boundary (0, 1)
[36m(CaseRunnerActor pid=28852)[0m 2025-10-24 09:54:39 - INFO - [evaluate.py] - Boundary (0, 1): 906 points
[36m(CaseRunnerActor pid=28852)[0m INFO:evaluate:Boundary (0, 1): 906 points
[36m(CaseRunnerActor pid=28852)[0m 2025-10-24 09:54:39 - INFO - [evaluate.py] - Boundary (1, 2): 68 points
[36m(CaseRunnerActor pid=28852)[0m INFO:evaluate:Boundary (1, 2): 68 points
[36m(CaseRunnerActor pid=28852)[0m 2025-10-24 09:54:39 - INFO - [evaluate.py] - Evaluating boundary (0, 1)
[36m(CaseRunnerActor pid=28852)[0m INFO:evaluate:Evaluating boundary (0, 1)
[36m(CaseRunnerActor pid=28856)[0m 2025-10-24 09:54:53 - INFO - [evaluate.py] - Boundary (0, 1): 861 points
[36m(CaseRunnerActor pid=28856)[0m INFO:evaluate:Boundary (0, 1): 861 points
[36m(CaseRunnerActor pid=28856)[0m 2025-10-24 09:54:53 - INFO - [evaluate.py] - Boundary (1, 2): 133 points
[36m(CaseRunnerActor pid=28856)[0m INFO:evaluate:Boundary (1, 2): 133 points
[36m(CaseRunnerActor pid=28856)[0m 2025-10-24 09:54:53 - INFO - [evaluate.py] - Evaluating boundary (0, 1)
[36m(CaseRunnerActor pid=28856)[0m INFO:evaluate:Evaluating boundary (0, 1)
[36m(CaseRunnerActor pid=28851)[0m 2025-10-24 09:54:53 - INFO - [evaluate.py] - Evaluating boundary (1, 2)
[36m(CaseRunnerActor pid=28851)[0m INFO:evaluate:Evaluating boundary (1, 2)
[36m(CaseRunnerActor pid=28851)[0m 2025-10-24 09:54:53 - INFO - [evaluate.py] - Phase boundary (1, 2) is not resolved
[36m(CaseRunnerActor pid=28851)[0m INFO:evaluate:Phase boundary (1, 2) is not resolved
[36m(CaseRunnerActor pid=28851)[0m INFO:P0:[run 0], measurements: 11/206, expense: 8.18e+03
[36m(CaseRunnerActor pid=28851)[0m INFO:P0:[run 0], Boundary distances : {(0, 1): 324.5310317181114, (1, 2): None}
[36m(CaseRunnerActor pid=28851)[0m INFO:P0:[run 0 iter 5] Process RSS:   1.71 GB | 
[36m(CaseRunnerActor pid=28852)[0m 2025-10-24 09:54:56 - INFO - [evaluate.py] - Evaluating boundary (1, 2)
[36m(CaseRunnerActor pid=28852)[0m INFO:evaluate:Evaluating boundary (1, 2)
[36m(CaseRunnerActor pid=28852)[0m INFO:P5:[run 0], measurements: 26/206, expense: 1.16e+04
[36m(CaseRunnerActor pid=28852)[0m INFO:P5:[run 0], Boundary distances : {(0, 1): 341.41802985120756, (1, 2): 556.302357168028}
[36m(CaseRunnerActor pid=28852)[0m INFO:P5:[run 0 iter 4] Process RSS:   2.00 GB | 
[36m(CaseRunnerActor pid=28851)[0m 2025-10-24 09:55:06 - INFO - [evaluate.py] - Boundary (0, 1): 1017 points
[36m(CaseRunnerActor pid=28851)[0m INFO:evaluate:Boundary (0, 1): 1017 points
[36m(CaseRunnerActor pid=28851)[0m /Users/knv2/Documents/codebase/AFL-tutorial/3DPhaseDiagram/benchmarking/evaluate.py:119: UserWarning: Some phase boundaries are not resolved...
[36m(CaseRunnerActor pid=28851)[0m   warnings.warn("Some phase boundaries are not resolved...")
[36m(CaseRunnerActor pid=28851)[0m 2025-10-24 09:55:06 - INFO - [evaluate.py] - Evaluating boundary (0, 1)
[36m(CaseRunnerActor pid=28851)[0m INFO:evaluate:Evaluating boundary (0, 1)
[36m(CaseRunnerActor pid=28856)[0m 2025-10-24 09:55:18 - INFO - [evaluate.py] - Evaluating boundary (1, 2)
[36m(CaseRunnerActor pid=28856)[0m INFO:evaluate:Evaluating boundary (1, 2)
[36m(CaseRunnerActor pid=28851)[0m 2025-10-24 09:55:18 - INFO - [evaluate.py] - Evaluating boundary (1, 2)
[36m(CaseRunnerActor pid=28851)[0m INFO:evaluate:Evaluating boundary (1, 2)
[36m(CaseRunnerActor pid=28851)[0m 2025-10-24 09:55:18 - INFO - [evaluate.py] - Phase boundary (1, 2) is not resolved
[36m(CaseRunnerActor pid=28851)[0m INFO:evaluate:Phase boundary (1, 2) is not resolved
[36m(CaseRunnerActor pid=28851)[0m INFO:P0:[run 0], measurements: 12/206, expense: 8.87e+03
[36m(CaseRunnerActor pid=28851)[0m INFO:P0:[run 0], Boundary distances : {(0, 1): 163.66451636175265, (1, 2): None}
[36m(CaseRunnerActor pid=28851)[0m INFO:P0:[run 0 iter 6] Process RSS:   1.71 GB | 
[36m(CaseRunnerActor pid=28852)[0m 2025-10-24 09:55:25 - INFO - [evaluate.py] - Boundary (0, 1): 893 points
[36m(CaseRunnerActor pid=28852)[0m INFO:evaluate:Boundary (0, 1): 893 points
[36m(CaseRunnerActor pid=28852)[0m 2025-10-24 09:55:25 - INFO - [evaluate.py] - Boundary (1, 2): 261 points
[36m(CaseRunnerActor pid=28852)[0m INFO:evaluate:Boundary (1, 2): 261 points
[36m(CaseRunnerActor pid=28852)[0m 2025-10-24 09:55:25 - INFO - [evaluate.py] - Evaluating boundary (0, 1)
[36m(CaseRunnerActor pid=28852)[0m INFO:evaluate:Evaluating boundary (0, 1)
[36m(CaseRunnerActor pid=28851)[0m 2025-10-24 09:55:32 - INFO - [evaluate.py] - Boundary (0, 1): 999 points
[36m(CaseRunnerActor pid=28851)[0m INFO:evaluate:Boundary (0, 1): 999 points
[36m(CaseRunnerActor pid=28851)[0m /Users/knv2/Documents/codebase/AFL-tutorial/3DPhaseDiagram/benchmarking/evaluate.py:119: UserWarning: Some phase boundaries are not resolved...
[36m(CaseRunnerActor pid=28851)[0m   warnings.warn("Some phase boundaries are not resolved...")
[36m(CaseRunnerActor pid=28851)[0m 2025-10-24 09:55:32 - INFO - [evaluate.py] - Evaluating boundary (0, 1)
[36m(CaseRunnerActor pid=28851)[0m INFO:evaluate:Evaluating boundary (0, 1)
[36m(CaseRunnerActor pid=28856)[0m INFO:P3:[run 0], measurements: 12/206, expense: 4.73e+03
[36m(CaseRunnerActor pid=28856)[0m INFO:P3:[run 0], Boundary distances : {(0, 1): 469.04701136878685, (1, 2): 382.95759484029617}
[36m(CaseRunnerActor pid=28856)[0m INFO:P3:[run 0 iter 4] Process RSS:   1.73 GB | 
[36m(CaseRunnerActor pid=28852)[0m 2025-10-24 10:12:08 - INFO - [evaluate.py] - Evaluating boundary (1, 2)
[36m(CaseRunnerActor pid=28852)[0m INFO:evaluate:Evaluating boundary (1, 2)
[36m(CaseRunnerActor pid=28851)[0m 2025-10-24 10:12:20 - INFO - [evaluate.py] - Evaluating boundary (1, 2)
[36m(CaseRunnerActor pid=28851)[0m INFO:evaluate:Evaluating boundary (1, 2)
[36m(CaseRunnerActor pid=28851)[0m 2025-10-24 10:12:20 - INFO - [evaluate.py] - Phase boundary (1, 2) is not resolved
[36m(CaseRunnerActor pid=28851)[0m INFO:evaluate:Phase boundary (1, 2) is not resolved
[36m(CaseRunnerActor pid=28851)[0m INFO:P0:[run 0], measurements: 13/206, expense: 9.76e+03
[36m(CaseRunnerActor pid=28851)[0m INFO:P0:[run 0], Boundary distances : {(0, 1): 214.35664835660265, (1, 2): None}
[36m(CaseRunnerActor pid=28851)[0m INFO:P0:[run 0 iter 7] Process RSS:   1.71 GB | 
[36m(CaseRunnerActor pid=28856)[0m 2025-10-24 10:12:24 - INFO - [evaluate.py] - Boundary (0, 1): 801 points
[36m(CaseRunnerActor pid=28856)[0m INFO:evaluate:Boundary (0, 1): 801 points
[36m(CaseRunnerActor pid=28856)[0m 2025-10-24 10:12:24 - INFO - [evaluate.py] - Boundary (1, 2): 1210 points
[36m(CaseRunnerActor pid=28856)[0m INFO:evaluate:Boundary (1, 2): 1210 points
[36m(CaseRunnerActor pid=28856)[0m 2025-10-24 10:12:24 - INFO - [evaluate.py] - Boundary (0, 2): 48 points
[36m(CaseRunnerActor pid=28856)[0m INFO:evaluate:Boundary (0, 2): 48 points
[36m(CaseRunnerActor pid=28856)[0m /Users/knv2/Documents/codebase/AFL-tutorial/3DPhaseDiagram/benchmarking/evaluate.py:119: UserWarning: Some phase boundaries are not resolved...
[36m(CaseRunnerActor pid=28856)[0m   warnings.warn("Some phase boundaries are not resolved...")
[36m(CaseRunnerActor pid=28856)[0m 2025-10-24 10:12:24 - INFO - [evaluate.py] - Evaluating boundary (0, 1)
[36m(CaseRunnerActor pid=28856)[0m INFO:evaluate:Evaluating boundary (0, 1)
[36m(CaseRunnerActor pid=28852)[0m INFO:P5:[run 0], measurements: 31/206, expense: 1.42e+04
[36m(CaseRunnerActor pid=28852)[0m INFO:P5:[run 0], Boundary distances : {(0, 1): 233.4056283785605, (1, 2): 143.95005853237572}
[36m(CaseRunnerActor pid=28852)[0m INFO:P5:[run 0 iter 5] Process RSS:   2.00 GB | 
[36m(CaseRunnerActor pid=28856)[0m 2025-10-24 10:12:37 - INFO - [evaluate.py] - Evaluating boundary (1, 2)
[36m(CaseRunnerActor pid=28856)[0m INFO:evaluate:Evaluating boundary (1, 2)
[36m(CaseRunnerActor pid=28851)[0m 2025-10-24 10:12:38 - INFO - [evaluate.py] - Boundary (0, 1): 1147 points
[36m(CaseRunnerActor pid=28851)[0m INFO:evaluate:Boundary (0, 1): 1147 points
[36m(CaseRunnerActor pid=28851)[0m /Users/knv2/Documents/codebase/AFL-tutorial/3DPhaseDiagram/benchmarking/evaluate.py:119: UserWarning: Some phase boundaries are not resolved...
[36m(CaseRunnerActor pid=28851)[0m   warnings.warn("Some phase boundaries are not resolved...")
[36m(CaseRunnerActor pid=28851)[0m 2025-10-24 10:12:38 - INFO - [evaluate.py] - Evaluating boundary (0, 1)
[36m(CaseRunnerActor pid=28851)[0m INFO:evaluate:Evaluating boundary (0, 1)
[36m(CaseRunnerActor pid=28852)[0m 2025-10-24 10:12:50 - INFO - [evaluate.py] - Boundary (0, 1): 878 points
[36m(CaseRunnerActor pid=28852)[0m INFO:evaluate:Boundary (0, 1): 878 points
[36m(CaseRunnerActor pid=28852)[0m 2025-10-24 10:12:50 - INFO - [evaluate.py] - Boundary (1, 2): 426 points
[36m(CaseRunnerActor pid=28852)[0m INFO:evaluate:Boundary (1, 2): 426 points
[36m(CaseRunnerActor pid=28852)[0m 2025-10-24 10:12:50 - INFO - [evaluate.py] - Evaluating boundary (0, 1)
[36m(CaseRunnerActor pid=28852)[0m INFO:evaluate:Evaluating boundary (0, 1)
[36m(CaseRunnerActor pid=28856)[0m INFO:P3:[run 0], measurements: 15/206, expense: 5.55e+03
[36m(CaseRunnerActor pid=28856)[0m INFO:P3:[run 0], Boundary distances : {(0, 1): 497.53259851381745, (1, 2): 336.2094179537668}
[36m(CaseRunnerActor pid=28856)[0m INFO:P3:[run 0 iter 5] Process RSS:   1.76 GB | 
[36m(CaseRunnerActor pid=28852)[0m 2025-10-24 10:13:05 - INFO - [evaluate.py] - Evaluating boundary (1, 2)
[36m(CaseRunnerActor pid=28852)[0m INFO:evaluate:Evaluating boundary (1, 2)
[36m(CaseRunnerActor pid=28851)[0m 2025-10-24 10:13:05 - INFO - [evaluate.py] - Evaluating boundary (1, 2)
[36m(CaseRunnerActor pid=28851)[0m INFO:evaluate:Evaluating boundary (1, 2)
[36m(CaseRunnerActor pid=28851)[0m 2025-10-24 10:13:05 - INFO - [evaluate.py] - Phase boundary (1, 2) is not resolved
[36m(CaseRunnerActor pid=28851)[0m INFO:evaluate:Phase boundary (1, 2) is not resolved
[36m(CaseRunnerActor pid=28851)[0m INFO:P0:[run 0], measurements: 14/206, expense: 1.02e+04
[36m(CaseRunnerActor pid=28851)[0m INFO:P0:[run 0], Boundary distances : {(0, 1): 527.7077158733018, (1, 2): None}
[36m(CaseRunnerActor pid=28851)[0m INFO:P0:[run 0 iter 8] Process RSS:   1.73 GB | 
[36m(CaseRunnerActor pid=28851)[0m 2025-10-24 10:13:18 - INFO - [evaluate.py] - Boundary (0, 1): 1012 points
[36m(CaseRunnerActor pid=28851)[0m INFO:evaluate:Boundary (0, 1): 1012 points
[36m(CaseRunnerActor pid=28851)[0m /Users/knv2/Documents/codebase/AFL-tutorial/3DPhaseDiagram/benchmarking/evaluate.py:119: UserWarning: Some phase boundaries are not resolved...
[36m(CaseRunnerActor pid=28851)[0m   warnings.warn("Some phase boundaries are not resolved...")
[36m(CaseRunnerActor pid=28851)[0m 2025-10-24 10:13:18 - INFO - [evaluate.py] - Evaluating boundary (0, 1)
[36m(CaseRunnerActor pid=28851)[0m INFO:evaluate:Evaluating boundary (0, 1)
[36m(CaseRunnerActor pid=28852)[0m INFO:P5:[run 0], measurements: 36/206, expense: 1.69e+04
[36m(CaseRunnerActor pid=28852)[0m INFO:P5:[run 0], Boundary distances : {(0, 1): 177.30976673310883, (1, 2): 58.13885820675945}
[36m(CaseRunnerActor pid=28852)[0m INFO:P5:[run 0 iter 6] Process RSS:   2.14 GB | 
[36m(CaseRunnerActor pid=28856)[0m 2025-10-24 10:13:19 - INFO - [evaluate.py] - Boundary (1, 2): 825 points
[36m(CaseRunnerActor pid=28856)[0m INFO:evaluate:Boundary (1, 2): 825 points
[36m(CaseRunnerActor pid=28856)[0m 2025-10-24 10:13:19 - INFO - [evaluate.py] - Boundary (0, 1): 299 points
[36m(CaseRunnerActor pid=28856)[0m INFO:evaluate:Boundary (0, 1): 299 points
[36m(CaseRunnerActor pid=28856)[0m 2025-10-24 10:13:19 - INFO - [evaluate.py] - Evaluating boundary (0, 1)
[36m(CaseRunnerActor pid=28856)[0m INFO:evaluate:Evaluating boundary (0, 1)
[36m(CaseRunnerActor pid=28856)[0m 2025-10-24 10:13:33 - INFO - [evaluate.py] - Evaluating boundary (1, 2)
[36m(CaseRunnerActor pid=28856)[0m INFO:evaluate:Evaluating boundary (1, 2)
[36m(CaseRunnerActor pid=28851)[0m 2025-10-24 10:13:38 - INFO - [evaluate.py] - Evaluating boundary (1, 2)
[36m(CaseRunnerActor pid=28851)[0m INFO:evaluate:Evaluating boundary (1, 2)
[36m(CaseRunnerActor pid=28851)[0m 2025-10-24 10:13:38 - INFO - [evaluate.py] - Phase boundary (1, 2) is not resolved
[36m(CaseRunnerActor pid=28851)[0m INFO:evaluate:Phase boundary (1, 2) is not resolved
[36m(CaseRunnerActor pid=28851)[0m INFO:P0:[run 0], measurements: 15/206, expense: 1.10e+04
[36m(CaseRunnerActor pid=28851)[0m INFO:P0:[run 0], Boundary distances : {(0, 1): 266.3867536900214, (1, 2): None}
[36m(CaseRunnerActor pid=28851)[0m INFO:P0:[run 0 iter 9] Process RSS:   1.71 GB | 
[36m(CaseRunnerActor pid=28852)[0m 2025-10-24 10:13:50 - INFO - [evaluate.py] - Boundary (0, 1): 878 points
[36m(CaseRunnerActor pid=28852)[0m INFO:evaluate:Boundary (0, 1): 878 points
[36m(CaseRunnerActor pid=28852)[0m 2025-10-24 10:13:50 - INFO - [evaluate.py] - Boundary (1, 2): 503 points
[36m(CaseRunnerActor pid=28852)[0m INFO:evaluate:Boundary (1, 2): 503 points
[36m(CaseRunnerActor pid=28852)[0m 2025-10-24 10:13:50 - INFO - [evaluate.py] - Evaluating boundary (0, 1)
[36m(CaseRunnerActor pid=28852)[0m INFO:evaluate:Evaluating boundary (0, 1)
[36m(CaseRunnerActor pid=28851)[0m 2025-10-24 10:13:59 - INFO - [evaluate.py] - Boundary (0, 1): 873 points
[36m(CaseRunnerActor pid=28851)[0m INFO:evaluate:Boundary (0, 1): 873 points
[36m(CaseRunnerActor pid=28851)[0m /Users/knv2/Documents/codebase/AFL-tutorial/3DPhaseDiagram/benchmarking/evaluate.py:119: UserWarning: Some phase boundaries are not resolved...
[36m(CaseRunnerActor pid=28851)[0m   warnings.warn("Some phase boundaries are not resolved...")
[36m(CaseRunnerActor pid=28851)[0m 2025-10-24 10:13:59 - INFO - [evaluate.py] - Evaluating boundary (0, 1)
[36m(CaseRunnerActor pid=28851)[0m INFO:evaluate:Evaluating boundary (0, 1)
[36m(CaseRunnerActor pid=28856)[0m INFO:P3:[run 0], measurements: 18/206, expense: 7.03e+03
[36m(CaseRunnerActor pid=28856)[0m INFO:P3:[run 0], Boundary distances : {(0, 1): 295.90100291700605, (1, 2): 144.42451245357702}
[36m(CaseRunnerActor pid=28856)[0m INFO:P3:[run 0 iter 6] Process RSS:   1.74 GB | 
[36m(CaseRunnerActor pid=28852)[0m 2025-10-24 10:14:14 - INFO - [evaluate.py] - Evaluating boundary (1, 2)
[36m(CaseRunnerActor pid=28852)[0m INFO:evaluate:Evaluating boundary (1, 2)
[36m(CaseRunnerActor pid=28851)[0m 2025-10-24 10:14:25 - INFO - [evaluate.py] - Evaluating boundary (1, 2)
[36m(CaseRunnerActor pid=28851)[0m INFO:evaluate:Evaluating boundary (1, 2)
[36m(CaseRunnerActor pid=28851)[0m 2025-10-24 10:14:25 - INFO - [evaluate.py] - Phase boundary (1, 2) is not resolved
[36m(CaseRunnerActor pid=28851)[0m INFO:evaluate:Phase boundary (1, 2) is not resolved
[36m(CaseRunnerActor pid=28851)[0m INFO:P0:[run 0], measurements: 16/206, expense: 1.22e+04
[36m(CaseRunnerActor pid=28851)[0m INFO:P0:[run 0], Boundary distances : {(0, 1): 177.9591587293557, (1, 2): None}
[36m(CaseRunnerActor pid=28851)[0m INFO:P0:[run 0 iter 10] Process RSS:   1.71 GB | 
[36m(CaseRunnerActor pid=28856)[0m 2025-10-24 10:14:31 - INFO - [evaluate.py] - Boundary (1, 2): 691 points
[36m(CaseRunnerActor pid=28856)[0m INFO:evaluate:Boundary (1, 2): 691 points
[36m(CaseRunnerActor pid=28856)[0m /Users/knv2/Documents/codebase/AFL-tutorial/3DPhaseDiagram/benchmarking/evaluate.py:119: UserWarning: Some phase boundaries are not resolved...
[36m(CaseRunnerActor pid=28856)[0m   warnings.warn("Some phase boundaries are not resolved...")
[36m(CaseRunnerActor pid=28856)[0m 2025-10-24 10:14:31 - INFO - [evaluate.py] - Evaluating boundary (0, 1)
[36m(CaseRunnerActor pid=28856)[0m INFO:evaluate:Evaluating boundary (0, 1)
[36m(CaseRunnerActor pid=28856)[0m 2025-10-24 10:14:31 - INFO - [evaluate.py] - Phase boundary (0, 1) is not resolved
[36m(CaseRunnerActor pid=28856)[0m INFO:evaluate:Phase boundary (0, 1) is not resolved
[36m(CaseRunnerActor pid=28856)[0m 2025-10-24 10:14:31 - INFO - [evaluate.py] - Evaluating boundary (1, 2)
[36m(CaseRunnerActor pid=28856)[0m INFO:evaluate:Evaluating boundary (1, 2)
[36m(CaseRunnerActor pid=28852)[0m INFO:P5:[run 0], measurements: 41/206, expense: 1.91e+04
[36m(CaseRunnerActor pid=28852)[0m INFO:P5:[run 0], Boundary distances : {(0, 1): 162.113095446578, (1, 2): 46.54438289370014}
[36m(CaseRunnerActor pid=28852)[0m INFO:P5:[run 0 iter 7] Process RSS:   1.87 GB | 
[36m(CaseRunnerActor pid=28851)[0m 2025-10-24 10:14:50 - INFO - [evaluate.py] - Boundary (0, 1): 863 points
[36m(CaseRunnerActor pid=28851)[0m INFO:evaluate:Boundary (0, 1): 863 points
[36m(CaseRunnerActor pid=28851)[0m /Users/knv2/Documents/codebase/AFL-tutorial/3DPhaseDiagram/benchmarking/evaluate.py:119: UserWarning: Some phase boundaries are not resolved...
[36m(CaseRunnerActor pid=28851)[0m   warnings.warn("Some phase boundaries are not resolved...")
[36m(CaseRunnerActor pid=28851)[0m 2025-10-24 10:14:50 - INFO - [evaluate.py] - Evaluating boundary (0, 1)
[36m(CaseRunnerActor pid=28851)[0m INFO:evaluate:Evaluating boundary (0, 1)
[36m(CaseRunnerActor pid=28856)[0m INFO:P3:[run 0], measurements: 21/206, expense: 8.56e+03
[36m(CaseRunnerActor pid=28856)[0m INFO:P3:[run 0], Boundary distances : {(0, 1): None, (1, 2): 163.18999644800533}
[36m(CaseRunnerActor pid=28856)[0m INFO:P3:[run 0 iter 7] Process RSS:   2.00 GB | 
[36m(CaseRunnerActor pid=28851)[0m 2025-10-24 10:15:02 - INFO - [evaluate.py] - Evaluating boundary (1, 2)
[36m(CaseRunnerActor pid=28851)[0m INFO:evaluate:Evaluating boundary (1, 2)
[36m(CaseRunnerActor pid=28851)[0m 2025-10-24 10:15:02 - INFO - [evaluate.py] - Phase boundary (1, 2) is not resolved
[36m(CaseRunnerActor pid=28851)[0m INFO:evaluate:Phase boundary (1, 2) is not resolved
[36m(CaseRunnerActor pid=28851)[0m INFO:P0:[run 0], measurements: 17/206, expense: 1.25e+04
[36m(CaseRunnerActor pid=28851)[0m INFO:P0:[run 0], Boundary distances : {(0, 1): 293.03468999387434, (1, 2): None}
[36m(CaseRunnerActor pid=28851)[0m INFO:P0:[run 0 iter 11] Process RSS:   1.71 GB | 
[36m(CaseRunnerActor pid=28852)[0m 2025-10-24 10:15:17 - INFO - [evaluate.py] - Boundary (0, 1): 875 points
[36m(CaseRunnerActor pid=28852)[0m INFO:evaluate:Boundary (0, 1): 875 points
[36m(CaseRunnerActor pid=28852)[0m 2025-10-24 10:15:17 - INFO - [evaluate.py] - Boundary (1, 2): 459 points
[36m(CaseRunnerActor pid=28852)[0m INFO:evaluate:Boundary (1, 2): 459 points
[36m(CaseRunnerActor pid=28852)[0m 2025-10-24 10:15:17 - INFO - [evaluate.py] - Evaluating boundary (0, 1)
[36m(CaseRunnerActor pid=28852)[0m INFO:evaluate:Evaluating boundary (0, 1)
[36m(CaseRunnerActor pid=28851)[0m 2025-10-24 10:15:23 - INFO - [evaluate.py] - Boundary (0, 1): 979 points
[36m(CaseRunnerActor pid=28851)[0m INFO:evaluate:Boundary (0, 1): 979 points
[36m(CaseRunnerActor pid=28851)[0m /Users/knv2/Documents/codebase/AFL-tutorial/3DPhaseDiagram/benchmarking/evaluate.py:119: UserWarning: Some phase boundaries are not resolved...
[36m(CaseRunnerActor pid=28851)[0m   warnings.warn("Some phase boundaries are not resolved...")
[36m(CaseRunnerActor pid=28851)[0m 2025-10-24 10:15:23 - INFO - [evaluate.py] - Evaluating boundary (0, 1)
[36m(CaseRunnerActor pid=28851)[0m INFO:evaluate:Evaluating boundary (0, 1)
[36m(CaseRunnerActor pid=28856)[0m 2025-10-24 10:15:23 - INFO - [evaluate.py] - Boundary (1, 2): 660 points
[36m(CaseRunnerActor pid=28856)[0m INFO:evaluate:Boundary (1, 2): 660 points
[36m(CaseRunnerActor pid=28856)[0m 2025-10-24 10:15:23 - INFO - [evaluate.py] - Boundary (0, 1): 364 points
[36m(CaseRunnerActor pid=28856)[0m INFO:evaluate:Boundary (0, 1): 364 points
[36m(CaseRunnerActor pid=28856)[0m 2025-10-24 10:15:23 - INFO - [evaluate.py] - Evaluating boundary (0, 1)
[36m(CaseRunnerActor pid=28856)[0m INFO:evaluate:Evaluating boundary (0, 1)
[36m(CaseRunnerActor pid=28852)[0m 2025-10-24 10:15:31 - INFO - [evaluate.py] - Evaluating boundary (1, 2)
[36m(CaseRunnerActor pid=28852)[0m INFO:evaluate:Evaluating boundary (1, 2)
[36m(CaseRunnerActor pid=28856)[0m 2025-10-24 10:15:32 - INFO - [evaluate.py] - Evaluating boundary (1, 2)
[36m(CaseRunnerActor pid=28856)[0m INFO:evaluate:Evaluating boundary (1, 2)
[36m(CaseRunnerActor pid=28856)[0m INFO:P3:[run 0], measurements: 24/206, expense: 1.05e+04
[36m(CaseRunnerActor pid=28856)[0m INFO:P3:[run 0], Boundary distances : {(0, 1): 371.7538065012939, (1, 2): 124.87765469478347}
[36m(CaseRunnerActor pid=28856)[0m INFO:P3:[run 0 iter 8] Process RSS:   2.12 GB | 
[36m(CaseRunnerActor pid=28852)[0m INFO:P5:[run 0], measurements: 46/206, expense: 2.18e+04
[36m(CaseRunnerActor pid=28852)[0m INFO:P5:[run 0], Boundary distances : {(0, 1): 143.6196466252444, (1, 2): 55.94623588187976}
[36m(CaseRunnerActor pid=28852)[0m INFO:P5:[run 0 iter 8] Process RSS:   2.12 GB | 
[36m(CaseRunnerActor pid=28851)[0m 2025-10-24 10:15:57 - INFO - [evaluate.py] - Evaluating boundary (1, 2)
[36m(CaseRunnerActor pid=28851)[0m INFO:evaluate:Evaluating boundary (1, 2)
[36m(CaseRunnerActor pid=28851)[0m 2025-10-24 10:15:57 - INFO - [evaluate.py] - Phase boundary (1, 2) is not resolved
[36m(CaseRunnerActor pid=28851)[0m INFO:evaluate:Phase boundary (1, 2) is not resolved
[36m(CaseRunnerActor pid=28851)[0m INFO:P0:[run 0], measurements: 18/206, expense: 1.27e+04
[36m(CaseRunnerActor pid=28851)[0m INFO:P0:[run 0], Boundary distances : {(0, 1): 570.3538203748584, (1, 2): None}
[36m(CaseRunnerActor pid=28851)[0m INFO:P0:[run 0 iter 12] Process RSS:   1.56 GB | 
[36m(CaseRunnerActor pid=28856)[0m 2025-10-24 10:16:19 - INFO - [evaluate.py] - Boundary (1, 2): 604 points
[36m(CaseRunnerActor pid=28856)[0m INFO:evaluate:Boundary (1, 2): 604 points
[36m(CaseRunnerActor pid=28856)[0m /Users/knv2/Documents/codebase/AFL-tutorial/3DPhaseDiagram/benchmarking/evaluate.py:119: UserWarning: Some phase boundaries are not resolved...
[36m(CaseRunnerActor pid=28856)[0m   warnings.warn("Some phase boundaries are not resolved...")
[36m(CaseRunnerActor pid=28856)[0m 2025-10-24 10:16:19 - INFO - [evaluate.py] - Evaluating boundary (0, 1)
[36m(CaseRunnerActor pid=28856)[0m INFO:evaluate:Evaluating boundary (0, 1)
[36m(CaseRunnerActor pid=28856)[0m 2025-10-24 10:16:19 - INFO - [evaluate.py] - Phase boundary (0, 1) is not resolved
[36m(CaseRunnerActor pid=28856)[0m INFO:evaluate:Phase boundary (0, 1) is not resolved
[36m(CaseRunnerActor pid=28856)[0m 2025-10-24 10:16:19 - INFO - [evaluate.py] - Evaluating boundary (1, 2)
[36m(CaseRunnerActor pid=28856)[0m INFO:evaluate:Evaluating boundary (1, 2)
[36m(CaseRunnerActor pid=28851)[0m 2025-10-24 10:16:22 - INFO - [evaluate.py] - Boundary (0, 1): 940 points
[36m(CaseRunnerActor pid=28851)[0m INFO:evaluate:Boundary (0, 1): 940 points
[36m(CaseRunnerActor pid=28851)[0m /Users/knv2/Documents/codebase/AFL-tutorial/3DPhaseDiagram/benchmarking/evaluate.py:119: UserWarning: Some phase boundaries are not resolved...
[36m(CaseRunnerActor pid=28851)[0m   warnings.warn("Some phase boundaries are not resolved...")
[36m(CaseRunnerActor pid=28851)[0m 2025-10-24 10:16:22 - INFO - [evaluate.py] - Evaluating boundary (0, 1)
[36m(CaseRunnerActor pid=28851)[0m INFO:evaluate:Evaluating boundary (0, 1)
[36m(CaseRunnerActor pid=28856)[0m INFO:P3:[run 0], measurements: 27/206, expense: 1.23e+04
[36m(CaseRunnerActor pid=28856)[0m INFO:P3:[run 0], Boundary distances : {(0, 1): None, (1, 2): 94.56097508989328}
[36m(CaseRunnerActor pid=28856)[0m INFO:P3:[run 0 iter 9] Process RSS:   1.74 GB | 
[36m(CaseRunnerActor pid=28851)[0m 2025-10-24 10:16:41 - INFO - [evaluate.py] - Evaluating boundary (1, 2)
[36m(CaseRunnerActor pid=28851)[0m INFO:evaluate:Evaluating boundary (1, 2)
[36m(CaseRunnerActor pid=28851)[0m 2025-10-24 10:16:41 - INFO - [evaluate.py] - Phase boundary (1, 2) is not resolved
[36m(CaseRunnerActor pid=28851)[0m INFO:evaluate:Phase boundary (1, 2) is not resolved
[36m(CaseRunnerActor pid=28851)[0m INFO:P0:[run 0], measurements: 19/206, expense: 1.32e+04
[36m(CaseRunnerActor pid=28851)[0m INFO:P0:[run 0], Boundary distances : {(0, 1): 288.7428028024369, (1, 2): None}
[36m(CaseRunnerActor pid=28851)[0m INFO:P0:[run 0 iter 13] Process RSS:   1.69 GB | 
[36m(CaseRunnerActor pid=28852)[0m 2025-10-24 10:16:43 - INFO - [evaluate.py] - Boundary (0, 1): 933 points
[36m(CaseRunnerActor pid=28852)[0m INFO:evaluate:Boundary (0, 1): 933 points
[36m(CaseRunnerActor pid=28852)[0m 2025-10-24 10:16:43 - INFO - [evaluate.py] - Boundary (1, 2): 402 points
[36m(CaseRunnerActor pid=28852)[0m INFO:evaluate:Boundary (1, 2): 402 points
[36m(CaseRunnerActor pid=28852)[0m 2025-10-24 10:16:43 - INFO - [evaluate.py] - Evaluating boundary (0, 1)
[36m(CaseRunnerActor pid=28852)[0m INFO:evaluate:Evaluating boundary (0, 1)
[36m(CaseRunnerActor pid=28852)[0m 2025-10-24 10:16:59 - INFO - [evaluate.py] - Evaluating boundary (1, 2)
[36m(CaseRunnerActor pid=28852)[0m INFO:evaluate:Evaluating boundary (1, 2)
[36m(CaseRunnerActor pid=28851)[0m 2025-10-24 10:17:03 - INFO - [evaluate.py] - Boundary (0, 1): 895 points
[36m(CaseRunnerActor pid=28851)[0m INFO:evaluate:Boundary (0, 1): 895 points
[36m(CaseRunnerActor pid=28851)[0m /Users/knv2/Documents/codebase/AFL-tutorial/3DPhaseDiagram/benchmarking/evaluate.py:119: UserWarning: Some phase boundaries are not resolved...
[36m(CaseRunnerActor pid=28851)[0m   warnings.warn("Some phase boundaries are not resolved...")
[36m(CaseRunnerActor pid=28851)[0m 2025-10-24 10:17:03 - INFO - [evaluate.py] - Evaluating boundary (0, 1)
[36m(CaseRunnerActor pid=28851)[0m INFO:evaluate:Evaluating boundary (0, 1)
[36m(CaseRunnerActor pid=28852)[0m INFO:P5:[run 0], measurements: 51/206, expense: 2.46e+04
[36m(CaseRunnerActor pid=28852)[0m INFO:P5:[run 0], Boundary distances : {(0, 1): 145.45753701150437, (1, 2): 108.76505557287119}
[36m(CaseRunnerActor pid=28852)[0m INFO:P5:[run 0 iter 9] Process RSS:   1.82 GB | 
[36m(CaseRunnerActor pid=28856)[0m 2025-10-24 10:17:31 - INFO - [evaluate.py] - Boundary (1, 2): 560 points
[36m(CaseRunnerActor pid=28856)[0m INFO:evaluate:Boundary (1, 2): 560 points
[36m(CaseRunnerActor pid=28856)[0m /Users/knv2/Documents/codebase/AFL-tutorial/3DPhaseDiagram/benchmarking/evaluate.py:119: UserWarning: Some phase boundaries are not resolved...
[36m(CaseRunnerActor pid=28856)[0m   warnings.warn("Some phase boundaries are not resolved...")
[36m(CaseRunnerActor pid=28856)[0m 2025-10-24 10:17:31 - INFO - [evaluate.py] - Evaluating boundary (0, 1)
[36m(CaseRunnerActor pid=28856)[0m INFO:evaluate:Evaluating boundary (0, 1)
[36m(CaseRunnerActor pid=28856)[0m 2025-10-24 10:17:31 - INFO - [evaluate.py] - Phase boundary (0, 1) is not resolved
[36m(CaseRunnerActor pid=28856)[0m INFO:evaluate:Phase boundary (0, 1) is not resolved
[36m(CaseRunnerActor pid=28856)[0m 2025-10-24 10:17:31 - INFO - [evaluate.py] - Evaluating boundary (1, 2)
[36m(CaseRunnerActor pid=28856)[0m INFO:evaluate:Evaluating boundary (1, 2)
[36m(CaseRunnerActor pid=28851)[0m 2025-10-24 10:17:34 - INFO - [evaluate.py] - Evaluating boundary (1, 2)
[36m(CaseRunnerActor pid=28851)[0m INFO:evaluate:Evaluating boundary (1, 2)
[36m(CaseRunnerActor pid=28851)[0m 2025-10-24 10:17:34 - INFO - [evaluate.py] - Phase boundary (1, 2) is not resolved
[36m(CaseRunnerActor pid=28851)[0m INFO:evaluate:Phase boundary (1, 2) is not resolved
[36m(CaseRunnerActor pid=28851)[0m INFO:P0:[run 0], measurements: 20/206, expense: 1.39e+04
[36m(CaseRunnerActor pid=28851)[0m INFO:P0:[run 0], Boundary distances : {(0, 1): 168.33757911066436, (1, 2): None}
[36m(CaseRunnerActor pid=28851)[0m INFO:P0:[run 0 iter 14] Process RSS:   1.69 GB | 
[36m(CaseRunnerActor pid=28856)[0m INFO:P3:[run 0], measurements: 30/206, expense: 1.38e+04
[36m(CaseRunnerActor pid=28856)[0m INFO:P3:[run 0], Boundary distances : {(0, 1): None, (1, 2): 70.79281784006258}
[36m(CaseRunnerActor pid=28856)[0m INFO:P3:[run 0 iter 10] Process RSS:   1.97 GB | 
[36m(CaseRunnerActor pid=28851)[0m 2025-10-24 10:18:04 - INFO - [evaluate.py] - Boundary (0, 1): 959 points
[36m(CaseRunnerActor pid=28851)[0m INFO:evaluate:Boundary (0, 1): 959 points
[36m(CaseRunnerActor pid=28851)[0m /Users/knv2/Documents/codebase/AFL-tutorial/3DPhaseDiagram/benchmarking/evaluate.py:119: UserWarning: Some phase boundaries are not resolved...
[36m(CaseRunnerActor pid=28851)[0m   warnings.warn("Some phase boundaries are not resolved...")
[36m(CaseRunnerActor pid=28851)[0m 2025-10-24 10:18:04 - INFO - [evaluate.py] - Evaluating boundary (0, 1)
[36m(CaseRunnerActor pid=28851)[0m INFO:evaluate:Evaluating boundary (0, 1)
[36m(CaseRunnerActor pid=28852)[0m 2025-10-24 10:18:34 - INFO - [evaluate.py] - Boundary (0, 1): 921 points
[36m(CaseRunnerActor pid=28852)[0m INFO:evaluate:Boundary (0, 1): 921 points
[36m(CaseRunnerActor pid=28852)[0m 2025-10-24 10:18:34 - INFO - [evaluate.py] - Boundary (1, 2): 444 points
[36m(CaseRunnerActor pid=28852)[0m INFO:evaluate:Boundary (1, 2): 444 points
[36m(CaseRunnerActor pid=28852)[0m 2025-10-24 10:18:34 - INFO - [evaluate.py] - Evaluating boundary (0, 1)
[36m(CaseRunnerActor pid=28852)[0m INFO:evaluate:Evaluating boundary (0, 1)
[36m(CaseRunnerActor pid=28856)[0m 2025-10-24 10:18:43 - INFO - [evaluate.py] - Boundary (1, 2): 530 points
[36m(CaseRunnerActor pid=28856)[0m INFO:evaluate:Boundary (1, 2): 530 points
[36m(CaseRunnerActor pid=28856)[0m /Users/knv2/Documents/codebase/AFL-tutorial/3DPhaseDiagram/benchmarking/evaluate.py:119: UserWarning: Some phase boundaries are not resolved...
[36m(CaseRunnerActor pid=28856)[0m   warnings.warn("Some phase boundaries are not resolved...")
[36m(CaseRunnerActor pid=28856)[0m 2025-10-24 10:18:43 - INFO - [evaluate.py] - Evaluating boundary (0, 1)
[36m(CaseRunnerActor pid=28856)[0m INFO:evaluate:Evaluating boundary (0, 1)
[36m(CaseRunnerActor pid=28856)[0m 2025-10-24 10:18:43 - INFO - [evaluate.py] - Phase boundary (0, 1) is not resolved
[36m(CaseRunnerActor pid=28856)[0m INFO:evaluate:Phase boundary (0, 1) is not resolved
[36m(CaseRunnerActor pid=28856)[0m 2025-10-24 10:18:43 - INFO - [evaluate.py] - Evaluating boundary (1, 2)
[36m(CaseRunnerActor pid=28856)[0m INFO:evaluate:Evaluating boundary (1, 2)
[36m(CaseRunnerActor pid=28851)[0m 2025-10-24 10:18:44 - INFO - [evaluate.py] - Evaluating boundary (1, 2)
[36m(CaseRunnerActor pid=28851)[0m INFO:evaluate:Evaluating boundary (1, 2)
[36m(CaseRunnerActor pid=28851)[0m 2025-10-24 10:18:44 - INFO - [evaluate.py] - Phase boundary (1, 2) is not resolved
[36m(CaseRunnerActor pid=28851)[0m INFO:evaluate:Phase boundary (1, 2) is not resolved
[36m(CaseRunnerActor pid=28851)[0m INFO:P0:[run 0], measurements: 21/206, expense: 1.42e+04
[36m(CaseRunnerActor pid=28851)[0m INFO:P0:[run 0], Boundary distances : {(0, 1): 152.31055131504223, (1, 2): None}
[36m(CaseRunnerActor pid=28851)[0m INFO:P0:[run 0 iter 15] Process RSS:   1.50 GB | 
[36m(CaseRunnerActor pid=28852)[0m 2025-10-24 10:18:51 - INFO - [evaluate.py] - Evaluating boundary (1, 2)
[36m(CaseRunnerActor pid=28852)[0m INFO:evaluate:Evaluating boundary (1, 2)
[36m(CaseRunnerActor pid=28856)[0m INFO:P3:[run 0], measurements: 31/206, expense: 1.43e+04
[36m(CaseRunnerActor pid=28856)[0m INFO:P3:[run 0], Boundary distances : {(0, 1): None, (1, 2): 61.18222384030591}
[36m(CaseRunnerActor pid=28856)[0m INFO:P3:[run 0 iter 11] Process RSS:   1.88 GB | 
[36m(CaseRunnerActor pid=28851)[0m 2025-10-24 10:19:18 - INFO - [evaluate.py] - Boundary (0, 1): 970 points
[36m(CaseRunnerActor pid=28851)[0m INFO:evaluate:Boundary (0, 1): 970 points
[36m(CaseRunnerActor pid=28851)[0m /Users/knv2/Documents/codebase/AFL-tutorial/3DPhaseDiagram/benchmarking/evaluate.py:119: UserWarning: Some phase boundaries are not resolved...
[36m(CaseRunnerActor pid=28851)[0m   warnings.warn("Some phase boundaries are not resolved...")
[36m(CaseRunnerActor pid=28851)[0m 2025-10-24 10:19:18 - INFO - [evaluate.py] - Evaluating boundary (0, 1)
[36m(CaseRunnerActor pid=28851)[0m INFO:evaluate:Evaluating boundary (0, 1)
[36m(CaseRunnerActor pid=28852)[0m INFO:P5:[run 0], measurements: 56/206, expense: 2.73e+04
[36m(CaseRunnerActor pid=28852)[0m INFO:P5:[run 0], Boundary distances : {(0, 1): 147.84803242555643, (1, 2): 79.80614654437075}
[36m(CaseRunnerActor pid=28852)[0m INFO:P5:[run 0 iter 10] Process RSS:   2.01 GB | 
[36m(CaseRunnerActor pid=28851)[0m 2025-10-24 10:19:45 - INFO - [evaluate.py] - Evaluating boundary (1, 2)
[36m(CaseRunnerActor pid=28851)[0m INFO:evaluate:Evaluating boundary (1, 2)
[36m(CaseRunnerActor pid=28851)[0m 2025-10-24 10:19:45 - INFO - [evaluate.py] - Phase boundary (1, 2) is not resolved
[36m(CaseRunnerActor pid=28851)[0m INFO:evaluate:Phase boundary (1, 2) is not resolved
[36m(CaseRunnerActor pid=28851)[0m INFO:P0:[run 0], measurements: 22/206, expense: 1.45e+04
[36m(CaseRunnerActor pid=28851)[0m INFO:P0:[run 0], Boundary distances : {(0, 1): 205.27112728876745, (1, 2): None}
[36m(CaseRunnerActor pid=28851)[0m INFO:P0:[run 0 iter 16] Process RSS:   1.74 GB | 
[36m(CaseRunnerActor pid=28856)[0m 2025-10-24 10:19:46 - INFO - [evaluate.py] - Boundary (1, 2): 504 points
[36m(CaseRunnerActor pid=28856)[0m INFO:evaluate:Boundary (1, 2): 504 points
[36m(CaseRunnerActor pid=28856)[0m /Users/knv2/Documents/codebase/AFL-tutorial/3DPhaseDiagram/benchmarking/evaluate.py:119: UserWarning: Some phase boundaries are not resolved...
[36m(CaseRunnerActor pid=28856)[0m   warnings.warn("Some phase boundaries are not resolved...")
[36m(CaseRunnerActor pid=28856)[0m 2025-10-24 10:19:46 - INFO - [evaluate.py] - Evaluating boundary (0, 1)
[36m(CaseRunnerActor pid=28856)[0m INFO:evaluate:Evaluating boundary (0, 1)
[36m(CaseRunnerActor pid=28856)[0m 2025-10-24 10:19:46 - INFO - [evaluate.py] - Phase boundary (0, 1) is not resolved
[36m(CaseRunnerActor pid=28856)[0m INFO:evaluate:Phase boundary (0, 1) is not resolved
[36m(CaseRunnerActor pid=28856)[0m 2025-10-24 10:19:46 - INFO - [evaluate.py] - Evaluating boundary (1, 2)
[36m(CaseRunnerActor pid=28856)[0m INFO:evaluate:Evaluating boundary (1, 2)
[36m(CaseRunnerActor pid=28856)[0m INFO:P3:[run 0], measurements: 37/206, expense: 1.60e+04
[36m(CaseRunnerActor pid=28856)[0m INFO:P3:[run 0], Boundary distances : {(0, 1): None, (1, 2): 77.14588603691064}
[36m(CaseRunnerActor pid=28856)[0m INFO:P3:[run 0 iter 12] Process RSS:   1.96 GB | 
[36m(CaseRunnerActor pid=28851)[0m 2025-10-24 10:20:20 - INFO - [evaluate.py] - Boundary (0, 1): 945 points
[36m(CaseRunnerActor pid=28851)[0m INFO:evaluate:Boundary (0, 1): 945 points
[36m(CaseRunnerActor pid=28851)[0m /Users/knv2/Documents/codebase/AFL-tutorial/3DPhaseDiagram/benchmarking/evaluate.py:119: UserWarning: Some phase boundaries are not resolved...
[36m(CaseRunnerActor pid=28851)[0m   warnings.warn("Some phase boundaries are not resolved...")
[36m(CaseRunnerActor pid=28851)[0m 2025-10-24 10:20:20 - INFO - [evaluate.py] - Evaluating boundary (0, 1)
[36m(CaseRunnerActor pid=28851)[0m INFO:evaluate:Evaluating boundary (0, 1)
[36m(CaseRunnerActor pid=28852)[0m 2025-10-24 10:20:35 - INFO - [evaluate.py] - Boundary (0, 1): 910 points
[36m(CaseRunnerActor pid=28852)[0m INFO:evaluate:Boundary (0, 1): 910 points
[36m(CaseRunnerActor pid=28852)[0m 2025-10-24 10:20:35 - INFO - [evaluate.py] - Boundary (1, 2): 472 points
[36m(CaseRunnerActor pid=28852)[0m INFO:evaluate:Boundary (1, 2): 472 points
[36m(CaseRunnerActor pid=28852)[0m 2025-10-24 10:20:35 - INFO - [evaluate.py] - Evaluating boundary (0, 1)
[36m(CaseRunnerActor pid=28852)[0m INFO:evaluate:Evaluating boundary (0, 1)
[36m(CaseRunnerActor pid=28852)[0m 2025-10-24 10:20:54 - INFO - [evaluate.py] - Evaluating boundary (1, 2)
[36m(CaseRunnerActor pid=28852)[0m INFO:evaluate:Evaluating boundary (1, 2)
[36m(CaseRunnerActor pid=28852)[0m INFO:P5:[run 0], measurements: 61/206, expense: 2.98e+04
[36m(CaseRunnerActor pid=28852)[0m INFO:P5:[run 0], Boundary distances : {(0, 1): 138.13307163428874, (1, 2): 63.57273043300982}
[36m(CaseRunnerActor pid=28851)[0m 2025-10-24 10:21:12 - INFO - [evaluate.py] - Evaluating boundary (1, 2)
[36m(CaseRunnerActor pid=28851)[0m INFO:evaluate:Evaluating boundary (1, 2)
[36m(CaseRunnerActor pid=28851)[0m 2025-10-24 10:21:12 - INFO - [evaluate.py] - Phase boundary (1, 2) is not resolved
[36m(CaseRunnerActor pid=28851)[0m INFO:evaluate:Phase boundary (1, 2) is not resolved
[36m(CaseRunnerActor pid=28852)[0m INFO:P5:[run 0 iter 11] Process RSS:   1.86 GB | 
[36m(CaseRunnerActor pid=28851)[0m INFO:P0:[run 0], measurements: 23/206, expense: 1.56e+04
[36m(CaseRunnerActor pid=28851)[0m INFO:P0:[run 0], Boundary distances : {(0, 1): 123.40182939572738, (1, 2): None}
[36m(CaseRunnerActor pid=28851)[0m INFO:P0:[run 0 iter 17] Process RSS:   1.73 GB | 
[36m(CaseRunnerActor pid=28856)[0m 2025-10-24 10:21:19 - INFO - [evaluate.py] - Boundary (0, 1): 626 points
[36m(CaseRunnerActor pid=28856)[0m INFO:evaluate:Boundary (0, 1): 626 points
[36m(CaseRunnerActor pid=28856)[0m 2025-10-24 10:21:19 - INFO - [evaluate.py] - Boundary (1, 2): 584 points
[36m(CaseRunnerActor pid=28856)[0m INFO:evaluate:Boundary (1, 2): 584 points
[36m(CaseRunnerActor pid=28856)[0m 2025-10-24 10:21:19 - INFO - [evaluate.py] - Evaluating boundary (0, 1)
[36m(CaseRunnerActor pid=28856)[0m INFO:evaluate:Evaluating boundary (0, 1)
[36m(CaseRunnerActor pid=28851)[0m 2025-10-24 10:22:01 - INFO - [evaluate.py] - Boundary (0, 1): 870 points
[36m(CaseRunnerActor pid=28851)[0m INFO:evaluate:Boundary (0, 1): 870 points
[36m(CaseRunnerActor pid=28851)[0m /Users/knv2/Documents/codebase/AFL-tutorial/3DPhaseDiagram/benchmarking/evaluate.py:119: UserWarning: Some phase boundaries are not resolved...
[36m(CaseRunnerActor pid=28851)[0m   warnings.warn("Some phase boundaries are not resolved...")
[36m(CaseRunnerActor pid=28851)[0m 2025-10-24 10:22:01 - INFO - [evaluate.py] - Evaluating boundary (0, 1)
[36m(CaseRunnerActor pid=28851)[0m INFO:evaluate:Evaluating boundary (0, 1)
[36m(CaseRunnerActor pid=28851)[0m 2025-10-24 10:22:23 - INFO - [evaluate.py] - Evaluating boundary (1, 2)
[36m(CaseRunnerActor pid=28851)[0m INFO:evaluate:Evaluating boundary (1, 2)
[36m(CaseRunnerActor pid=28851)[0m 2025-10-24 10:22:23 - INFO - [evaluate.py] - Phase boundary (1, 2) is not resolved
[36m(CaseRunnerActor pid=28851)[0m INFO:evaluate:Phase boundary (1, 2) is not resolved
[36m(CaseRunnerActor pid=28851)[0m INFO:P0:[run 0], measurements: 24/206, expense: 1.67e+04
[36m(CaseRunnerActor pid=28851)[0m INFO:P0:[run 0], Boundary distances : {(0, 1): 195.3864106921062, (1, 2): None}
[36m(CaseRunnerActor pid=28851)[0m INFO:P0:[run 0 iter 18] Process RSS:   1.59 GB | 
[36m(CaseRunnerActor pid=28852)[0m 2025-10-24 10:22:25 - INFO - [evaluate.py] - Boundary (0, 1): 911 points
[36m(CaseRunnerActor pid=28852)[0m INFO:evaluate:Boundary (0, 1): 911 points
[36m(CaseRunnerActor pid=28852)[0m 2025-10-24 10:22:25 - INFO - [evaluate.py] - Boundary (1, 2): 528 points
[36m(CaseRunnerActor pid=28852)[0m INFO:evaluate:Boundary (1, 2): 528 points
[36m(CaseRunnerActor pid=28852)[0m 2025-10-24 10:22:25 - INFO - [evaluate.py] - Evaluating boundary (0, 1)
[36m(CaseRunnerActor pid=28852)[0m INFO:evaluate:Evaluating boundary (0, 1)
[36m(CaseRunnerActor pid=28856)[0m 2025-10-24 10:22:26 - INFO - [evaluate.py] - Evaluating boundary (1, 2)
[36m(CaseRunnerActor pid=28856)[0m INFO:evaluate:Evaluating boundary (1, 2)
[36m(CaseRunnerActor pid=28851)[0m 2025-10-24 10:22:52 - INFO - [evaluate.py] - Boundary (0, 1): 913 points
[36m(CaseRunnerActor pid=28851)[0m INFO:evaluate:Boundary (0, 1): 913 points
[36m(CaseRunnerActor pid=28851)[0m /Users/knv2/Documents/codebase/AFL-tutorial/3DPhaseDiagram/benchmarking/evaluate.py:119: UserWarning: Some phase boundaries are not resolved...
[36m(CaseRunnerActor pid=28851)[0m   warnings.warn("Some phase boundaries are not resolved...")
[36m(CaseRunnerActor pid=28851)[0m 2025-10-24 10:22:52 - INFO - [evaluate.py] - Evaluating boundary (0, 1)
[36m(CaseRunnerActor pid=28851)[0m INFO:evaluate:Evaluating boundary (0, 1)
[36m(CaseRunnerActor pid=28852)[0m 2025-10-24 10:22:53 - INFO - [evaluate.py] - Evaluating boundary (1, 2)
[36m(CaseRunnerActor pid=28852)[0m INFO:evaluate:Evaluating boundary (1, 2)
[36m(CaseRunnerActor pid=28856)[0m INFO:P3:[run 0], measurements: 43/206, expense: 1.80e+04
[36m(CaseRunnerActor pid=28856)[0m INFO:P3:[run 0], Boundary distances : {(0, 1): 564.0883915330735, (1, 2): 71.64243587920006}
[36m(CaseRunnerActor pid=28856)[0m INFO:P3:[run 0 iter 13] Process RSS:   1.80 GB | 
[36m(CaseRunnerActor pid=28852)[0m INFO:P5:[run 0], measurements: 66/206, expense: 3.21e+04
[36m(CaseRunnerActor pid=28852)[0m INFO:P5:[run 0], Boundary distances : {(0, 1): 142.37768006291043, (1, 2): 54.52634683081004}
[36m(CaseRunnerActor pid=28852)[0m [2025-10-24 09:51:21,183] [INFO] Starting run with 54.4% memory usage
[36m(CaseRunnerActor pid=28851)[0m [2025-10-24 09:51:21,314] [INFO] Starting run with 54.4% memory usage
[36m(CaseRunnerActor pid=28856)[0m [2025-10-24 09:51:21,433] [INFO] Starting run with 54.3% memory usage
[36m(CaseRunnerActor pid=28851)[0m [2025-10-24 09:52:04,592] [INFO] [run 0], measurements: 7/206, expense: 3.02e+03
[36m(CaseRunnerActor pid=28851)[0m [2025-10-24 09:52:04,593] [INFO] [run 0], Boundary distances : {(0, 1): 362.12444654293995, (1, 2): None}
[36m(CaseRunnerActor pid=28851)[0m [2025-10-24 09:52:04,673] [INFO] [run 0 iter 1] Process RSS:   1.43 GB | 
[36m(CaseRunnerActor pid=28856)[0m [2025-10-24 09:52:08,298] [INFO] [run 0], measurements: 7/206, expense: 2.96e+03
[36m(CaseRunnerActor pid=28856)[0m [2025-10-24 09:52:08,298] [INFO] [run 0], Boundary distances : {(0, 1): 361.5752928003118, (1, 2): None}
[36m(CaseRunnerActor pid=28856)[0m [2025-10-24 09:52:08,363] [INFO] [run 0 iter 1] Process RSS:   1.70 GB | 
[36m(CaseRunnerActor pid=28852)[0m [2025-10-24 09:52:08,969] [INFO] [run 0], measurements: 11/206, expense: 3.96e+03
[36m(CaseRunnerActor pid=28852)[0m [2025-10-24 09:52:08,969] [INFO] [run 0], Boundary distances : {(0, 1): 360.3803971253807, (1, 2): None}
[36m(CaseRunnerActor pid=28852)[0m [2025-10-24 09:52:09,022] [INFO] [run 0 iter 1] Process RSS:   1.70 GB | 
[36m(CaseRunnerActor pid=28851)[0m [2025-10-24 09:52:27,997] [INFO] [run 0], measurements: 8/206, expense: 4.68e+03
[36m(CaseRunnerActor pid=28851)[0m [2025-10-24 09:52:27,997] [INFO] [run 0], Boundary distances : {(0, 1): 488.58793954669414, (1, 2): None}
[36m(CaseRunnerActor pid=28851)[0m [2025-10-24 09:52:28,054] [INFO] [run 0 iter 2] Process RSS:   1.83 GB | 
[36m(CaseRunnerActor pid=28852)[0m [2025-10-24 09:52:50,737] [INFO] [run 0], measurements: 16/206, expense: 6.02e+03
[36m(CaseRunnerActor pid=28852)[0m [2025-10-24 09:52:50,737] [INFO] [run 0], Boundary distances : {(0, 1): 872.3925120673739, (1, 2): None}
[36m(CaseRunnerActor pid=28852)[0m [2025-10-24 09:52:50,786] [INFO] [run 0 iter 2] Process RSS:   1.86 GB | 
[36m(CaseRunnerActor pid=28856)[0m [2025-10-24 09:52:52,130] [INFO] [run 0], measurements: 8/206, expense: 3.02e+03
[36m(CaseRunnerActor pid=28856)[0m [2025-10-24 09:52:52,130] [INFO] [run 0], Boundary distances : {(0, 1): 361.6565130090937, (1, 2): None}
[36m(CaseRunnerActor pid=28856)[0m [2025-10-24 09:52:52,178] [INFO] [run 0 iter 2] Process RSS:   1.84 GB | 
[36m(CaseRunnerActor pid=28851)[0m [2025-10-24 09:53:59,087] [INFO] [run 0], measurements: 9/206, expense: 6.28e+03
[36m(CaseRunnerActor pid=28851)[0m [2025-10-24 09:53:59,087] [INFO] [run 0], Boundary distances : {(0, 1): 323.23305214520565, (1, 2): None}
[36m(CaseRunnerActor pid=28851)[0m [2025-10-24 09:53:59,141] [INFO] [run 0 iter 3] Process RSS:   1.70 GB | 
[36m(CaseRunnerActor pid=28852)[0m [2025-10-24 09:54:22,086] [INFO] [run 0], measurements: 21/206, expense: 8.82e+03
[36m(CaseRunnerActor pid=28852)[0m [2025-10-24 09:54:22,086] [INFO] [run 0], Boundary distances : {(0, 1): 736.0244934962207, (1, 2): None}
[36m(CaseRunnerActor pid=28852)[0m [2025-10-24 09:54:22,140] [INFO] [run 0 iter 3] Process RSS:   1.71 GB | 
[36m(CaseRunnerActor pid=28856)[0m [2025-10-24 09:54:26,928] [INFO] [run 0], measurements: 9/206, expense: 3.83e+03
[36m(CaseRunnerActor pid=28856)[0m [2025-10-24 09:54:26,929] [INFO] [run 0], Boundary distances : {(0, 1): 437.87809777144673, (1, 2): None}
[36m(CaseRunnerActor pid=28856)[0m [2025-10-24 09:54:26,993] [INFO] [run 0 iter 3] Process RSS:   1.71 GB | 
[36m(CaseRunnerActor pid=28851)[0m [2025-10-24 09:54:27,307] [INFO] [run 0], measurements: 10/206, expense: 7.17e+03
[36m(CaseRunnerActor pid=28851)[0m [2025-10-24 09:54:27,307] [INFO] [run 0], Boundary distances : {(0, 1): 200.5377851638517, (1, 2): None}
[36m(CaseRunnerActor pid=28851)[0m [2025-10-24 09:54:27,357] [INFO] [run 0 iter 4] Process RSS:   1.57 GB | 
[36m(CaseRunnerActor pid=28851)[0m [2025-10-24 09:54:53,838] [INFO] [run 0], measurements: 11/206, expense: 8.18e+03
[36m(CaseRunnerActor pid=28851)[0m [2025-10-24 09:54:53,839] [INFO] [run 0], Boundary distances : {(0, 1): 324.5310317181114, (1, 2): None}
[36m(CaseRunnerActor pid=28851)[0m [2025-10-24 09:54:53,893] [INFO] [run 0 iter 5] Process RSS:   1.71 GB | 
[36m(CaseRunnerActor pid=28852)[0m [2025-10-24 09:55:03,339] [INFO] [run 0], measurements: 26/206, expense: 1.16e+04
[36m(CaseRunnerActor pid=28852)[0m [2025-10-24 09:55:03,339] [INFO] [run 0], Boundary distances : {(0, 1): 341.41802985120756, (1, 2): 556.302357168028}
[36m(CaseRunnerActor pid=28852)[0m [2025-10-24 09:55:03,394] [INFO] [run 0 iter 4] Process RSS:   2.00 GB | 
[36m(CaseRunnerActor pid=28851)[0m [2025-10-24 09:55:18,934] [INFO] [run 0], measurements: 12/206, expense: 8.87e+03
[36m(CaseRunnerActor pid=28851)[0m [2025-10-24 09:55:18,934] [INFO] [run 0], Boundary distances : {(0, 1): 163.66451636175265, (1, 2): None}
[36m(CaseRunnerActor pid=28851)[0m [2025-10-24 09:55:18,993] [INFO] [run 0 iter 6] Process RSS:   1.71 GB | 
[36m(CaseRunnerActor pid=28856)[0m [2025-10-24 10:12:02,277] [INFO] [run 0], measurements: 12/206, expense: 4.73e+03
[36m(CaseRunnerActor pid=28856)[0m [2025-10-24 10:12:02,277] [INFO] [run 0], Boundary distances : {(0, 1): 469.04701136878685, (1, 2): 382.95759484029617}
[36m(CaseRunnerActor pid=28856)[0m [2025-10-24 10:12:02,376] [INFO] [run 0 iter 4] Process RSS:   1.73 GB | 
[36m(CaseRunnerActor pid=28851)[0m [2025-10-24 10:12:20,468] [INFO] [run 0], measurements: 13/206, expense: 9.76e+03
[36m(CaseRunnerActor pid=28851)[0m [2025-10-24 10:12:20,468] [INFO] [run 0], Boundary distances : {(0, 1): 214.35664835660265, (1, 2): None}
[36m(CaseRunnerActor pid=28851)[0m [2025-10-24 10:12:20,542] [INFO] [run 0 iter 7] Process RSS:   1.71 GB | 
[36m(CaseRunnerActor pid=28852)[0m [2025-10-24 10:12:24,913] [INFO] [run 0], measurements: 31/206, expense: 1.42e+04
[36m(CaseRunnerActor pid=28852)[0m [2025-10-24 10:12:24,915] [INFO] [run 0], Boundary distances : {(0, 1): 233.4056283785605, (1, 2): 143.95005853237572}
[36m(CaseRunnerActor pid=28852)[0m [2025-10-24 10:12:24,969] [INFO] [run 0 iter 5] Process RSS:   2.00 GB | 
[36m(CaseRunnerActor pid=28856)[0m [2025-10-24 10:12:56,365] [INFO] [run 0], measurements: 15/206, expense: 5.55e+03
[36m(CaseRunnerActor pid=28856)[0m [2025-10-24 10:12:56,365] [INFO] [run 0], Boundary distances : {(0, 1): 497.53259851381745, (1, 2): 336.2094179537668}
[36m(CaseRunnerActor pid=28856)[0m [2025-10-24 10:12:56,476] [INFO] [run 0 iter 5] Process RSS:   1.76 GB | 
[36m(CaseRunnerActor pid=28851)[0m [2025-10-24 10:13:05,618] [INFO] [run 0], measurements: 14/206, expense: 1.02e+04
[36m(CaseRunnerActor pid=28851)[0m [2025-10-24 10:13:05,618] [INFO] [run 0], Boundary distances : {(0, 1): 527.7077158733018, (1, 2): None}
[36m(CaseRunnerActor pid=28851)[0m [2025-10-24 10:13:05,673] [INFO] [run 0 iter 8] Process RSS:   1.73 GB | 
[36m(CaseRunnerActor pid=28852)[0m [2025-10-24 10:13:19,301] [INFO] [run 0], measurements: 36/206, expense: 1.69e+04
[36m(CaseRunnerActor pid=28852)[0m [2025-10-24 10:13:19,301] [INFO] [run 0], Boundary distances : {(0, 1): 177.30976673310883, (1, 2): 58.13885820675945}
[36m(CaseRunnerActor pid=28852)[0m [2025-10-24 10:13:19,385] [INFO] [run 0 iter 6] Process RSS:   2.14 GB | 
[36m(CaseRunnerActor pid=28851)[0m [2025-10-24 10:13:38,270] [INFO] [run 0], measurements: 15/206, expense: 1.10e+04
[36m(CaseRunnerActor pid=28851)[0m [2025-10-24 10:13:38,270] [INFO] [run 0], Boundary distances : {(0, 1): 266.3867536900214, (1, 2): None}
[36m(CaseRunnerActor pid=28851)[0m [2025-10-24 10:13:38,331] [INFO] [run 0 iter 9] Process RSS:   1.71 GB | 
[36m(CaseRunnerActor pid=28856)[0m [2025-10-24 10:14:02,262] [INFO] [run 0], measurements: 18/206, expense: 7.03e+03
[36m(CaseRunnerActor pid=28856)[0m [2025-10-24 10:14:02,262] [INFO] [run 0], Boundary distances : {(0, 1): 295.90100291700605, (1, 2): 144.42451245357702}
[36m(CaseRunnerActor pid=28856)[0m [2025-10-24 10:14:02,324] [INFO] [run 0 iter 6] Process RSS:   1.74 GB | [36m(CaseRunnerActor pid=28852)[0m INFO:P5:[run 0 iter 12] Process RSS:   1.87 GB | 
[36m(CaseRunnerActor pid=28851)[0m 2025-10-24 10:23:30 - INFO - [evaluate.py] - Evaluating boundary (1, 2)
[36m(CaseRunnerActor pid=28851)[0m INFO:evaluate:Evaluating boundary (1, 2)
[36m(CaseRunnerActor pid=28851)[0m 2025-10-24 10:23:30 - INFO - [evaluate.py] - Phase boundary (1, 2) is not resolved
[36m(CaseRunnerActor pid=28851)[0m INFO:evaluate:Phase boundary (1, 2) is not resolved
[36m(CaseRunnerActor pid=28851)[0m INFO:P0:[run 0], measurements: 25/206, expense: 1.70e+04
[36m(CaseRunnerActor pid=28851)[0m INFO:P0:[run 0], Boundary distances : {(0, 1): 166.5677264865747, (1, 2): None}
[36m(CaseRunnerActor pid=28851)[0m INFO:P0:[run 0 iter 19] Process RSS:   1.59 GB | 
[36m(CaseRunnerActor pid=28856)[0m 2025-10-24 10:23:48 - INFO - [evaluate.py] - Boundary (1, 2): 649 points
[36m(CaseRunnerActor pid=28856)[0m INFO:evaluate:Boundary (1, 2): 649 points
[36m(CaseRunnerActor pid=28856)[0m 2025-10-24 10:23:48 - INFO - [evaluate.py] - Boundary (0, 1): 70 points
[36m(CaseRunnerActor pid=28856)[0m INFO:evaluate:Boundary (0, 1): 70 points
[36m(CaseRunnerActor pid=28856)[0m 2025-10-24 10:23:48 - INFO - [evaluate.py] - Evaluating boundary (0, 1)
[36m(CaseRunnerActor pid=28856)[0m INFO:evaluate:Evaluating boundary (0, 1)
[36m(CaseRunnerActor pid=28851)[0m 2025-10-24 10:23:57 - INFO - [evaluate.py] - Boundary (0, 1): 965 points
[36m(CaseRunnerActor pid=28851)[0m INFO:evaluate:Boundary (0, 1): 965 points
[36m(CaseRunnerActor pid=28851)[0m /Users/knv2/Documents/codebase/AFL-tutorial/3DPhaseDiagram/benchmarking/evaluate.py:119: UserWarning: Some phase boundaries are not resolved...
[36m(CaseRunnerActor pid=28851)[0m   warnings.warn("Some phase boundaries are not resolved...")
[36m(CaseRunnerActor pid=28851)[0m 2025-10-24 10:23:57 - INFO - [evaluate.py] - Evaluating boundary (0, 1)
[36m(CaseRunnerActor pid=28851)[0m INFO:evaluate:Evaluating boundary (0, 1)
[36m(CaseRunnerActor pid=28851)[0m 2025-10-24 10:24:19 - INFO - [evaluate.py] - Evaluating boundary (1, 2)
[36m(CaseRunnerActor pid=28851)[0m INFO:evaluate:Evaluating boundary (1, 2)
[36m(CaseRunnerActor pid=28851)[0m 2025-10-24 10:24:19 - INFO - [evaluate.py] - Phase boundary (1, 2) is not resolved
[36m(CaseRunnerActor pid=28851)[0m INFO:evaluate:Phase boundary (1, 2) is not resolved
[36m(CaseRunnerActor pid=28851)[0m INFO:P0:[run 0], measurements: 26/206, expense: 1.71e+04
[36m(CaseRunnerActor pid=28851)[0m INFO:P0:[run 0], Boundary distances : {(0, 1): 277.2655297824391, (1, 2): None}
[36m(CaseRunnerActor pid=28851)[0m INFO:P0:[run 0 iter 20] Process RSS:   1.73 GB | 
[36m(CaseRunnerActor pid=28856)[0m 2025-10-24 10:24:30 - INFO - [evaluate.py] - Evaluating boundary (1, 2)
[36m(CaseRunnerActor pid=28856)[0m INFO:evaluate:Evaluating boundary (1, 2)
[36m(CaseRunnerActor pid=28852)[0m 2025-10-24 10:24:31 - INFO - [evaluate.py] - Boundary (0, 1): 902 points
[36m(CaseRunnerActor pid=28852)[0m INFO:evaluate:Boundary (0, 1): 902 points
[36m(CaseRunnerActor pid=28852)[0m 2025-10-24 10:24:31 - INFO - [evaluate.py] - Boundary (1, 2): 583 points
[36m(CaseRunnerActor pid=28852)[0m INFO:evaluate:Boundary (1, 2): 583 points
[36m(CaseRunnerActor pid=28852)[0m 2025-10-24 10:24:31 - INFO - [evaluate.py] - Evaluating boundary (0, 1)
[36m(CaseRunnerActor pid=28852)[0m INFO:evaluate:Evaluating boundary (0, 1)
[36m(CaseRunnerActor pid=28852)[0m 2025-10-24 10:24:48 - INFO - [evaluate.py] - Evaluating boundary (1, 2)
[36m(CaseRunnerActor pid=28852)[0m INFO:evaluate:Evaluating boundary (1, 2)
[36m(CaseRunnerActor pid=28856)[0m INFO:P3:[run 0], measurements: 49/206, expense: 2.02e+04
[36m(CaseRunnerActor pid=28856)[0m INFO:P3:[run 0], Boundary distances : {(0, 1): 575.1170496149837, (1, 2): 46.234314524412255}
[36m(CaseRunnerActor pid=28856)[0m INFO:P3:[run 0 iter 14] Process RSS:   2.01 GB | 
[36m(CaseRunnerActor pid=28851)[0m 2025-10-24 10:25:02 - INFO - [evaluate.py] - Boundary (0, 1): 1022 points
[36m(CaseRunnerActor pid=28851)[0m INFO:evaluate:Boundary (0, 1): 1022 points
[36m(CaseRunnerActor pid=28851)[0m /Users/knv2/Documents/codebase/AFL-tutorial/3DPhaseDiagram/benchmarking/evaluate.py:119: UserWarning: Some phase boundaries are not resolved...
[36m(CaseRunnerActor pid=28851)[0m   warnings.warn("Some phase boundaries are not resolved...")
[36m(CaseRunnerActor pid=28851)[0m 2025-10-24 10:25:02 - INFO - [evaluate.py] - Evaluating boundary (0, 1)
[36m(CaseRunnerActor pid=28851)[0m INFO:evaluate:Evaluating boundary (0, 1)
[36m(CaseRunnerActor pid=28852)[0m INFO:P5:[run 0], measurements: 71/206, expense: 3.43e+04
[36m(CaseRunnerActor pid=28852)[0m INFO:P5:[run 0], Boundary distances : {(0, 1): 145.90253196054357, (1, 2): 40.7603154026319}
[36m(CaseRunnerActor pid=28852)[0m INFO:P5:[run 0 iter 13] Process RSS:   1.60 GB | 
[36m(CaseRunnerActor pid=28851)[0m 2025-10-24 10:25:29 - INFO - [evaluate.py] - Evaluating boundary (1, 2)
[36m(CaseRunnerActor pid=28851)[0m INFO:evaluate:Evaluating boundary (1, 2)
[36m(CaseRunnerActor pid=28851)[0m 2025-10-24 10:25:29 - INFO - [evaluate.py] - Phase boundary (1, 2) is not resolved
[36m(CaseRunnerActor pid=28851)[0m INFO:evaluate:Phase boundary (1, 2) is not resolved
[36m(CaseRunnerActor pid=28851)[0m INFO:P0:[run 0], measurements: 27/206, expense: 1.75e+04
[36m(CaseRunnerActor pid=28851)[0m INFO:P0:[run 0], Boundary distances : {(0, 1): 462.20207899816074, (1, 2): None}
[36m(CaseRunnerActor pid=28851)[0m INFO:P0:[run 0 iter 21] Process RSS:   1.59 GB | 
[36m(CaseRunnerActor pid=28856)[0m 2025-10-24 10:25:51 - INFO - [evaluate.py] - Boundary (1, 2): 678 points
[36m(CaseRunnerActor pid=28856)[0m INFO:evaluate:Boundary (1, 2): 678 points
[36m(CaseRunnerActor pid=28856)[0m 2025-10-24 10:25:51 - INFO - [evaluate.py] - Boundary (0, 1): 68 points
[36m(CaseRunnerActor pid=28856)[0m INFO:evaluate:Boundary (0, 1): 68 points
[36m(CaseRunnerActor pid=28856)[0m 2025-10-24 10:25:51 - INFO - [evaluate.py] - Evaluating boundary (0, 1)
[36m(CaseRunnerActor pid=28856)[0m INFO:evaluate:Evaluating boundary (0, 1)
[36m(CaseRunnerActor pid=28851)[0m 2025-10-24 10:26:13 - INFO - [evaluate.py] - Boundary (0, 1): 1025 points
[36m(CaseRunnerActor pid=28851)[0m INFO:evaluate:Boundary (0, 1): 1025 points
[36m(CaseRunnerActor pid=28851)[0m /Users/knv2/Documents/codebase/AFL-tutorial/3DPhaseDiagram/benchmarking/evaluate.py:119: UserWarning: Some phase boundaries are not resolved...
[36m(CaseRunnerActor pid=28851)[0m   warnings.warn("Some phase boundaries are not resolved...")
[36m(CaseRunnerActor pid=28851)[0m 2025-10-24 10:26:13 - INFO - [evaluate.py] - Evaluating boundary (0, 1)
[36m(CaseRunnerActor pid=28851)[0m INFO:evaluate:Evaluating boundary (0, 1)
[36m(CaseRunnerActor pid=28856)[0m 2025-10-24 10:26:29 - INFO - [evaluate.py] - Evaluating boundary (1, 2)
[36m(CaseRunnerActor pid=28856)[0m INFO:evaluate:Evaluating boundary (1, 2)
[36m(CaseRunnerActor pid=28852)[0m 2025-10-24 10:26:34 - INFO - [evaluate.py] - Boundary (0, 1): 892 points
[36m(CaseRunnerActor pid=28852)[0m INFO:evaluate:Boundary (0, 1): 892 points
[36m(CaseRunnerActor pid=28852)[0m 2025-10-24 10:26:34 - INFO - [evaluate.py] - Boundary (1, 2): 641 points
[36m(CaseRunnerActor pid=28852)[0m INFO:evaluate:Boundary (1, 2): 641 points
[36m(CaseRunnerActor pid=28852)[0m 2025-10-24 10:26:34 - INFO - [evaluate.py] - Evaluating boundary (0, 1)
[36m(CaseRunnerActor pid=28852)[0m INFO:evaluate:Evaluating boundary (0, 1)
[36m(CaseRunnerActor pid=28851)[0m 2025-10-24 10:26:39 - INFO - [evaluate.py] - Evaluating boundary (1, 2)
[36m(CaseRunnerActor pid=28851)[0m INFO:evaluate:Evaluating boundary (1, 2)
[36m(CaseRunnerActor pid=28851)[0m 2025-10-24 10:26:39 - INFO - [evaluate.py] - Phase boundary (1, 2) is not resolved
[36m(CaseRunnerActor pid=28851)[0m INFO:evaluate:Phase boundary (1, 2) is not resolved
[36m(CaseRunnerActor pid=28851)[0m INFO:P0:[run 0], measurements: 28/206, expense: 1.75e+04
[36m(CaseRunnerActor pid=28851)[0m INFO:P0:[run 0], Boundary distances : {(0, 1): 474.52154750432373, (1, 2): None}
[36m(CaseRunnerActor pid=28851)[0m INFO:P0:[run 0 iter 22] Process RSS:   2.01 GB | 
[36m(CaseRunnerActor pid=28852)[0m 2025-10-24 10:27:00 - INFO - [evaluate.py] - Evaluating boundary (1, 2)
[36m(CaseRunnerActor pid=28852)[0m INFO:evaluate:Evaluating boundary (1, 2)
[36m(CaseRunnerActor pid=28851)[0m 2025-10-24 10:27:30 - INFO - [evaluate.py] - Boundary (0, 1): 1027 points
[36m(CaseRunnerActor pid=28851)[0m INFO:evaluate:Boundary (0, 1): 1027 points
[36m(CaseRunnerActor pid=28851)[0m 2025-10-24 10:27:30 - INFO - [evaluate.py] - Boundary (1, 2): 85 points
[36m(CaseRunnerActor pid=28851)[0m INFO:evaluate:Boundary (1, 2): 85 points
[36m(CaseRunnerActor pid=28851)[0m 2025-10-24 10:27:30 - INFO - [evaluate.py] - Evaluating boundary (0, 1)
[36m(CaseRunnerActor pid=28851)[0m INFO:evaluate:Evaluating boundary (0, 1)
[36m(CaseRunnerActor pid=28856)[0m INFO:P3:[run 0], measurements: 55/206, expense: 2.17e+04
[36m(CaseRunnerActor pid=28856)[0m INFO:P3:[run 0], Boundary distances : {(0, 1): 575.3108662697807, (1, 2): 47.58984363618788}
[36m(CaseRunnerActor pid=28856)[0m INFO:P3:[run 0 iter 15] Process RSS:   1.59 GB | 
[36m(CaseRunnerActor pid=28852)[0m INFO:P5:[run 0], measurements: 76/206, expense: 3.67e+04
[36m(CaseRunnerActor pid=28852)[0m INFO:P5:[run 0], Boundary distances : {(0, 1): 135.7360439356907, (1, 2): 36.50374214489323}
[36m(CaseRunnerActor pid=28852)[0m INFO:P5:[run 0 iter 14] Process RSS:   1.60 GB | 
[36m(CaseRunnerActor pid=28851)[0m 2025-10-24 10:28:00 - INFO - [evaluate.py] - Evaluating boundary (1, 2)
[36m(CaseRunnerActor pid=28851)[0m INFO:evaluate:Evaluating boundary (1, 2)
[36m(CaseRunnerActor pid=28851)[0m INFO:P0:[run 0], measurements: 29/206, expense: 1.85e+04
[36m(CaseRunnerActor pid=28851)[0m INFO:P0:[run 0], Boundary distances : {(0, 1): 467.6720823260603, (1, 2): 483.1196859919428}
[36m(CaseRunnerActor pid=28851)[0m INFO:P0:[run 0 iter 23] Process RSS:   1.62 GB | 
[36m(CaseRunnerActor pid=28856)[0m 2025-10-24 10:28:41 - INFO - [evaluate.py] - Boundary (1, 2): 695 points
[36m(CaseRunnerActor pid=28856)[0m INFO:evaluate:Boundary (1, 2): 695 points
[36m(CaseRunnerActor pid=28856)[0m 2025-10-24 10:28:41 - INFO - [evaluate.py] - Boundary (0, 1): 60 points
[36m(CaseRunnerActor pid=28856)[0m INFO:evaluate:Boundary (0, 1): 60 points
[36m(CaseRunnerActor pid=28856)[0m 2025-10-24 10:28:41 - INFO - [evaluate.py] - Evaluating boundary (0, 1)
[36m(CaseRunnerActor pid=28856)[0m INFO:evaluate:Evaluating boundary (0, 1)
[36m(CaseRunnerActor pid=28851)[0m 2025-10-24 10:28:54 - INFO - [evaluate.py] - Boundary (0, 1): 1033 points
[36m(CaseRunnerActor pid=28851)[0m INFO:evaluate:Boundary (0, 1): 1033 points
[36m(CaseRunnerActor pid=28851)[0m 2025-10-24 10:28:54 - INFO - [evaluate.py] - Boundary (1, 2): 324 points
[36m(CaseRunnerActor pid=28851)[0m INFO:evaluate:Boundary (1, 2): 324 points
[36m(CaseRunnerActor pid=28851)[0m 2025-10-24 10:28:54 - INFO - [evaluate.py] - Evaluating boundary (0, 1)
[36m(CaseRunnerActor pid=28851)[0m INFO:evaluate:Evaluating boundary (0, 1)
[36m(CaseRunnerActor pid=28856)[0m 2025-10-24 10:29:06 - INFO - [evaluate.py] - Evaluating boundary (1, 2)
[36m(CaseRunnerActor pid=28856)[0m INFO:evaluate:Evaluating boundary (1, 2)
[36m(CaseRunnerActor pid=28852)[0m 2025-10-24 10:29:35 - INFO - [evaluate.py] - Boundary (0, 1): 887 points
[36m(CaseRunnerActor pid=28852)[0m INFO:evaluate:Boundary (0, 1): 887 points
[36m(CaseRunnerActor pid=28852)[0m 2025-10-24 10:29:35 - INFO - [evaluate.py] - Boundary (1, 2): 657 points
[36m(CaseRunnerActor pid=28852)[0m INFO:evaluate:Boundary (1, 2): 657 points
[36m(CaseRunnerActor pid=28852)[0m 2025-10-24 10:29:35 - INFO - [evaluate.py] - Evaluating boundary (0, 1)
[36m(CaseRunnerActor pid=28852)[0m INFO:evaluate:Evaluating boundary (0, 1)
[36m(CaseRunnerActor pid=28856)[0m INFO:P3:[run 0], measurements: 61/206, expense: 2.32e+04
[36m(CaseRunnerActor pid=28856)[0m INFO:P3:[run 0], Boundary distances : {(0, 1): 594.9662814788736, (1, 2): 49.89920881953192}
[36m(CaseRunnerActor pid=28856)[0m INFO:P3:[run 0 iter 16] Process RSS:   1.64 GB | 
[36m(CaseRunnerActor pid=28851)[0m 2025-10-24 10:30:01 - INFO - [evaluate.py] - Evaluating boundary (1, 2)
[36m(CaseRunnerActor pid=28851)[0m INFO:evaluate:Evaluating boundary (1, 2)
[36m(CaseRunnerActor pid=28851)[0m INFO:P0:[run 0], measurements: 30/206, expense: 1.86e+04
[36m(CaseRunnerActor pid=28851)[0m INFO:P0:[run 0], Boundary distances : {(0, 1): 483.63954303608307, (1, 2): 195.2333124976016}
[36m(CaseRunnerActor pid=28851)[0m INFO:P0:[run 0 iter 24] Process RSS:   1.68 GB | 
[36m(CaseRunnerActor pid=28852)[0m 2025-10-24 10:30:29 - INFO - [evaluate.py] - Evaluating boundary (1, 2)
[36m(CaseRunnerActor pid=28852)[0m INFO:evaluate:Evaluating boundary (1, 2)
[36m(CaseRunnerActor pid=28856)[0m 2025-10-24 10:31:07 - INFO - [evaluate.py] - Boundary (1, 2): 677 points
[36m(CaseRunnerActor pid=28856)[0m INFO:evaluate:Boundary (1, 2): 677 points
[36m(CaseRunnerActor pid=28856)[0m 2025-10-24 10:31:07 - INFO - [evaluate.py] - Boundary (0, 1): 67 points
[36m(CaseRunnerActor pid=28856)[0m INFO:evaluate:Boundary (0, 1): 67 points
[36m(CaseRunnerActor pid=28856)[0m 2025-10-24 10:31:07 - INFO - [evaluate.py] - Evaluating boundary (0, 1)
[36m(CaseRunnerActor pid=28856)[0m INFO:evaluate:Evaluating boundary (0, 1)
[36m(CaseRunnerActor pid=28851)[0m 2025-10-24 10:31:08 - INFO - [evaluate.py] - Boundary (0, 1): 1018 points
[36m(CaseRunnerActor pid=28851)[0m INFO:evaluate:Boundary (0, 1): 1018 points
[36m(CaseRunnerActor pid=28851)[0m 2025-10-24 10:31:08 - INFO - [evaluate.py] - Boundary (1, 2): 143 points
[36m(CaseRunnerActor pid=28851)[0m INFO:evaluate:Boundary (1, 2): 143 points
[36m(CaseRunnerActor pid=28851)[0m 2025-10-24 10:31:08 - INFO - [evaluate.py] - Evaluating boundary (0, 1)
[36m(CaseRunnerActor pid=28851)[0m INFO:evaluate:Evaluating boundary (0, 1)
[36m(CaseRunnerActor pid=28852)[0m INFO:P5:[run 0], measurements: 81/206, expense: 3.85e+04
[36m(CaseRunnerActor pid=28852)[0m INFO:P5:[run 0], Boundary distances : {(0, 1): 130.6321274282502, (1, 2): 37.335578673465136}
[36m(CaseRunnerActor pid=28852)[0m INFO:P5:[run 0 iter 15] Process RSS:   1.53 GB | 
[36m(CaseRunnerActor pid=28851)[0m 2025-10-24 10:31:26 - INFO - [evaluate.py] - Evaluating boundary (1, 2)
[36m(CaseRunnerActor pid=28851)[0m INFO:evaluate:Evaluating boundary (1, 2)
[36m(CaseRunnerActor pid=28856)[0m 2025-10-24 10:31:42 - INFO - [evaluate.py] - Evaluating boundary (1, 2)
[36m(CaseRunnerActor pid=28856)[0m INFO:evaluate:Evaluating boundary (1, 2)
[36m(CaseRunnerActor pid=28851)[0m INFO:P0:[run 0], measurements: 31/206, expense: 1.87e+04
[36m(CaseRunnerActor pid=28851)[0m INFO:P0:[run 0], Boundary distances : {(0, 1): 356.78808083088796, (1, 2): 363.2173212495609}
[36m(CaseRunnerActor pid=28851)[0m INFO:P0:[run 0 iter 25] Process RSS:   1.89 GB | 
[36m(CaseRunnerActor pid=28856)[0m INFO:P3:[run 0], measurements: 67/206, expense: 2.56e+04
[36m(CaseRunnerActor pid=28856)[0m INFO:P3:[run 0], Boundary distances : {(0, 1): 571.8624832334355, (1, 2): 44.51142665611986}
[36m(CaseRunnerActor pid=28856)[0m INFO:P3:[run 0 iter 17] Process RSS:   1.51 GB | 
[36m(CaseRunnerActor pid=28851)[0m 2025-10-24 10:32:41 - INFO - [evaluate.py] - Boundary (0, 1): 1019 points
[36m(CaseRunnerActor pid=28851)[0m INFO:evaluate:Boundary (0, 1): 1019 points
[36m(CaseRunnerActor pid=28851)[0m 2025-10-24 10:32:41 - INFO - [evaluate.py] - Boundary (1, 2): 289 points
[36m(CaseRunnerActor pid=28851)[0m INFO:evaluate:Boundary (1, 2): 289 points
[36m(CaseRunnerActor pid=28851)[0m 2025-10-24 10:32:41 - INFO - [evaluate.py] - Evaluating boundary (0, 1)
[36m(CaseRunnerActor pid=28851)[0m INFO:evaluate:Evaluating boundary (0, 1)
[36m(CaseRunnerActor pid=28852)[0m 2025-10-24 10:33:12 - INFO - [evaluate.py] - Boundary (0, 1): 878 points
[36m(CaseRunnerActor pid=28852)[0m INFO:evaluate:Boundary (0, 1): 878 points
[36m(CaseRunnerActor pid=28852)[0m 2025-10-24 10:33:12 - INFO - [evaluate.py] - Boundary (1, 2): 677 points
[36m(CaseRunnerActor pid=28852)[0m INFO:evaluate:Boundary (1, 2): 677 points
[36m(CaseRunnerActor pid=28852)[0m 2025-10-24 10:33:12 - INFO - [evaluate.py] - Evaluating boundary (0, 1)
[36m(CaseRunnerActor pid=28852)[0m INFO:evaluate:Evaluating boundary (0, 1)
[36m(CaseRunnerActor pid=28851)[0m 2025-10-24 10:33:38 - INFO - [evaluate.py] - Evaluating boundary (1, 2)
[36m(CaseRunnerActor pid=28851)[0m INFO:evaluate:Evaluating boundary (1, 2)
[36m(CaseRunnerActor pid=28856)[0m 2025-10-24 10:33:56 - INFO - [evaluate.py] - Boundary (1, 2): 667 points
[36m(CaseRunnerActor pid=28856)[0m INFO:evaluate:Boundary (1, 2): 667 points
[36m(CaseRunnerActor pid=28856)[0m 2025-10-24 10:33:56 - INFO - [evaluate.py] - Boundary (0, 1): 469 points
[36m(CaseRunnerActor pid=28856)[0m INFO:evaluate:Boundary (0, 1): 469 points
[36m(CaseRunnerActor pid=28856)[0m 2025-10-24 10:33:56 - INFO - [evaluate.py] - Evaluating boundary (0, 1)
[36m(CaseRunnerActor pid=28856)[0m INFO:evaluate:Evaluating boundary (0, 1)
[36m(CaseRunnerActor pid=28852)[0m 2025-10-24 10:34:12 - INFO - [evaluate.py] - Evaluating boundary (1, 2)
[36m(CaseRunnerActor pid=28852)[0m INFO:evaluate:Evaluating boundary (1, 2)
[36m(CaseRunnerActor pid=28851)[0m INFO:P0:[run 0], measurements: 32/206, expense: 1.97e+04
[36m(CaseRunnerActor pid=28851)[0m INFO:P0:[run 0], Boundary distances : {(0, 1): 367.05059408338377, (1, 2): 198.42816809123207}
[36m(CaseRunnerActor pid=28851)[0m INFO:P0:[run 0 iter 26] Process RSS:   1.88 GB | 
[36m(CaseRunnerActor pid=28852)[0m INFO:P5:[run 0], measurements: 86/206, expense: 4.02e+04
[36m(CaseRunnerActor pid=28852)[0m INFO:P5:[run 0], Boundary distances : {(0, 1): 148.0777152547868, (1, 2): 38.562456047640545}
[36m(CaseRunnerActor pid=28852)[0m INFO:P5:[run 0 iter 16] Process RSS:   1.60 GB | 
[36m(CaseRunnerActor pid=28856)[0m 2025-10-24 10:35:04 - INFO - [evaluate.py] - Evaluating boundary (1, 2)
[36m(CaseRunnerActor pid=28856)[0m INFO:evaluate:Evaluating boundary (1, 2)
[36m(CaseRunnerActor pid=28851)[0m 2025-10-24 10:35:16 - INFO - [evaluate.py] - Boundary (0, 1): 1012 points
[36m(CaseRunnerActor pid=28851)[0m INFO:evaluate:Boundary (0, 1): 1012 points
[36m(CaseRunnerActor pid=28851)[0m 2025-10-24 10:35:16 - INFO - [evaluate.py] - Boundary (1, 2): 191 points
[36m(CaseRunnerActor pid=28851)[0m INFO:evaluate:Boundary (1, 2): 191 points
[36m(CaseRunnerActor pid=28851)[0m 2025-10-24 10:35:16 - INFO - [evaluate.py] - Evaluating boundary (0, 1)
[36m(CaseRunnerActor pid=28851)[0m INFO:evaluate:Evaluating boundary (0, 1)
[36m(CaseRunnerActor pid=28851)[0m 2025-10-24 10:35:37 - INFO - [evaluate.py] - Evaluating boundary (1, 2)
[36m(CaseRunnerActor pid=28851)[0m INFO:evaluate:Evaluating boundary (1, 2)
[36m(CaseRunnerActor pid=28856)[0m INFO:P3:[run 0], measurements: 73/206, expense: 2.72e+04
[36m(CaseRunnerActor pid=28856)[0m INFO:P3:[run 0], Boundary distances : {(0, 1): 341.7752720336665, (1, 2): 32.95140486073275}
[36m(CaseRunnerActor pid=28856)[0m INFO:P3:[run 0 iter 18] Process RSS:   1.48 GB | 
[36m(CaseRunnerActor pid=28851)[0m INFO:P0:[run 0], measurements: 33/206, expense: 1.99e+04
[36m(CaseRunnerActor pid=28851)[0m INFO:P0:[run 0], Boundary distances : {(0, 1): 288.9482446574202, (1, 2): 286.5572807188729}
[36m(CaseRunnerActor pid=28851)[0m INFO:P0:[run 0 iter 27] Process RSS:   1.59 GB | 
[36m(CaseRunnerActor pid=28852)[0m 2025-10-24 10:36:45 - INFO - [evaluate.py] - Boundary (0, 1): 873 points
[36m(CaseRunnerActor pid=28852)[0m INFO:evaluate:Boundary (0, 1): 873 points
[36m(CaseRunnerActor pid=28852)[0m 2025-10-24 10:36:45 - INFO - [evaluate.py] - Boundary (1, 2): 697 points
[36m(CaseRunnerActor pid=28852)[0m INFO:evaluate:Boundary (1, 2): 697 points
[36m(CaseRunnerActor pid=28852)[0m 2025-10-24 10:36:45 - INFO - [evaluate.py] - Evaluating boundary (0, 1)
[36m(CaseRunnerActor pid=28852)[0m INFO:evaluate:Evaluating boundary (0, 1)
[36m(CaseRunnerActor pid=28852)[0m 2025-10-24 10:37:09 - INFO - [evaluate.py] - Evaluating boundary (1, 2)
[36m(CaseRunnerActor pid=28852)[0m INFO:evaluate:Evaluating boundary (1, 2)
[36m(CaseRunnerActor pid=28851)[0m 2025-10-24 10:37:22 - INFO - [evaluate.py] - Boundary (0, 1): 1011 points
[36m(CaseRunnerActor pid=28851)[0m INFO:evaluate:Boundary (0, 1): 1011 points
[36m(CaseRunnerActor pid=28851)[0m 2025-10-24 10:37:22 - INFO - [evaluate.py] - Boundary (1, 2): 304 points
[36m(CaseRunnerActor pid=28851)[0m INFO:evaluate:Boundary (1, 2): 304 points
[36m(CaseRunnerActor pid=28851)[0m 2025-10-24 10:37:22 - INFO - [evaluate.py] - Evaluating boundary (0, 1)
[36m(CaseRunnerActor pid=28851)[0m INFO:evaluate:Evaluating boundary (0, 1)
[36m(CaseRunnerActor pid=28851)[0m 2025-10-24 10:37:42 - INFO - [evaluate.py] - Evaluating boundary (1, 2)
[36m(CaseRunnerActor pid=28851)[0m INFO:evaluate:Evaluating boundary (1, 2)
[36m(CaseRunnerActor pid=28856)[0m 2025-10-24 10:37:45 - INFO - [evaluate.py] - Boundary (1, 2): 687 points
[36m(CaseRunnerActor pid=28856)[0m INFO:evaluate:Boundary (1, 2): 687 points
[36m(CaseRunnerActor pid=28856)[0m 2025-10-24 10:37:45 - INFO - [evaluate.py] - Boundary (0, 1): 466 points
[36m(CaseRunnerActor pid=28856)[0m INFO:evaluate:Boundary (0, 1): 466 points
[36m(CaseRunnerActor pid=28856)[0m 2025-10-24 10:37:45 - INFO - [evaluate.py] - Evaluating boundary (0, 1)
[36m(CaseRunnerActor pid=28856)[0m INFO:evaluate:Evaluating boundary (0, 1)
[36m(CaseRunnerActor pid=28852)[0m INFO:P5:[run 0], measurements: 91/206, expense: 4.19e+04
[36m(CaseRunnerActor pid=28852)[0m INFO:P5:[run 0], Boundary distances : {(0, 1): 154.4707091072013, (1, 2): 41.139923153694205}
[36m(CaseRunnerActor pid=28852)[0m INFO:P5:[run 0 iter 17] Process RSS:   1.61 GB | 
[36m(CaseRunnerActor pid=28851)[0m INFO:P0:[run 0], measurements: 34/206, expense: 2.08e+04
[36m(CaseRunnerActor pid=28851)[0m INFO:P0:[run 0], Boundary distances : {(0, 1): 284.7195998404966, (1, 2): 181.55700909311787}
[36m(CaseRunnerActor pid=28851)[0m INFO:P0:[run 0 iter 28] Process RSS:   1.88 GB | 
[36m(CaseRunnerActor pid=28856)[0m 2025-10-24 10:38:04 - INFO - [evaluate.py] - Evaluating boundary (1, 2)
[36m(CaseRunnerActor pid=28856)[0m INFO:evaluate:Evaluating boundary (1, 2)
[36m(CaseRunnerActor pid=28851)[0m 2025-10-24 10:38:53 - INFO - [evaluate.py] - Boundary (0, 1): 1031 points
[36m(CaseRunnerActor pid=28851)[0m INFO:evaluate:Boundary (0, 1): 1031 points
[36m(CaseRunnerActor pid=28851)[0m 2025-10-24 10:38:53 - INFO - [evaluate.py] - Boundary (1, 2): 235 points
[36m(CaseRunnerActor pid=28851)[0m INFO:evaluate:Boundary (1, 2): 235 points
[36m(CaseRunnerActor pid=28851)[0m 2025-10-24 10:38:53 - INFO - [evaluate.py] - Evaluating boundary (0, 1)
[36m(CaseRunnerActor pid=28851)[0m INFO:evaluate:Evaluating boundary (0, 1)
[36m(CaseRunnerActor pid=28856)[0m INFO:P3:[run 0], measurements: 79/206, expense: 2.95e+04
[36m(CaseRunnerActor pid=28856)[0m INFO:P3:[run 0], Boundary distances : {(0, 1): 308.0205264067989, (1, 2): 32.78144258267602}
[36m(CaseRunnerActor pid=28856)[0m INFO:P3:[run 0 iter 19] Process RSS:   1.48 GB | 
[36m(CaseRunnerActor pid=28851)[0m 2025-10-24 10:39:16 - INFO - [evaluate.py] - Evaluating boundary (1, 2)
[36m(CaseRunnerActor pid=28851)[0m INFO:evaluate:Evaluating boundary (1, 2)
[36m(CaseRunnerActor pid=28852)[0m 2025-10-24 10:39:54 - INFO - [evaluate.py] - Boundary (0, 1): 872 points
[36m(CaseRunnerActor pid=28852)[0m INFO:evaluate:Boundary (0, 1): 872 points
[36m(CaseRunnerActor pid=28852)[0m 2025-10-24 10:39:54 - INFO - [evaluate.py] - Boundary (1, 2): 707 points
[36m(CaseRunnerActor pid=28852)[0m INFO:evaluate:Boundary (1, 2): 707 points
[36m(CaseRunnerActor pid=28852)[0m 2025-10-24 10:39:54 - INFO - [evaluate.py] - Evaluating boundary (0, 1)
[36m(CaseRunnerActor pid=28852)[0m INFO:evaluate:Evaluating boundary (0, 1)
[36m(CaseRunnerActor pid=28851)[0m INFO:P0:[run 0], measurements: 35/206, expense: 2.11e+04
[36m(CaseRunnerActor pid=28851)[0m INFO:P0:[run 0], Boundary distances : {(0, 1): 253.06658729823772, (1, 2): 243.9675683989828}

[36m(CaseRunnerActor pid=28851)[0m [2025-10-24 10:14:25,239] [INFO] [run 0], measurements: 16/206, expense: 1.22e+04
[36m(CaseRunnerActor pid=28851)[0m [2025-10-24 10:14:25,239] [INFO] [run 0], Boundary distances : {(0, 1): 177.9591587293557, (1, 2): None}
[36m(CaseRunnerActor pid=28851)[0m [2025-10-24 10:14:25,312] [INFO] [run 0 iter 10] Process RSS:   1.71 GB | 
[36m(CaseRunnerActor pid=28852)[0m [2025-10-24 10:14:43,359] [INFO] [run 0], measurements: 41/206, expense: 1.91e+04
[36m(CaseRunnerActor pid=28852)[0m [2025-10-24 10:14:43,359] [INFO] [run 0], Boundary distances : {(0, 1): 162.113095446578, (1, 2): 46.54438289370014}
[36m(CaseRunnerActor pid=28852)[0m [2025-10-24 10:14:43,430] [INFO] [run 0 iter 7] Process RSS:   1.87 GB | 
[36m(CaseRunnerActor pid=28856)[0m [2025-10-24 10:14:52,616] [INFO] [run 0], measurements: 21/206, expense: 8.56e+03
[36m(CaseRunnerActor pid=28856)[0m [2025-10-24 10:14:52,616] [INFO] [run 0], Boundary distances : {(0, 1): None, (1, 2): 163.18999644800533}
[36m(CaseRunnerActor pid=28856)[0m [2025-10-24 10:14:52,682] [INFO] [run 0 iter 7] Process RSS:   2.00 GB | 
[36m(CaseRunnerActor pid=28851)[0m [2025-10-24 10:15:02,964] [INFO] [run 0], measurements: 17/206, expense: 1.25e+04
[36m(CaseRunnerActor pid=28851)[0m [2025-10-24 10:15:02,964] [INFO] [run 0], Boundary distances : {(0, 1): 293.03468999387434, (1, 2): None}
[36m(CaseRunnerActor pid=28851)[0m [2025-10-24 10:15:03,024] [INFO] [run 0 iter 11] Process RSS:   1.71 GB | 
[36m(CaseRunnerActor pid=28856)[0m [2025-10-24 10:15:48,562] [INFO] [run 0], measurements: 24/206, expense: 1.05e+04
[36m(CaseRunnerActor pid=28856)[0m [2025-10-24 10:15:48,562] [INFO] [run 0], Boundary distances : {(0, 1): 371.7538065012939, (1, 2): 124.87765469478347}
[36m(CaseRunnerActor pid=28856)[0m [2025-10-24 10:15:48,657] [INFO] [run 0 iter 8] Process RSS:   2.12 GB | 
[36m(CaseRunnerActor pid=28852)[0m [2025-10-24 10:15:50,011] [INFO] [run 0], measurements: 46/206, expense: 2.18e+04
[36m(CaseRunnerActor pid=28852)[0m [2025-10-24 10:15:50,011] [INFO] [run 0], Boundary distances : {(0, 1): 143.6196466252444, (1, 2): 55.94623588187976}
[36m(CaseRunnerActor pid=28852)[0m [2025-10-24 10:15:50,094] [INFO] [run 0 iter 8] Process RSS:   2.12 GB | 
[36m(CaseRunnerActor pid=28851)[0m [2025-10-24 10:15:58,017] [INFO] [run 0], measurements: 18/206, expense: 1.27e+04
[36m(CaseRunnerActor pid=28851)[0m [2025-10-24 10:15:58,017] [INFO] [run 0], Boundary distances : {(0, 1): 570.3538203748584, (1, 2): None}
[36m(CaseRunnerActor pid=28851)[0m [2025-10-24 10:15:58,091] [INFO] [run 0 iter 12] Process RSS:   1.56 GB | 
[36m(CaseRunnerActor pid=28856)[0m [2025-10-24 10:16:39,932] [INFO] [run 0], measurements: 27/206, expense: 1.23e+04
[36m(CaseRunnerActor pid=28856)[0m [2025-10-24 10:16:39,932] [INFO] [run 0], Boundary distances : {(0, 1): None, (1, 2): 94.56097508989328}
[36m(CaseRunnerActor pid=28856)[0m [2025-10-24 10:16:40,025] [INFO] [run 0 iter 9] Process RSS:   1.74 GB | 
[36m(CaseRunnerActor pid=28851)[0m [2025-10-24 10:16:41,253] [INFO] [run 0], measurements: 19/206, expense: 1.32e+04
[36m(CaseRunnerActor pid=28851)[0m [2025-10-24 10:16:41,253] [INFO] [run 0], Boundary distances : {(0, 1): 288.7428028024369, (1, 2): None}
[36m(CaseRunnerActor pid=28851)[0m [2025-10-24 10:16:41,326] [INFO] [run 0 iter 13] Process RSS:   1.69 GB | 
[36m(CaseRunnerActor pid=28852)[0m [2025-10-24 10:17:28,736] [INFO] [run 0], measurements: 51/206, expense: 2.46e+04
[36m(CaseRunnerActor pid=28852)[0m [2025-10-24 10:17:28,736] [INFO] [run 0], Boundary distances : {(0, 1): 145.45753701150437, (1, 2): 108.76505557287119}
[36m(CaseRunnerActor pid=28852)[0m [2025-10-24 10:17:28,820] [INFO] [run 0 iter 9] Process RSS:   1.82 GB | 
[36m(CaseRunnerActor pid=28851)[0m [2025-10-24 10:17:34,969] [INFO] [run 0], measurements: 20/206, expense: 1.39e+04
[36m(CaseRunnerActor pid=28851)[0m [2025-10-24 10:17:34,969] [INFO] [run 0], Boundary distances : {(0, 1): 168.33757911066436, (1, 2): None}
[36m(CaseRunnerActor pid=28851)[0m [2025-10-24 10:17:35,061] [INFO] [run 0 iter 14] Process RSS:   1.69 GB | 
[36m(CaseRunnerActor pid=28856)[0m [2025-10-24 10:17:54,756] [INFO] [run 0], measurements: 30/206, expense: 1.38e+04
[36m(CaseRunnerActor pid=28856)[0m [2025-10-24 10:17:54,756] [INFO] [run 0], Boundary distances : {(0, 1): None, (1, 2): 70.79281784006258}
[36m(CaseRunnerActor pid=28856)[0m [2025-10-24 10:17:54,829] [INFO] [run 0 iter 10] Process RSS:   1.97 GB | 
[36m(CaseRunnerActor pid=28851)[0m [2025-10-24 10:18:44,047] [INFO] [run 0], measurements: 21/206, expense: 1.42e+04
[36m(CaseRunnerActor pid=28851)[0m [2025-10-24 10:18:44,047] [INFO] [run 0], Boundary distances : {(0, 1): 152.31055131504223, (1, 2): None}
[36m(CaseRunnerActor pid=28851)[0m [2025-10-24 10:18:44,159] [INFO] [run 0 iter 15] Process RSS:   1.50 GB | 
[36m(CaseRunnerActor pid=28856)[0m [2025-10-24 10:18:59,587] [INFO] [run 0], measurements: 31/206, expense: 1.43e+04
[36m(CaseRunnerActor pid=28856)[0m [2025-10-24 10:18:59,587] [INFO] [run 0], Boundary distances : {(0, 1): None, (1, 2): 61.18222384030591}
[36m(CaseRunnerActor pid=28856)[0m [2025-10-24 10:18:59,678] [INFO] [run 0 iter 11] Process RSS:   1.88 GB | 
[36m(CaseRunnerActor pid=28852)[0m [2025-10-24 10:19:26,431] [INFO] [run 0], measurements: 56/206, expense: 2.73e+04
[36m(CaseRunnerActor pid=28852)[0m [2025-10-24 10:19:26,432] [INFO] [run 0], Boundary distances : {(0, 1): 147.84803242555643, (1, 2): 79.80614654437075}
[36m(CaseRunnerActor pid=28852)[0m [2025-10-24 10:19:26,529] [INFO] [run 0 iter 10] Process RSS:   2.01 GB | 
[36m(CaseRunnerActor pid=28851)[0m [2025-10-24 10:19:45,571] [INFO] [run 0], measurements: 22/206, expense: 1.45e+04
[36m(CaseRunnerActor pid=28851)[0m [2025-10-24 10:19:45,571] [INFO] [run 0], Boundary distances : {(0, 1): 205.27112728876745, (1, 2): None}
[36m(CaseRunnerActor pid=28851)[0m [2025-10-24 10:19:45,665] [INFO] [run 0 iter 16] Process RSS:   1.74 GB | 
[36m(CaseRunnerActor pid=28856)[0m [2025-10-24 10:20:15,756] [INFO] [run 0], measurements: 37/206, expense: 1.60e+04
[36m(CaseRunnerActor pid=28856)[0m [2025-10-24 10:20:15,756] [INFO] [run 0], Boundary distances : {(0, 1): None, (1, 2): 77.14588603691064}
[36m(CaseRunnerActor pid=28856)[0m [2025-10-24 10:20:15,898] [INFO] [run 0 iter 12] Process RSS:   1.96 GB | 
[36m(CaseRunnerActor pid=28852)[0m [2025-10-24 10:21:12,288] [INFO] [run 0], measurements: 61/206, expense: 2.98e+04
[36m(CaseRunnerActor pid=28852)[0m [2025-10-24 10:21:12,288] [INFO] [run 0], Boundary distances : {(0, 1): 138.13307163428874, (1, 2): 63.57273043300982}
[36m(CaseRunnerActor pid=28851)[0m [2025-10-24 10:21:12,425] [INFO] [run 0], measurements: 23/206, expense: 1.56e+04
[36m(CaseRunnerActor pid=28851)[0m [2025-10-24 10:21:12,425] [INFO] [run 0], Boundary distances : {(0, 1): 123.40182939572738, (1, 2): None}
[36m(CaseRunnerActor pid=28852)[0m [2025-10-24 10:21:12,429] [INFO] [run 0 iter 11] Process RSS:   1.86 GB | 
[36m(CaseRunnerActor pid=28851)[0m [2025-10-24 10:21:12,531] [INFO] [run 0 iter 17] Process RSS:   1.73 GB | 
[36m(CaseRunnerActor pid=28851)[0m [2025-10-24 10:22:23,205] [INFO] [run 0], measurements: 24/206, expense: 1.67e+04
[36m(CaseRunnerActor pid=28851)[0m [2025-10-24 10:22:23,205] [INFO] [run 0], Boundary distances : {(0, 1): 195.3864106921062, (1, 2): None}
[36m(CaseRunnerActor pid=28851)[0m [2025-10-24 10:22:23,337] [INFO] [run 0 iter 18] Process RSS:   1.59 GB | 
[36m(CaseRunnerActor pid=28856)[0m [2025-10-24 10:22:54,682] [INFO] [run 0], measurements: 43/206, expense: 1.80e+04
[36m(CaseRunnerActor pid=28856)[0m [2025-10-24 10:22:54,682] [INFO] [run 0], Boundary distances : {(0, 1): 564.0883915330735, (1, 2): 71.64243587920006}
[36m(CaseRunnerActor pid=28856)[0m [2025-10-24 10:22:54,793] [INFO] [run 0 iter 13] Process RSS:   1.80 GB | 
[36m(CaseRunnerActor pid=28852)[0m [2025-10-24 10:23:09,701] [INFO] [run 0], measurements: 66/206, expense: 3.21e+04
[36m(CaseRunnerActor pid=28852)[0m [2025-10-24 10:23:09,702] [INFO] [run 0], Boundary distances : {(0, 1): 142.37768006291043, (1, 2): 54.52634683081004}[36m(CaseRunnerActor pid=28851)[0m INFO:P0:[run 0 iter 29] Process RSS:   1.51 GB | 
[36m(CaseRunnerActor pid=28852)[0m 2025-10-24 10:40:39 - INFO - [evaluate.py] - Evaluating boundary (1, 2)
[36m(CaseRunnerActor pid=28852)[0m INFO:evaluate:Evaluating boundary (1, 2)
[36m(CaseRunnerActor pid=28856)[0m 2025-10-24 10:40:49 - INFO - [evaluate.py] - Boundary (1, 2): 705 points
[36m(CaseRunnerActor pid=28856)[0m INFO:evaluate:Boundary (1, 2): 705 points
[36m(CaseRunnerActor pid=28856)[0m 2025-10-24 10:40:49 - INFO - [evaluate.py] - Boundary (0, 1): 474 points
[36m(CaseRunnerActor pid=28856)[0m INFO:evaluate:Boundary (0, 1): 474 points
[36m(CaseRunnerActor pid=28856)[0m 2025-10-24 10:40:49 - INFO - [evaluate.py] - Evaluating boundary (0, 1)
[36m(CaseRunnerActor pid=28856)[0m INFO:evaluate:Evaluating boundary (0, 1)
[36m(CaseRunnerActor pid=28851)[0m 2025-10-24 10:41:09 - INFO - [evaluate.py] - Boundary (0, 1): 1002 points
[36m(CaseRunnerActor pid=28851)[0m INFO:evaluate:Boundary (0, 1): 1002 points
[36m(CaseRunnerActor pid=28851)[0m 2025-10-24 10:41:09 - INFO - [evaluate.py] - Boundary (1, 2): 209 points
[36m(CaseRunnerActor pid=28851)[0m INFO:evaluate:Boundary (1, 2): 209 points
[36m(CaseRunnerActor pid=28851)[0m 2025-10-24 10:41:09 - INFO - [evaluate.py] - Evaluating boundary (0, 1)
[36m(CaseRunnerActor pid=28851)[0m INFO:evaluate:Evaluating boundary (0, 1)
[36m(CaseRunnerActor pid=28856)[0m 2025-10-24 10:41:09 - INFO - [evaluate.py] - Evaluating boundary (1, 2)
[36m(CaseRunnerActor pid=28856)[0m INFO:evaluate:Evaluating boundary (1, 2)
[36m(CaseRunnerActor pid=28856)[0m INFO:P3:[run 0], measurements: 85/206, expense: 3.18e+04
[36m(CaseRunnerActor pid=28856)[0m INFO:P3:[run 0], Boundary distances : {(0, 1): 303.349822997606, (1, 2): 43.04531304162175}
[36m(CaseRunnerActor pid=28856)[0m INFO:P3:[run 0 iter 20] Process RSS:   1.61 GB | 
[36m(CaseRunnerActor pid=28852)[0m INFO:P5:[run 0], measurements: 96/206, expense: 4.44e+04
[36m(CaseRunnerActor pid=28852)[0m INFO:P5:[run 0], Boundary distances : {(0, 1): 148.12101895486416, (1, 2): 44.244483664036025}
[36m(CaseRunnerActor pid=28852)[0m INFO:P5:[run 0 iter 18] Process RSS:   1.60 GB | 
[36m(CaseRunnerActor pid=28851)[0m 2025-10-24 10:42:22 - INFO - [evaluate.py] - Evaluating boundary (1, 2)
[36m(CaseRunnerActor pid=28851)[0m INFO:evaluate:Evaluating boundary (1, 2)
[36m(CaseRunnerActor pid=28851)[0m INFO:P0:[run 0], measurements: 36/206, expense: 2.21e+04
[36m(CaseRunnerActor pid=28851)[0m INFO:P0:[run 0], Boundary distances : {(0, 1): 151.09156963746847, (1, 2): 263.4119190385899}
[36m(CaseRunnerActor pid=28851)[0m INFO:P0:[run 0 iter 30] Process RSS:   1.62 GB | 
[36m(CaseRunnerActor pid=28851)[0m 2025-10-24 10:43:35 - INFO - [evaluate.py] - Boundary (0, 1): 959 points
[36m(CaseRunnerActor pid=28851)[0m INFO:evaluate:Boundary (0, 1): 959 points
[36m(CaseRunnerActor pid=28851)[0m 2025-10-24 10:43:35 - INFO - [evaluate.py] - Boundary (1, 2): 195 points
[36m(CaseRunnerActor pid=28851)[0m INFO:evaluate:Boundary (1, 2): 195 points
[36m(CaseRunnerActor pid=28851)[0m 2025-10-24 10:43:35 - INFO - [evaluate.py] - Evaluating boundary (0, 1)
[36m(CaseRunnerActor pid=28851)[0m INFO:evaluate:Evaluating boundary (0, 1)
[36m(CaseRunnerActor pid=28852)[0m 2025-10-24 10:43:49 - INFO - [evaluate.py] - Boundary (0, 1): 876 points
[36m(CaseRunnerActor pid=28852)[0m INFO:evaluate:Boundary (0, 1): 876 points
[36m(CaseRunnerActor pid=28852)[0m 2025-10-24 10:43:49 - INFO - [evaluate.py] - Boundary (1, 2): 722 points
[36m(CaseRunnerActor pid=28852)[0m INFO:evaluate:Boundary (1, 2): 722 points
[36m(CaseRunnerActor pid=28852)[0m 2025-10-24 10:43:49 - INFO - [evaluate.py] - Evaluating boundary (0, 1)
[36m(CaseRunnerActor pid=28852)[0m INFO:evaluate:Evaluating boundary (0, 1)
[36m(CaseRunnerActor pid=28856)[0m 2025-10-24 10:43:51 - INFO - [evaluate.py] - Boundary (1, 2): 708 points
[36m(CaseRunnerActor pid=28856)[0m INFO:evaluate:Boundary (1, 2): 708 points
[36m(CaseRunnerActor pid=28856)[0m 2025-10-24 10:43:51 - INFO - [evaluate.py] - Boundary (0, 1): 539 points
[36m(CaseRunnerActor pid=28856)[0m INFO:evaluate:Boundary (0, 1): 539 points
[36m(CaseRunnerActor pid=28856)[0m 2025-10-24 10:43:51 - INFO - [evaluate.py] - Evaluating boundary (0, 1)
[36m(CaseRunnerActor pid=28856)[0m INFO:evaluate:Evaluating boundary (0, 1)
[36m(CaseRunnerActor pid=28852)[0m 2025-10-24 10:44:08 - INFO - [evaluate.py] - Evaluating boundary (1, 2)
[36m(CaseRunnerActor pid=28852)[0m INFO:evaluate:Evaluating boundary (1, 2)
[36m(CaseRunnerActor pid=28851)[0m 2025-10-24 10:44:20 - INFO - [evaluate.py] - Evaluating boundary (1, 2)
[36m(CaseRunnerActor pid=28851)[0m INFO:evaluate:Evaluating boundary (1, 2)
[36m(CaseRunnerActor pid=28851)[0m INFO:P0:[run 0], measurements: 37/206, expense: 2.31e+04
[36m(CaseRunnerActor pid=28851)[0m INFO:P0:[run 0], Boundary distances : {(0, 1): 159.43563414779086, (1, 2): 282.9066028028001}
[36m(CaseRunnerActor pid=28851)[0m INFO:P0:[run 0 iter 31] Process RSS:   1.77 GB | 
[36m(CaseRunnerActor pid=28856)[0m 2025-10-24 10:45:04 - INFO - [evaluate.py] - Evaluating boundary (1, 2)
[36m(CaseRunnerActor pid=28856)[0m INFO:evaluate:Evaluating boundary (1, 2)
[36m(CaseRunnerActor pid=28852)[0m INFO:P5:[run 0], measurements: 101/206, expense: 4.68e+04
[36m(CaseRunnerActor pid=28852)[0m INFO:P5:[run 0], Boundary distances : {(0, 1): 140.09676440779504, (1, 2): 43.211822389636254}
[36m(CaseRunnerActor pid=28852)[0m INFO:P5:[run 0 iter 19] Process RSS:   1.43 GB | 
[36m(CaseRunnerActor pid=28851)[0m 2025-10-24 10:45:40 - INFO - [evaluate.py] - Boundary (0, 1): 958 points
[36m(CaseRunnerActor pid=28851)[0m INFO:evaluate:Boundary (0, 1): 958 points
[36m(CaseRunnerActor pid=28851)[0m 2025-10-24 10:45:40 - INFO - [evaluate.py] - Boundary (1, 2): 325 points
[36m(CaseRunnerActor pid=28851)[0m INFO:evaluate:Boundary (1, 2): 325 points
[36m(CaseRunnerActor pid=28851)[0m 2025-10-24 10:45:40 - INFO - [evaluate.py] - Evaluating boundary (0, 1)
[36m(CaseRunnerActor pid=28851)[0m INFO:evaluate:Evaluating boundary (0, 1)
[36m(CaseRunnerActor pid=28856)[0m INFO:P3:[run 0], measurements: 91/206, expense: 3.34e+04
[36m(CaseRunnerActor pid=28856)[0m INFO:P3:[run 0], Boundary distances : {(0, 1): 283.15456079212754, (1, 2): 40.383344667994905}
[36m(CaseRunnerActor pid=28856)[0m INFO:P3:[run 0 iter 21] Process RSS:   1.50 GB | 
[36m(CaseRunnerActor pid=28851)[0m 2025-10-24 10:46:25 - INFO - [evaluate.py] - Evaluating boundary (1, 2)
[36m(CaseRunnerActor pid=28851)[0m INFO:evaluate:Evaluating boundary (1, 2)
[36m(CaseRunnerActor pid=28851)[0m INFO:P0:[run 0], measurements: 38/206, expense: 2.34e+04
[36m(CaseRunnerActor pid=28851)[0m INFO:P0:[run 0], Boundary distances : {(0, 1): 165.35826075638658, (1, 2): 155.36434284918107}
[36m(CaseRunnerActor pid=28851)[0m INFO:P0:[run 0 iter 32] Process RSS:   1.64 GB | 
[36m(CaseRunnerActor pid=28852)[0m 2025-10-24 10:47:24 - INFO - [evaluate.py] - Boundary (0, 1): 877 points
[36m(CaseRunnerActor pid=28852)[0m INFO:evaluate:Boundary (0, 1): 877 points
[36m(CaseRunnerActor pid=28852)[0m 2025-10-24 10:47:24 - INFO - [evaluate.py] - Boundary (1, 2): 742 points
[36m(CaseRunnerActor pid=28852)[0m INFO:evaluate:Boundary (1, 2): 742 points
[36m(CaseRunnerActor pid=28852)[0m 2025-10-24 10:47:24 - INFO - [evaluate.py] - Evaluating boundary (0, 1)
[36m(CaseRunnerActor pid=28852)[0m INFO:evaluate:Evaluating boundary (0, 1)
[36m(CaseRunnerActor pid=28852)[0m 2025-10-24 10:47:42 - INFO - [evaluate.py] - Evaluating boundary (1, 2)
[36m(CaseRunnerActor pid=28852)[0m INFO:evaluate:Evaluating boundary (1, 2)
[36m(CaseRunnerActor pid=28856)[0m 2025-10-24 10:47:53 - INFO - [evaluate.py] - Boundary (1, 2): 727 points
[36m(CaseRunnerActor pid=28856)[0m INFO:evaluate:Boundary (1, 2): 727 points
[36m(CaseRunnerActor pid=28856)[0m 2025-10-24 10:47:53 - INFO - [evaluate.py] - Boundary (0, 1): 583 points
[36m(CaseRunnerActor pid=28856)[0m INFO:evaluate:Boundary (0, 1): 583 points
[36m(CaseRunnerActor pid=28856)[0m 2025-10-24 10:47:53 - INFO - [evaluate.py] - Evaluating boundary (0, 1)
[36m(CaseRunnerActor pid=28856)[0m INFO:evaluate:Evaluating boundary (0, 1)
[36m(CaseRunnerActor pid=28851)[0m 2025-10-24 10:47:56 - INFO - [evaluate.py] - Boundary (0, 1): 957 points
[36m(CaseRunnerActor pid=28851)[0m INFO:evaluate:Boundary (0, 1): 957 points
[36m(CaseRunnerActor pid=28851)[0m 2025-10-24 10:47:56 - INFO - [evaluate.py] - Boundary (1, 2): 448 points
[36m(CaseRunnerActor pid=28851)[0m INFO:evaluate:Boundary (1, 2): 448 points
[36m(CaseRunnerActor pid=28851)[0m 2025-10-24 10:47:56 - INFO - [evaluate.py] - Evaluating boundary (0, 1)
[36m(CaseRunnerActor pid=28851)[0m INFO:evaluate:Evaluating boundary (0, 1)
[36m(CaseRunnerActor pid=28856)[0m 2025-10-24 10:48:16 - INFO - [evaluate.py] - Evaluating boundary (1, 2)
[36m(CaseRunnerActor pid=28856)[0m INFO:evaluate:Evaluating boundary (1, 2)
[36m(CaseRunnerActor pid=28856)[0m INFO:P3:[run 0], measurements: 97/206, expense: 3.57e+04
[36m(CaseRunnerActor pid=28856)[0m INFO:P3:[run 0], Boundary distances : {(0, 1): 278.4555604495532, (1, 2): 39.306078535603504}
[36m(CaseRunnerActor pid=28856)[0m INFO:P3:[run 0 iter 22] Process RSS:   1.50 GB | 
[36m(CaseRunnerActor pid=28851)[0m 2025-10-24 10:48:45 - INFO - [evaluate.py] - Evaluating boundary (1, 2)
[36m(CaseRunnerActor pid=28851)[0m INFO:evaluate:Evaluating boundary (1, 2)
[36m(CaseRunnerActor pid=28852)[0m INFO:P5:[run 0], measurements: 106/206, expense: 4.92e+04
[36m(CaseRunnerActor pid=28852)[0m INFO:P5:[run 0], Boundary distances : {(0, 1): 142.03118541823625, (1, 2): 39.27488659145146}
[36m(CaseRunnerActor pid=28852)[0m INFO:P5:[run 0 iter 20] Process RSS:   1.50 GB | 
[36m(CaseRunnerActor pid=28851)[0m INFO:P0:[run 0], measurements: 39/206, expense: 2.34e+04
[36m(CaseRunnerActor pid=28851)[0m INFO:P0:[run 0], Boundary distances : {(0, 1): 182.7402894450455, (1, 2): 93.92590536595378}
[36m(CaseRunnerActor pid=28851)[0m INFO:P0:[run 0 iter 33] Process RSS:   1.64 GB | 
[36m(CaseRunnerActor pid=28856)[0m 2025-10-24 10:50:26 - INFO - [evaluate.py] - Boundary (1, 2): 700 points
[36m(CaseRunnerActor pid=28856)[0m INFO:evaluate:Boundary (1, 2): 700 points
[36m(CaseRunnerActor pid=28856)[0m 2025-10-24 10:50:26 - INFO - [evaluate.py] - Boundary (0, 1): 770 points
[36m(CaseRunnerActor pid=28856)[0m INFO:evaluate:Boundary (0, 1): 770 points
[36m(CaseRunnerActor pid=28856)[0m 2025-10-24 10:50:26 - INFO - [evaluate.py] - Evaluating boundary (0, 1)
[36m(CaseRunnerActor pid=28856)[0m INFO:evaluate:Evaluating boundary (0, 1)
[36m(CaseRunnerActor pid=28851)[0m 2025-10-24 10:50:31 - INFO - [evaluate.py] - Boundary (0, 1): 955 points
[36m(CaseRunnerActor pid=28851)[0m INFO:evaluate:Boundary (0, 1): 955 points
[36m(CaseRunnerActor pid=28851)[0m 2025-10-24 10:50:31 - INFO - [evaluate.py] - Boundary (1, 2): 397 points
[36m(CaseRunnerActor pid=28851)[0m INFO:evaluate:Boundary (1, 2): 397 points
[36m(CaseRunnerActor pid=28851)[0m 2025-10-24 10:50:31 - INFO - [evaluate.py] - Evaluating boundary (0, 1)
[36m(CaseRunnerActor pid=28851)[0m INFO:evaluate:Evaluating boundary (0, 1)
[36m(CaseRunnerActor pid=28851)[0m 2025-10-24 10:50:52 - INFO - [evaluate.py] - Evaluating boundary (1, 2)
[36m(CaseRunnerActor pid=28851)[0m INFO:evaluate:Evaluating boundary (1, 2)
[36m(CaseRunnerActor pid=28852)[0m 2025-10-24 10:51:03 - INFO - [evaluate.py] - Boundary (0, 1): 870 points
[36m(CaseRunnerActor pid=28852)[0m INFO:evaluate:Boundary (0, 1): 870 points
[36m(CaseRunnerActor pid=28852)[0m 2025-10-24 10:51:03 - INFO - [evaluate.py] - Boundary (1, 2): 711 points
[36m(CaseRunnerActor pid=28852)[0m INFO:evaluate:Boundary (1, 2): 711 points
[36m(CaseRunnerActor pid=28852)[0m 2025-10-24 10:51:03 - INFO - [evaluate.py] - Evaluating boundary (0, 1)
[36m(CaseRunnerActor pid=28852)[0m INFO:evaluate:Evaluating boundary (0, 1)
[36m(CaseRunnerActor pid=28851)[0m INFO:P0:[run 0], measurements: 40/206, expense: 2.43e+04
[36m(CaseRunnerActor pid=28851)[0m INFO:P0:[run 0], Boundary distances : {(0, 1): 163.97337372923334, (1, 2): 111.6987099076683}
[36m(CaseRunnerActor pid=28851)[0m INFO:P0:[run 0 iter 34] Process RSS:   1.51 GB | 
[36m(CaseRunnerActor pid=28856)[0m 2025-10-24 10:51:19 - INFO - [evaluate.py] - Evaluating boundary (1, 2)
[36m(CaseRunnerActor pid=28856)[0m INFO:evaluate:Evaluating boundary (1, 2)
[36m(CaseRunnerActor pid=28852)[0m 2025-10-24 10:51:29 - INFO - [evaluate.py] - Evaluating boundary (1, 2)
[36m(CaseRunnerActor pid=28852)[0m INFO:evaluate:Evaluating boundary (1, 2)
[36m(CaseRunnerActor pid=28856)[0m INFO:P3:[run 0], measurements: 103/206, expense: 3.78e+04
[36m(CaseRunnerActor pid=28856)[0m INFO:P3:[run 0], Boundary distances : {(0, 1): 399.3223821924794, (1, 2): 32.24449786517647}
[36m(CaseRunnerActor pid=28856)[0m INFO:P3:[run 0 iter 23] Process RSS:   1.50 GB | 
[36m(CaseRunnerActor pid=28851)[0m 2025-10-24 10:52:02 - INFO - [evaluate.py] - Boundary (0, 1): 930 points
[36m(CaseRunnerActor pid=28851)[0m INFO:evaluate:Boundary (0, 1): 930 points
[36m(CaseRunnerActor pid=28851)[0m 2025-10-24 10:52:02 - INFO - [evaluate.py] - Boundary (1, 2): 396 points
[36m(CaseRunnerActor pid=28851)[0m INFO:evaluate:Boundary (1, 2): 396 points
[36m(CaseRunnerActor pid=28851)[0m 2025-10-24 10:52:02 - INFO - [evaluate.py] - Evaluating boundary (0, 1)
[36m(CaseRunnerActor pid=28851)[0m INFO:evaluate:Evaluating boundary (0, 1)
[36m(CaseRunnerActor pid=28852)[0m INFO:P5:[run 0], measurements: 111/206, expense: 5.09e+04
[36m(CaseRunnerActor pid=28852)[0m INFO:P5:[run 0], Boundary distances : {(0, 1): 152.63300052924149, (1, 2): 40.32494576426608}
[36m(CaseRunnerActor pid=28852)[0m INFO:P5:[run 0 iter 21] Process RSS:   1.50 GB | 
[36m(CaseRunnerActor pid=28851)[0m 2025-10-24 10:52:41 - INFO - [evaluate.py] - Evaluating boundary (1, 2)
[36m(CaseRunnerActor pid=28851)[0m INFO:evaluate:Evaluating boundary (1, 2)
[36m(CaseRunnerActor pid=28851)[0m INFO:P0:[run 0], measurements: 41/206, expense: 2.45e+04
[36m(CaseRunnerActor pid=28851)[0m INFO:P0:[run 0], Boundary distances : {(0, 1): 187.9146401796943, (1, 2): 111.13418754117626}
[36m(CaseRunnerActor pid=28851)[0m INFO:P0:[run 0 iter 35] Process RSS:   1.51 GB | 
[36m(CaseRunnerActor pid=28856)[0m 2025-10-24 10:53:37 - INFO - [evaluate.py] - Boundary (0, 1): 910 points
[36m(CaseRunnerActor pid=28856)[0m INFO:evaluate:Boundary (0, 1): 910 points
[36m(CaseRunnerActor pid=28856)[0m 2025-10-24 10:53:37 - INFO - [evaluate.py] - Boundary (1, 2): 649 points
[36m(CaseRunnerActor pid=28856)[0m INFO:evaluate:Boundary (1, 2): 649 points
[36m(CaseRunnerActor pid=28856)[0m 2025-10-24 10:53:37 - INFO - [evaluate.py] - Evaluating boundary (0, 1)
[36m(CaseRunnerActor pid=28856)[0m INFO:evaluate:Evaluating boundary (0, 1)
[36m(CaseRunnerActor pid=28852)[0m 2025-10-24 10:54:11 - INFO - [evaluate.py] - Boundary (0, 1): 870 points
[36m(CaseRunnerActor pid=28852)[0m INFO:evaluate:Boundary (0, 1): 870 points
[36m(CaseRunnerActor pid=28852)[0m 2025-10-24 10:54:11 - INFO - [evaluate.py] - Boundary (1, 2): 718 points
[36m(CaseRunnerActor pid=28852)[0m INFO:evaluate:Boundary (1, 2): 718 points
[36m(CaseRunnerActor pid=28852)[0m 2025-10-24 10:54:11 - INFO - [evaluate.py] - Evaluating boundary (0, 1)
[36m(CaseRunnerActor pid=28852)[0m INFO:evaluate:Evaluating boundary (0, 1)
[36m(CaseRunnerActor pid=28851)[0m 2025-10-24 10:54:11 - INFO - [evaluate.py] - Boundary (0, 1): 936 points
[36m(CaseRunnerActor pid=28851)[0m INFO:evaluate:Boundary (0, 1): 936 points
[36m(CaseRunnerActor pid=28851)[0m 2025-10-24 10:54:11 - INFO - [evaluate.py] - Boundary (1, 2): 372 points
[36m(CaseRunnerActor pid=28851)[0m INFO:evaluate:Boundary (1, 2): 372 points
[36m(CaseRunnerActor pid=28851)[0m 2025-10-24 10:54:11 - INFO - [evaluate.py] - Evaluating boundary (0, 1)
[36m(CaseRunnerActor pid=28851)[0m INFO:evaluate:Evaluating boundary (0, 1)
[36m(CaseRunnerActor pid=28852)[0m 2025-10-24 10:54:36 - INFO - [evaluate.py] - Evaluating boundary (1, 2)
[36m(CaseRunnerActor pid=28852)[0m INFO:evaluate:Evaluating boundary (1, 2)
[36m(CaseRunnerActor pid=28856)[0m 2025-10-24 10:54:36 - INFO - [evaluate.py] - Evaluating boundary (1, 2)
[36m(CaseRunnerActor pid=28856)[0m INFO:evaluate:Evaluating boundary (1, 2)
[36m(CaseRunnerActor pid=28851)[0m 2025-10-24 10:54:40 - INFO - [evaluate.py] - Evaluating boundary (1, 2)
[36m(CaseRunnerActor pid=28851)[0m INFO:evaluate:Evaluating boundary (1, 2)
[36m(CaseRunnerActor pid=28856)[0m INFO:P3:[run 0], measurements: 109/206, expense: 4.01e+04
[36m(CaseRunnerActor pid=28856)[0m INFO:P3:[run 0], Boundary distances : {(0, 1): 408.3444051704886, (1, 2): 23.692727981025314}
[36m(CaseRunnerActor pid=28856)[0m INFO:P3:[run 0 iter 24] Process RSS:   1.51 GB | 
[36m(CaseRunnerActor pid=28852)[0m INFO:P5:[run 0], measurements: 116/206, expense: 5.30e+04
[36m(CaseRunnerActor pid=28852)[0m INFO:P5:[run 0], Boundary distances : {(0, 1): 141.09524452164231, (1, 2): 39.80745571518723}
[36m(CaseRunnerActor pid=28852)[0m INFO:P5:[run 0 iter 22] Process RSS:   1.51 GB | 
[36m(CaseRunnerActor pid=28851)[0m INFO:P0:[run 0], measurements: 42/206, expense: 2.45e+04
[36m(CaseRunnerActor pid=28851)[0m INFO:P0:[run 0], Boundary distances : {(0, 1): 112.08778954207196, (1, 2): 131.53254968610588}
[36m(CaseRunnerActor pid=28851)[0m INFO:P0:[run 0 iter 36] Process RSS:   1.78 GB | 
[36m(CaseRunnerActor pid=28851)[0m 2025-10-24 10:56:55 - INFO - [evaluate.py] - Boundary (0, 1): 976 points
[36m(CaseRunnerActor pid=28851)[0m INFO:evaluate:Boundary (0, 1): 976 points
[36m(CaseRunnerActor pid=28851)[0m 2025-10-24 10:56:55 - INFO - [evaluate.py] - Boundary (1, 2): 367 points
[36m(CaseRunnerActor pid=28851)[0m INFO:evaluate:Boundary (1, 2): 367 points
[36m(CaseRunnerActor pid=28851)[0m 2025-10-24 10:56:55 - INFO - [evaluate.py] - Evaluating boundary (0, 1)
[36m(CaseRunnerActor pid=28851)[0m INFO:evaluate:Evaluating boundary (0, 1)
[36m(CaseRunnerActor pid=28856)[0m 2025-10-24 10:57:39 - INFO - [evaluate.py] - Boundary (0, 1): 927 points
[36m(CaseRunnerActor pid=28856)[0m INFO:evaluate:Boundary (0, 1): 927 points
[36m(CaseRunnerActor pid=28856)[0m 2025-10-24 10:57:39 - INFO - [evaluate.py] - Boundary (1, 2): 680 points
[36m(CaseRunnerActor pid=28856)[0m INFO:evaluate:Boundary (1, 2): 680 points
[36m(CaseRunnerActor pid=28856)[0m 2025-10-24 10:57:39 - INFO - [evaluate.py] - Evaluating boundary (0, 1)
[36m(CaseRunnerActor pid=28856)[0m INFO:evaluate:Evaluating boundary (0, 1)
[36m(CaseRunnerActor pid=28851)[0m 2025-10-24 10:57:45 - INFO - [evaluate.py] - Evaluating boundary (1, 2)
[36m(CaseRunnerActor pid=28851)[0m INFO:evaluate:Evaluating boundary (1, 2)
[36m(CaseRunnerActor pid=28852)[0m 2025-10-24 10:57:47 - INFO - [evaluate.py] - Boundary (0, 1): 871 points
[36m(CaseRunnerActor pid=28852)[0m INFO:evaluate:Boundary (0, 1): 871 points
[36m(CaseRunnerActor pid=28852)[0m 2025-10-24 10:57:47 - INFO - [evaluate.py] - Boundary (1, 2): 740 points
[36m(CaseRunnerActor pid=28852)[0m INFO:evaluate:Boundary (1, 2): 740 points
[36m(CaseRunnerActor pid=28852)[0m 2025-10-24 10:57:47 - INFO - [evaluate.py] - Evaluating boundary (0, 1)
[36m(CaseRunnerActor pid=28852)[0m INFO:evaluate:Evaluating boundary (0, 1)
[36m(CaseRunnerActor pid=28856)[0m 2025-10-24 10:58:11 - INFO - [evaluate.py] - Evaluating boundary (1, 2)
[36m(CaseRunnerActor pid=28856)[0m INFO:evaluate:Evaluating boundary (1, 2)
[36m(CaseRunnerActor pid=28852)[0m 2025-10-24 10:58:32 - INFO - [evaluate.py] - Evaluating boundary (1, 2)
[36m(CaseRunnerActor pid=28852)[0m INFO:evaluate:Evaluating boundary (1, 2)
[36m(CaseRunnerActor pid=28851)[0m INFO:P0:[run 0], measurements: 43/206, expense: 2.55e+04
[36m(CaseRunnerActor pid=28851)[0m INFO:P0:[run 0], Boundary distances : {(0, 1): 136.43590520540067, (1, 2): 132.8876804189058}
[36m(CaseRunnerActor pid=28851)[0m INFO:P0:[run 0 iter 37] Process RSS:   1.61 GB | 
[36m(CaseRunnerActor pid=28856)[0m INFO:P3:[run 0], measurements: 115/206, expense: 4.16e+04
[36m(CaseRunnerActor pid=28856)[0m INFO:P3:[run 0], Boundary distances : {(0, 1): 523.5127099415763, (1, 2): 30.035176928313824}
[36m(CaseRunnerActor pid=28856)[0m INFO:P3:[run 0 iter 25] Process RSS:   1.45 GB | 
[36m(CaseRunnerActor pid=28852)[0m INFO:P5:[run 0], measurements: 121/206, expense: 5.49e+04
[36m(CaseRunnerActor pid=28852)[0m INFO:P5:[run 0], Boundary distances : {(0, 1): 145.83660775511046, (1, 2): 43.85020216207665}
[36m(CaseRunnerActor pid=28852)[0m INFO:P5:[run 0 iter 23] Process RSS:   1.44 GB | 
[36m(CaseRunnerActor pid=28851)[0m 2025-10-24 10:59:53 - INFO - [evaluate.py] - Boundary (0, 1): 975 points
[36m(CaseRunnerActor pid=28851)[0m INFO:evaluate:Boundary (0, 1): 975 points
[36m(CaseRunnerActor pid=28851)[0m 2025-10-24 10:59:53 - INFO - [evaluate.py] - Boundary (1, 2): 483 points
[36m(CaseRunnerActor pid=28851)[0m INFO:evaluate:Boundary (1, 2): 483 points
[36m(CaseRunnerActor pid=28851)[0m 2025-10-24 10:59:53 - INFO - [evaluate.py] - Evaluating boundary (0, 1)
[36m(CaseRunnerActor pid=28851)[0m INFO:evaluate:Evaluating boundary (0, 1)
[36m(CaseRunnerActor pid=28851)[0m 2025-10-24 11:00:28 - INFO - [evaluate.py] - Evaluating boundary (1, 2)
[36m(CaseRunnerActor pid=28851)[0m INFO:evaluate:Evaluating boundary (1, 2)
[36m(CaseRunnerActor pid=28851)[0m INFO:P0:[run 0], measurements: 44/206, expense: 2.55e+04
[36m(CaseRunnerActor pid=28851)[0m INFO:P0:[run 0], Boundary distances : {(0, 1): 137.59393622663018, (1, 2): 66.40176660879483}

[36m(CaseRunnerActor pid=28852)[0m [2025-10-24 10:23:09,801] [INFO] [run 0 iter 12] Process RSS:   1.87 GB | 
[36m(CaseRunnerActor pid=28851)[0m [2025-10-24 10:23:30,472] [INFO] [run 0], measurements: 25/206, expense: 1.70e+04
[36m(CaseRunnerActor pid=28851)[0m [2025-10-24 10:23:30,472] [INFO] [run 0], Boundary distances : {(0, 1): 166.5677264865747, (1, 2): None}
[36m(CaseRunnerActor pid=28851)[0m [2025-10-24 10:23:30,595] [INFO] [run 0 iter 19] Process RSS:   1.59 GB | 
[36m(CaseRunnerActor pid=28851)[0m [2025-10-24 10:24:19,826] [INFO] [run 0], measurements: 26/206, expense: 1.71e+04
[36m(CaseRunnerActor pid=28851)[0m [2025-10-24 10:24:19,826] [INFO] [run 0], Boundary distances : {(0, 1): 277.2655297824391, (1, 2): None}
[36m(CaseRunnerActor pid=28851)[0m [2025-10-24 10:24:19,929] [INFO] [run 0 iter 20] Process RSS:   1.73 GB | 
[36m(CaseRunnerActor pid=28856)[0m [2025-10-24 10:24:56,294] [INFO] [run 0], measurements: 49/206, expense: 2.02e+04
[36m(CaseRunnerActor pid=28856)[0m [2025-10-24 10:24:56,295] [INFO] [run 0], Boundary distances : {(0, 1): 575.1170496149837, (1, 2): 46.234314524412255}
[36m(CaseRunnerActor pid=28856)[0m [2025-10-24 10:24:56,387] [INFO] [run 0 iter 14] Process RSS:   2.01 GB | 
[36m(CaseRunnerActor pid=28852)[0m [2025-10-24 10:25:22,835] [INFO] [run 0], measurements: 71/206, expense: 3.43e+04
[36m(CaseRunnerActor pid=28852)[0m [2025-10-24 10:25:22,836] [INFO] [run 0], Boundary distances : {(0, 1): 145.90253196054357, (1, 2): 40.7603154026319}
[36m(CaseRunnerActor pid=28852)[0m [2025-10-24 10:25:22,930] [INFO] [run 0 iter 13] Process RSS:   1.60 GB | 
[36m(CaseRunnerActor pid=28851)[0m [2025-10-24 10:25:29,255] [INFO] [run 0], measurements: 27/206, expense: 1.75e+04
[36m(CaseRunnerActor pid=28851)[0m [2025-10-24 10:25:29,255] [INFO] [run 0], Boundary distances : {(0, 1): 462.20207899816074, (1, 2): None}
[36m(CaseRunnerActor pid=28851)[0m [2025-10-24 10:25:29,349] [INFO] [run 0 iter 21] Process RSS:   1.59 GB | 
[36m(CaseRunnerActor pid=28851)[0m [2025-10-24 10:26:39,800] [INFO] [run 0], measurements: 28/206, expense: 1.75e+04
[36m(CaseRunnerActor pid=28851)[0m [2025-10-24 10:26:39,800] [INFO] [run 0], Boundary distances : {(0, 1): 474.52154750432373, (1, 2): None}
[36m(CaseRunnerActor pid=28851)[0m [2025-10-24 10:26:39,915] [INFO] [run 0 iter 22] Process RSS:   2.01 GB | 
[36m(CaseRunnerActor pid=28856)[0m [2025-10-24 10:27:32,283] [INFO] [run 0], measurements: 55/206, expense: 2.17e+04
[36m(CaseRunnerActor pid=28856)[0m [2025-10-24 10:27:32,283] [INFO] [run 0], Boundary distances : {(0, 1): 575.3108662697807, (1, 2): 47.58984363618788}
[36m(CaseRunnerActor pid=28856)[0m [2025-10-24 10:27:32,449] [INFO] [run 0 iter 15] Process RSS:   1.59 GB | 
[36m(CaseRunnerActor pid=28852)[0m [2025-10-24 10:27:58,031] [INFO] [run 0], measurements: 76/206, expense: 3.67e+04
[36m(CaseRunnerActor pid=28852)[0m [2025-10-24 10:27:58,031] [INFO] [run 0], Boundary distances : {(0, 1): 135.7360439356907, (1, 2): 36.50374214489323}
[36m(CaseRunnerActor pid=28852)[0m [2025-10-24 10:27:58,186] [INFO] [run 0 iter 14] Process RSS:   1.60 GB | 
[36m(CaseRunnerActor pid=28851)[0m [2025-10-24 10:28:24,673] [INFO] [run 0], measurements: 29/206, expense: 1.85e+04
[36m(CaseRunnerActor pid=28851)[0m [2025-10-24 10:28:24,674] [INFO] [run 0], Boundary distances : {(0, 1): 467.6720823260603, (1, 2): 483.1196859919428}
[36m(CaseRunnerActor pid=28851)[0m [2025-10-24 10:28:24,840] [INFO] [run 0 iter 23] Process RSS:   1.62 GB | 
[36m(CaseRunnerActor pid=28856)[0m [2025-10-24 10:30:00,389] [INFO] [run 0], measurements: 61/206, expense: 2.32e+04
[36m(CaseRunnerActor pid=28856)[0m [2025-10-24 10:30:00,389] [INFO] [run 0], Boundary distances : {(0, 1): 594.9662814788736, (1, 2): 49.89920881953192}
[36m(CaseRunnerActor pid=28856)[0m [2025-10-24 10:30:00,543] [INFO] [run 0 iter 16] Process RSS:   1.64 GB | 
[36m(CaseRunnerActor pid=28851)[0m [2025-10-24 10:30:26,924] [INFO] [run 0], measurements: 30/206, expense: 1.86e+04
[36m(CaseRunnerActor pid=28851)[0m [2025-10-24 10:30:26,924] [INFO] [run 0], Boundary distances : {(0, 1): 483.63954303608307, (1, 2): 195.2333124976016}
[36m(CaseRunnerActor pid=28851)[0m [2025-10-24 10:30:27,038] [INFO] [run 0 iter 24] Process RSS:   1.68 GB | 
[36m(CaseRunnerActor pid=28852)[0m [2025-10-24 10:31:22,948] [INFO] [run 0], measurements: 81/206, expense: 3.85e+04
[36m(CaseRunnerActor pid=28852)[0m [2025-10-24 10:31:22,948] [INFO] [run 0], Boundary distances : {(0, 1): 130.6321274282502, (1, 2): 37.335578673465136}
[36m(CaseRunnerActor pid=28852)[0m [2025-10-24 10:31:23,068] [INFO] [run 0 iter 15] Process RSS:   1.53 GB | 
[36m(CaseRunnerActor pid=28851)[0m [2025-10-24 10:31:51,635] [INFO] [run 0], measurements: 31/206, expense: 1.87e+04
[36m(CaseRunnerActor pid=28851)[0m [2025-10-24 10:31:51,636] [INFO] [run 0], Boundary distances : {(0, 1): 356.78808083088796, (1, 2): 363.2173212495609}
[36m(CaseRunnerActor pid=28851)[0m [2025-10-24 10:31:51,732] [INFO] [run 0 iter 25] Process RSS:   1.89 GB | 
[36m(CaseRunnerActor pid=28856)[0m [2025-10-24 10:32:33,670] [INFO] [run 0], measurements: 67/206, expense: 2.56e+04
[36m(CaseRunnerActor pid=28856)[0m [2025-10-24 10:32:33,670] [INFO] [run 0], Boundary distances : {(0, 1): 571.8624832334355, (1, 2): 44.51142665611986}
[36m(CaseRunnerActor pid=28856)[0m [2025-10-24 10:32:33,778] [INFO] [run 0 iter 17] Process RSS:   1.51 GB | 
[36m(CaseRunnerActor pid=28851)[0m [2025-10-24 10:34:38,674] [INFO] [run 0], measurements: 32/206, expense: 1.97e+04
[36m(CaseRunnerActor pid=28851)[0m [2025-10-24 10:34:38,675] [INFO] [run 0], Boundary distances : {(0, 1): 367.05059408338377, (1, 2): 198.42816809123207}
[36m(CaseRunnerActor pid=28851)[0m [2025-10-24 10:34:38,829] [INFO] [run 0 iter 26] Process RSS:   1.88 GB | 
[36m(CaseRunnerActor pid=28852)[0m [2025-10-24 10:34:46,356] [INFO] [run 0], measurements: 86/206, expense: 4.02e+04
[36m(CaseRunnerActor pid=28852)[0m [2025-10-24 10:34:46,356] [INFO] [run 0], Boundary distances : {(0, 1): 148.0777152547868, (1, 2): 38.562456047640545}
[36m(CaseRunnerActor pid=28852)[0m [2025-10-24 10:34:46,472] [INFO] [run 0 iter 16] Process RSS:   1.60 GB | 
[36m(CaseRunnerActor pid=28856)[0m [2025-10-24 10:36:16,609] [INFO] [run 0], measurements: 73/206, expense: 2.72e+04
[36m(CaseRunnerActor pid=28856)[0m [2025-10-24 10:36:16,609] [INFO] [run 0], Boundary distances : {(0, 1): 341.7752720336665, (1, 2): 32.95140486073275}
[36m(CaseRunnerActor pid=28856)[0m [2025-10-24 10:36:16,768] [INFO] [run 0 iter 18] Process RSS:   1.48 GB | 
[36m(CaseRunnerActor pid=28851)[0m [2025-10-24 10:36:35,845] [INFO] [run 0], measurements: 33/206, expense: 1.99e+04
[36m(CaseRunnerActor pid=28851)[0m [2025-10-24 10:36:35,845] [INFO] [run 0], Boundary distances : {(0, 1): 288.9482446574202, (1, 2): 286.5572807188729}
[36m(CaseRunnerActor pid=28851)[0m [2025-10-24 10:36:35,956] [INFO] [run 0 iter 27] Process RSS:   1.59 GB | 
[36m(CaseRunnerActor pid=28852)[0m [2025-10-24 10:37:57,405] [INFO] [run 0], measurements: 91/206, expense: 4.19e+04
[36m(CaseRunnerActor pid=28852)[0m [2025-10-24 10:37:57,405] [INFO] [run 0], Boundary distances : {(0, 1): 154.4707091072013, (1, 2): 41.139923153694205}
[36m(CaseRunnerActor pid=28852)[0m [2025-10-24 10:37:57,524] [INFO] [run 0 iter 17] Process RSS:   1.61 GB | 
[36m(CaseRunnerActor pid=28851)[0m [2025-10-24 10:38:04,731] [INFO] [run 0], measurements: 34/206, expense: 2.08e+04
[36m(CaseRunnerActor pid=28851)[0m [2025-10-24 10:38:04,731] [INFO] [run 0], Boundary distances : {(0, 1): 284.7195998404966, (1, 2): 181.55700909311787}
[36m(CaseRunnerActor pid=28851)[0m [2025-10-24 10:38:04,840] [INFO] [run 0 iter 28] Process RSS:   1.88 GB | 
[36m(CaseRunnerActor pid=28856)[0m [2025-10-24 10:39:01,680] [INFO] [run 0], measurements: 79/206, expense: 2.95e+04
[36m(CaseRunnerActor pid=28856)[0m [2025-10-24 10:39:01,680] [INFO] [run 0], Boundary distances : {(0, 1): 308.0205264067989, (1, 2): 32.78144258267602}
[36m(CaseRunnerActor pid=28856)[0m [2025-10-24 10:39:01,803] [INFO] [run 0 iter 19] Process RSS:   1.48 GB | 
[36m(CaseRunnerActor pid=28851)[0m [2025-10-24 10:40:11,580] [INFO] [run 0], measurements: 35/206, expense: 2.11e+04[36m(CaseRunnerActor pid=28851)[0m INFO:P0:[run 0 iter 38] Process RSS:   1.58 GB | 
[36m(CaseRunnerActor pid=28856)[0m 2025-10-24 11:01:14 - INFO - [evaluate.py] - Boundary (0, 1): 925 points
[36m(CaseRunnerActor pid=28856)[0m INFO:evaluate:Boundary (0, 1): 925 points
[36m(CaseRunnerActor pid=28856)[0m 2025-10-24 11:01:14 - INFO - [evaluate.py] - Boundary (1, 2): 684 points
[36m(CaseRunnerActor pid=28856)[0m INFO:evaluate:Boundary (1, 2): 684 points
[36m(CaseRunnerActor pid=28856)[0m 2025-10-24 11:01:14 - INFO - [evaluate.py] - Evaluating boundary (0, 1)
[36m(CaseRunnerActor pid=28856)[0m INFO:evaluate:Evaluating boundary (0, 1)
[36m(CaseRunnerActor pid=28852)[0m 2025-10-24 11:01:36 - INFO - [evaluate.py] - Boundary (0, 1): 870 points
[36m(CaseRunnerActor pid=28852)[0m INFO:evaluate:Boundary (0, 1): 870 points
[36m(CaseRunnerActor pid=28852)[0m 2025-10-24 11:01:36 - INFO - [evaluate.py] - Boundary (1, 2): 709 points
[36m(CaseRunnerActor pid=28852)[0m INFO:evaluate:Boundary (1, 2): 709 points
[36m(CaseRunnerActor pid=28852)[0m 2025-10-24 11:01:36 - INFO - [evaluate.py] - Evaluating boundary (0, 1)
[36m(CaseRunnerActor pid=28852)[0m INFO:evaluate:Evaluating boundary (0, 1)
[36m(CaseRunnerActor pid=28856)[0m 2025-10-24 11:01:59 - INFO - [evaluate.py] - Evaluating boundary (1, 2)
[36m(CaseRunnerActor pid=28856)[0m INFO:evaluate:Evaluating boundary (1, 2)
[36m(CaseRunnerActor pid=28851)[0m 2025-10-24 11:02:11 - INFO - [evaluate.py] - Boundary (0, 1): 973 points
[36m(CaseRunnerActor pid=28851)[0m INFO:evaluate:Boundary (0, 1): 973 points
[36m(CaseRunnerActor pid=28851)[0m 2025-10-24 11:02:11 - INFO - [evaluate.py] - Boundary (1, 2): 584 points
[36m(CaseRunnerActor pid=28851)[0m INFO:evaluate:Boundary (1, 2): 584 points
[36m(CaseRunnerActor pid=28851)[0m 2025-10-24 11:02:11 - INFO - [evaluate.py] - Evaluating boundary (0, 1)
[36m(CaseRunnerActor pid=28851)[0m INFO:evaluate:Evaluating boundary (0, 1)
[36m(CaseRunnerActor pid=28856)[0m INFO:P3:[run 0], measurements: 121/206, expense: 4.31e+04
[36m(CaseRunnerActor pid=28856)[0m INFO:P3:[run 0], Boundary distances : {(0, 1): 520.7326134365767, (1, 2): 33.44059479629571}
[36m(CaseRunnerActor pid=28856)[0m INFO:P3:[run 0 iter 26] Process RSS:   1.45 GB | 
[36m(CaseRunnerActor pid=28852)[0m 2025-10-24 11:02:32 - INFO - [evaluate.py] - Evaluating boundary (1, 2)
[36m(CaseRunnerActor pid=28852)[0m INFO:evaluate:Evaluating boundary (1, 2)
[36m(CaseRunnerActor pid=28851)[0m 2025-10-24 11:02:56 - INFO - [evaluate.py] - Evaluating boundary (1, 2)
[36m(CaseRunnerActor pid=28851)[0m INFO:evaluate:Evaluating boundary (1, 2)
[36m(CaseRunnerActor pid=28852)[0m INFO:P5:[run 0], measurements: 126/206, expense: 5.71e+04
[36m(CaseRunnerActor pid=28852)[0m INFO:P5:[run 0], Boundary distances : {(0, 1): 157.01382007210196, (1, 2): 35.40809741912014}
[36m(CaseRunnerActor pid=28852)[0m INFO:P5:[run 0 iter 24] Process RSS:   1.45 GB | 
[36m(CaseRunnerActor pid=28851)[0m INFO:P0:[run 0], measurements: 45/206, expense: 2.60e+04
[36m(CaseRunnerActor pid=28851)[0m INFO:P0:[run 0], Boundary distances : {(0, 1): 139.68459651525598, (1, 2): 47.589345914239686}
[36m(CaseRunnerActor pid=28851)[0m INFO:P0:[run 0 iter 39] Process RSS:   1.32 GB | 
[36m(CaseRunnerActor pid=28851)[0m 2025-10-24 11:04:24 - INFO - [evaluate.py] - Boundary (0, 1): 997 points
[36m(CaseRunnerActor pid=28851)[0m INFO:evaluate:Boundary (0, 1): 997 points
[36m(CaseRunnerActor pid=28851)[0m 2025-10-24 11:04:24 - INFO - [evaluate.py] - Boundary (1, 2): 584 points
[36m(CaseRunnerActor pid=28851)[0m INFO:evaluate:Boundary (1, 2): 584 points
[36m(CaseRunnerActor pid=28851)[0m 2025-10-24 11:04:24 - INFO - [evaluate.py] - Evaluating boundary (0, 1)
[36m(CaseRunnerActor pid=28851)[0m INFO:evaluate:Evaluating boundary (0, 1)
[36m(CaseRunnerActor pid=28856)[0m 2025-10-24 11:04:30 - INFO - [evaluate.py] - Boundary (0, 1): 934 points
[36m(CaseRunnerActor pid=28856)[0m INFO:evaluate:Boundary (0, 1): 934 points
[36m(CaseRunnerActor pid=28856)[0m 2025-10-24 11:04:30 - INFO - [evaluate.py] - Boundary (1, 2): 705 points
[36m(CaseRunnerActor pid=28856)[0m INFO:evaluate:Boundary (1, 2): 705 points
[36m(CaseRunnerActor pid=28856)[0m 2025-10-24 11:04:30 - INFO - [evaluate.py] - Evaluating boundary (0, 1)
[36m(CaseRunnerActor pid=28856)[0m INFO:evaluate:Evaluating boundary (0, 1)
[36m(CaseRunnerActor pid=28851)[0m 2025-10-24 11:05:07 - INFO - [evaluate.py] - Evaluating boundary (1, 2)
[36m(CaseRunnerActor pid=28851)[0m INFO:evaluate:Evaluating boundary (1, 2)
[36m(CaseRunnerActor pid=28852)[0m 2025-10-24 11:05:34 - INFO - [evaluate.py] - Boundary (0, 1): 872 points
[36m(CaseRunnerActor pid=28852)[0m INFO:evaluate:Boundary (0, 1): 872 points
[36m(CaseRunnerActor pid=28852)[0m 2025-10-24 11:05:34 - INFO - [evaluate.py] - Boundary (1, 2): 709 points
[36m(CaseRunnerActor pid=28852)[0m INFO:evaluate:Boundary (1, 2): 709 points
[36m(CaseRunnerActor pid=28852)[0m 2025-10-24 11:05:34 - INFO - [evaluate.py] - Evaluating boundary (0, 1)
[36m(CaseRunnerActor pid=28852)[0m INFO:evaluate:Evaluating boundary (0, 1)
[36m(CaseRunnerActor pid=28856)[0m 2025-10-24 11:05:37 - INFO - [evaluate.py] - Evaluating boundary (1, 2)
[36m(CaseRunnerActor pid=28856)[0m INFO:evaluate:Evaluating boundary (1, 2)
[36m(CaseRunnerActor pid=28851)[0m INFO:P0:[run 0], measurements: 46/206, expense: 2.64e+04
[36m(CaseRunnerActor pid=28851)[0m INFO:P0:[run 0], Boundary distances : {(0, 1): 159.82790929993632, (1, 2): 47.589345914239686}
[36m(CaseRunnerActor pid=28851)[0m INFO:P0:[run 0 iter 40] Process RSS:   1.45 GB | 
[36m(CaseRunnerActor pid=28856)[0m INFO:P3:[run 0], measurements: 127/206, expense: 4.46e+04
[36m(CaseRunnerActor pid=28856)[0m INFO:P3:[run 0], Boundary distances : {(0, 1): 556.2296231803492, (1, 2): 37.603182143715905}
[36m(CaseRunnerActor pid=28856)[0m INFO:P3:[run 0 iter 27] Process RSS:   1.45 GB | 
[36m(CaseRunnerActor pid=28852)[0m 2025-10-24 11:06:23 - INFO - [evaluate.py] - Evaluating boundary (1, 2)
[36m(CaseRunnerActor pid=28852)[0m INFO:evaluate:Evaluating boundary (1, 2)
[36m(CaseRunnerActor pid=28851)[0m 2025-10-24 11:06:37 - INFO - [evaluate.py] - Boundary (0, 1): 978 points
[36m(CaseRunnerActor pid=28851)[0m INFO:evaluate:Boundary (0, 1): 978 points
[36m(CaseRunnerActor pid=28851)[0m 2025-10-24 11:06:37 - INFO - [evaluate.py] - Boundary (1, 2): 506 points
[36m(CaseRunnerActor pid=28851)[0m INFO:evaluate:Boundary (1, 2): 506 points
[36m(CaseRunnerActor pid=28851)[0m 2025-10-24 11:06:37 - INFO - [evaluate.py] - Evaluating boundary (0, 1)
[36m(CaseRunnerActor pid=28851)[0m INFO:evaluate:Evaluating boundary (0, 1)
[36m(CaseRunnerActor pid=28851)[0m 2025-10-24 11:06:59 - INFO - [evaluate.py] - Evaluating boundary (1, 2)
[36m(CaseRunnerActor pid=28851)[0m INFO:evaluate:Evaluating boundary (1, 2)
[36m(CaseRunnerActor pid=28852)[0m INFO:P5:[run 0], measurements: 131/206, expense: 5.92e+04
[36m(CaseRunnerActor pid=28852)[0m INFO:P5:[run 0], Boundary distances : {(0, 1): 155.2397784457314, (1, 2): 37.53554995192078}
[36m(CaseRunnerActor pid=28852)[0m INFO:P5:[run 0 iter 25] Process RSS:   1.45 GB | 
[36m(CaseRunnerActor pid=28851)[0m INFO:P0:[run 0], measurements: 47/206, expense: 2.66e+04
[36m(CaseRunnerActor pid=28851)[0m INFO:P0:[run 0], Boundary distances : {(0, 1): 136.81088474815937, (1, 2): 66.63425523156933}
[36m(CaseRunnerActor pid=28851)[0m INFO:P0:[run 0 iter 41] Process RSS:   1.45 GB | 
[36m(CaseRunnerActor pid=28851)[0m 2025-10-24 11:08:37 - INFO - [evaluate.py] - Boundary (0, 1): 1003 points
[36m(CaseRunnerActor pid=28851)[0m INFO:evaluate:Boundary (0, 1): 1003 points
[36m(CaseRunnerActor pid=28851)[0m 2025-10-24 11:08:37 - INFO - [evaluate.py] - Boundary (1, 2): 515 points
[36m(CaseRunnerActor pid=28851)[0m INFO:evaluate:Boundary (1, 2): 515 points
[36m(CaseRunnerActor pid=28851)[0m 2025-10-24 11:08:37 - INFO - [evaluate.py] - Evaluating boundary (0, 1)
[36m(CaseRunnerActor pid=28851)[0m INFO:evaluate:Evaluating boundary (0, 1)
[36m(CaseRunnerActor pid=28856)[0m 2025-10-24 11:08:43 - INFO - [evaluate.py] - Boundary (0, 1): 933 points
[36m(CaseRunnerActor pid=28856)[0m INFO:evaluate:Boundary (0, 1): 933 points
[36m(CaseRunnerActor pid=28856)[0m 2025-10-24 11:08:43 - INFO - [evaluate.py] - Boundary (1, 2): 726 points
[36m(CaseRunnerActor pid=28856)[0m INFO:evaluate:Boundary (1, 2): 726 points
[36m(CaseRunnerActor pid=28856)[0m 2025-10-24 11:08:43 - INFO - [evaluate.py] - Evaluating boundary (0, 1)
[36m(CaseRunnerActor pid=28856)[0m INFO:evaluate:Evaluating boundary (0, 1)
[36m(CaseRunnerActor pid=28851)[0m 2025-10-24 11:09:04 - INFO - [evaluate.py] - Evaluating boundary (1, 2)
[36m(CaseRunnerActor pid=28851)[0m INFO:evaluate:Evaluating boundary (1, 2)
[36m(CaseRunnerActor pid=28851)[0m INFO:P0:[run 0], measurements: 48/206, expense: 2.70e+04
[36m(CaseRunnerActor pid=28851)[0m INFO:P0:[run 0], Boundary distances : {(0, 1): 179.3225364036673, (1, 2): 55.01550580954101}
[36m(CaseRunnerActor pid=28851)[0m INFO:P0:[run 0 iter 42] Process RSS:   1.45 GB | 
[36m(CaseRunnerActor pid=28852)[0m 2025-10-24 11:09:40 - INFO - [evaluate.py] - Boundary (0, 1): 872 points
[36m(CaseRunnerActor pid=28852)[0m INFO:evaluate:Boundary (0, 1): 872 points
[36m(CaseRunnerActor pid=28852)[0m 2025-10-24 11:09:40 - INFO - [evaluate.py] - Boundary (1, 2): 738 points
[36m(CaseRunnerActor pid=28852)[0m INFO:evaluate:Boundary (1, 2): 738 points
[36m(CaseRunnerActor pid=28852)[0m 2025-10-24 11:09:40 - INFO - [evaluate.py] - Evaluating boundary (0, 1)
[36m(CaseRunnerActor pid=28852)[0m INFO:evaluate:Evaluating boundary (0, 1)
[36m(CaseRunnerActor pid=28856)[0m 2025-10-24 11:09:58 - INFO - [evaluate.py] - Evaluating boundary (1, 2)
[36m(CaseRunnerActor pid=28856)[0m INFO:evaluate:Evaluating boundary (1, 2)
[36m(CaseRunnerActor pid=28851)[0m 2025-10-24 11:10:32 - INFO - [evaluate.py] - Boundary (0, 1): 1000 points
[36m(CaseRunnerActor pid=28851)[0m INFO:evaluate:Boundary (0, 1): 1000 points
[36m(CaseRunnerActor pid=28851)[0m 2025-10-24 11:10:32 - INFO - [evaluate.py] - Boundary (1, 2): 591 points
[36m(CaseRunnerActor pid=28851)[0m INFO:evaluate:Boundary (1, 2): 591 points
[36m(CaseRunnerActor pid=28851)[0m 2025-10-24 11:10:32 - INFO - [evaluate.py] - Evaluating boundary (0, 1)
[36m(CaseRunnerActor pid=28851)[0m INFO:evaluate:Evaluating boundary (0, 1)
[36m(CaseRunnerActor pid=28852)[0m 2025-10-24 11:10:51 - INFO - [evaluate.py] - Evaluating boundary (1, 2)
[36m(CaseRunnerActor pid=28852)[0m INFO:evaluate:Evaluating boundary (1, 2)
[36m(CaseRunnerActor pid=28851)[0m 2025-10-24 11:10:58 - INFO - [evaluate.py] - Evaluating boundary (1, 2)
[36m(CaseRunnerActor pid=28851)[0m INFO:evaluate:Evaluating boundary (1, 2)
[36m(CaseRunnerActor pid=28851)[0m INFO:P0:[run 0], measurements: 49/206, expense: 2.72e+04
[36m(CaseRunnerActor pid=28851)[0m INFO:P0:[run 0], Boundary distances : {(0, 1): 184.6808500757789, (1, 2): 38.450475812911705}
[36m(CaseRunnerActor pid=28851)[0m INFO:P0:[run 0 iter 43] Process RSS:   1.45 GB | 
[36m(CaseRunnerActor pid=28856)[0m INFO:P3:[run 0], measurements: 133/206, expense: 4.60e+04
[36m(CaseRunnerActor pid=28856)[0m INFO:P3:[run 0], Boundary distances : {(0, 1): 541.3230900506433, (1, 2): 42.45288266382632}
[36m(CaseRunnerActor pid=28856)[0m INFO:P3:[run 0 iter 28] Process RSS:   1.45 GB | 
[36m(CaseRunnerActor pid=28852)[0m INFO:P5:[run 0], measurements: 136/206, expense: 6.11e+04
[36m(CaseRunnerActor pid=28852)[0m INFO:P5:[run 0], Boundary distances : {(0, 1): 149.5163278039503, (1, 2): 35.94001438203019}
[36m(CaseRunnerActor pid=28852)[0m INFO:P5:[run 0 iter 26] Process RSS:   1.45 GB | 
[36m(CaseRunnerActor pid=28851)[0m 2025-10-24 11:12:31 - INFO - [evaluate.py] - Boundary (0, 1): 996 points
[36m(CaseRunnerActor pid=28851)[0m INFO:evaluate:Boundary (0, 1): 996 points
[36m(CaseRunnerActor pid=28851)[0m 2025-10-24 11:12:31 - INFO - [evaluate.py] - Boundary (1, 2): 559 points
[36m(CaseRunnerActor pid=28851)[0m INFO:evaluate:Boundary (1, 2): 559 points
[36m(CaseRunnerActor pid=28851)[0m 2025-10-24 11:12:31 - INFO - [evaluate.py] - Evaluating boundary (0, 1)
[36m(CaseRunnerActor pid=28851)[0m INFO:evaluate:Evaluating boundary (0, 1)
[36m(CaseRunnerActor pid=28851)[0m 2025-10-24 11:13:10 - INFO - [evaluate.py] - Evaluating boundary (1, 2)
[36m(CaseRunnerActor pid=28851)[0m INFO:evaluate:Evaluating boundary (1, 2)
[36m(CaseRunnerActor pid=28851)[0m INFO:P0:[run 0], measurements: 50/206, expense: 2.75e+04
[36m(CaseRunnerActor pid=28851)[0m INFO:P0:[run 0], Boundary distances : {(0, 1): 151.15043858033744, (1, 2): 43.4392505354356}
[36m(CaseRunnerActor pid=28851)[0m INFO:P0:[run 0 iter 44] Process RSS:   1.30 GB | 
[36m(CaseRunnerActor pid=28856)[0m 2025-10-24 11:14:01 - INFO - [evaluate.py] - Boundary (0, 1): 933 points
[36m(CaseRunnerActor pid=28856)[0m INFO:evaluate:Boundary (0, 1): 933 points
[36m(CaseRunnerActor pid=28856)[0m 2025-10-24 11:14:01 - INFO - [evaluate.py] - Boundary (1, 2): 754 points
[36m(CaseRunnerActor pid=28856)[0m INFO:evaluate:Boundary (1, 2): 754 points
[36m(CaseRunnerActor pid=28856)[0m 2025-10-24 11:14:01 - INFO - [evaluate.py] - Evaluating boundary (0, 1)
[36m(CaseRunnerActor pid=28856)[0m INFO:evaluate:Evaluating boundary (0, 1)
[36m(CaseRunnerActor pid=28852)[0m 2025-10-24 11:14:18 - INFO - [evaluate.py] - Boundary (0, 1): 875 points
[36m(CaseRunnerActor pid=28852)[0m INFO:evaluate:Boundary (0, 1): 875 points
[36m(CaseRunnerActor pid=28852)[0m 2025-10-24 11:14:18 - INFO - [evaluate.py] - Boundary (1, 2): 760 points
[36m(CaseRunnerActor pid=28852)[0m INFO:evaluate:Boundary (1, 2): 760 points
[36m(CaseRunnerActor pid=28852)[0m 2025-10-24 11:14:18 - INFO - [evaluate.py] - Evaluating boundary (0, 1)
[36m(CaseRunnerActor pid=28852)[0m INFO:evaluate:Evaluating boundary (0, 1)
[36m(CaseRunnerActor pid=28856)[0m 2025-10-24 11:14:40 - INFO - [evaluate.py] - Evaluating boundary (1, 2)
[36m(CaseRunnerActor pid=28856)[0m INFO:evaluate:Evaluating boundary (1, 2)
[36m(CaseRunnerActor pid=28851)[0m 2025-10-24 11:15:05 - INFO - [evaluate.py] - Boundary (0, 1): 995 points
[36m(CaseRunnerActor pid=28851)[0m INFO:evaluate:Boundary (0, 1): 995 points
[36m(CaseRunnerActor pid=28851)[0m 2025-10-24 11:15:05 - INFO - [evaluate.py] - Boundary (1, 2): 633 points
[36m(CaseRunnerActor pid=28851)[0m INFO:evaluate:Boundary (1, 2): 633 points
[36m(CaseRunnerActor pid=28851)[0m 2025-10-24 11:15:05 - INFO - [evaluate.py] - Evaluating boundary (0, 1)
[36m(CaseRunnerActor pid=28851)[0m INFO:evaluate:Evaluating boundary (0, 1)
[36m(CaseRunnerActor pid=28856)[0m INFO:P3:[run 0], measurements: 139/206, expense: 4.75e+04
[36m(CaseRunnerActor pid=28856)[0m INFO:P3:[run 0], Boundary distances : {(0, 1): 545.6828402047174, (1, 2): 46.035922666015935}
[36m(CaseRunnerActor pid=28856)[0m INFO:P3:[run 0 iter 29] Process RSS:   1.45 GB | 
[36m(CaseRunnerActor pid=28852)[0m 2025-10-24 11:15:36 - INFO - [evaluate.py] - Evaluating boundary (1, 2)
[36m(CaseRunnerActor pid=28852)[0m INFO:evaluate:Evaluating boundary (1, 2)
[36m(CaseRunnerActor pid=28851)[0m 2025-10-24 11:15:38 - INFO - [evaluate.py] - Evaluating boundary (1, 2)
[36m(CaseRunnerActor pid=28851)[0m INFO:evaluate:Evaluating boundary (1, 2)
[36m(CaseRunnerActor pid=28852)[0m INFO:P5:[run 0], measurements: 141/206, expense: 6.30e+04
[36m(CaseRunnerActor pid=28852)[0m INFO:P5:[run 0], Boundary distances : {(0, 1): 167.11572257912013, (1, 2): 45.37335489583721}
[36m(CaseRunnerActor pid=28852)[0m INFO:P5:[run 0 iter 27] Process RSS:   1.45 GB | 
[36m(CaseRunnerActor pid=28851)[0m INFO:P0:[run 0], measurements: 51/206, expense: 2.75e+04
[36m(CaseRunnerActor pid=28851)[0m INFO:P0:[run 0], Boundary distances : {(0, 1): 164.86575246459967, (1, 2): 40.46103037437922}
[36m(CaseRunnerActor pid=28851)[0m INFO:P0:[run 0 iter 45] Process RSS:   1.44 GB | 
[36m(CaseRunnerActor pid=28851)[0m 2025-10-24 11:17:53 - INFO - [evaluate.py] - Boundary (0, 1): 986 points
[36m(CaseRunnerActor pid=28851)[0m INFO:evaluate:Boundary (0, 1): 986 points
[36m(CaseRunnerActor pid=28851)[0m 2025-10-24 11:17:53 - INFO - [evaluate.py] - Boundary (1, 2): 570 points
[36m(CaseRunnerActor pid=28851)[0m INFO:evaluate:Boundary (1, 2): 570 points
[36m(CaseRunnerActor pid=28851)[0m 2025-10-24 11:17:53 - INFO - [evaluate.py] - Evaluating boundary (0, 1)
[36m(CaseRunnerActor pid=28851)[0m INFO:evaluate:Evaluating boundary (0, 1)
[36m(CaseRunnerActor pid=28856)[0m 2025-10-24 11:18:14 - INFO - [evaluate.py] - Boundary (0, 1): 933 points
[36m(CaseRunnerActor pid=28856)[0m INFO:evaluate:Boundary (0, 1): 933 points
[36m(CaseRunnerActor pid=28856)[0m 2025-10-24 11:18:14 - INFO - [evaluate.py] - Boundary (1, 2): 752 points
[36m(CaseRunnerActor pid=28856)[0m INFO:evaluate:Boundary (1, 2): 752 points
[36m(CaseRunnerActor pid=28856)[0m 2025-10-24 11:18:14 - INFO - [evaluate.py] - Evaluating boundary (0, 1)
[36m(CaseRunnerActor pid=28856)[0m INFO:evaluate:Evaluating boundary (0, 1)
[36m(CaseRunnerActor pid=28851)[0m 2025-10-24 11:18:34 - INFO - [evaluate.py] - Evaluating boundary (1, 2)
[36m(CaseRunnerActor pid=28851)[0m INFO:evaluate:Evaluating boundary (1, 2)
[36m(CaseRunnerActor pid=28851)[0m INFO:P0:[run 0], measurements: 52/206, expense: 2.76e+04
[36m(CaseRunnerActor pid=28851)[0m INFO:P0:[run 0], Boundary distances : {(0, 1): 147.30420133133708, (1, 2): 47.142763757923916}
[36m(CaseRunnerActor pid=28851)[0m INFO:P0:[run 0 iter 46] Process RSS:   1.32 GB | 
[36m(CaseRunnerActor pid=28856)[0m 2025-10-24 11:19:20 - INFO - [evaluate.py] - Evaluating boundary (1, 2)
[36m(CaseRunnerActor pid=28856)[0m INFO:evaluate:Evaluating boundary (1, 2)
[36m(CaseRunnerActor pid=28852)[0m 2025-10-24 11:19:47 - INFO - [evaluate.py] - Boundary (0, 1): 872 points
[36m(CaseRunnerActor pid=28852)[0m INFO:evaluate:Boundary (0, 1): 872 points
[36m(CaseRunnerActor pid=28852)[0m 2025-10-24 11:19:47 - INFO - [evaluate.py] - Boundary (1, 2): 794 points
[36m(CaseRunnerActor pid=28852)[0m INFO:evaluate:Boundary (1, 2): 794 points
[36m(CaseRunnerActor pid=28852)[0m 2025-10-24 11:19:47 - INFO - [evaluate.py] - Evaluating boundary (0, 1)
[36m(CaseRunnerActor pid=28852)[0m INFO:evaluate:Evaluating boundary (0, 1)
[36m(CaseRunnerActor pid=28856)[0m INFO:P3:[run 0], measurements: 145/206, expense: 4.96e+04
[36m(CaseRunnerActor pid=28856)[0m INFO:P3:[run 0], Boundary distances : {(0, 1): 547.4156602734196, (1, 2): 50.26787520460266}
[36m(CaseRunnerActor pid=28856)[0m INFO:P3:[run 0 iter 30] Process RSS:   1.36 GB | 
[36m(CaseRunnerActor pid=28851)[0m 2025-10-24 11:20:24 - INFO - [evaluate.py] - Boundary (0, 1): 988 points
[36m(CaseRunnerActor pid=28851)[0m INFO:evaluate:Boundary (0, 1): 988 points
[36m(CaseRunnerActor pid=28851)[0m 2025-10-24 11:20:24 - INFO - [evaluate.py] - Boundary (1, 2): 546 points
[36m(CaseRunnerActor pid=28851)[0m INFO:evaluate:Boundary (1, 2): 546 points
[36m(CaseRunnerActor pid=28851)[0m 2025-10-24 11:20:24 - INFO - [evaluate.py] - Evaluating boundary (0, 1)
[36m(CaseRunnerActor pid=28851)[0m INFO:evaluate:Evaluating boundary (0, 1)
[36m(CaseRunnerActor pid=28852)[0m 2025-10-24 11:20:27 - INFO - [evaluate.py] - Evaluating boundary (1, 2)
[36m(CaseRunnerActor pid=28852)[0m INFO:evaluate:Evaluating boundary (1, 2)
[36m(CaseRunnerActor pid=28851)[0m 2025-10-24 11:20:59 - INFO - [evaluate.py] - Evaluating boundary (1, 2)
[36m(CaseRunnerActor pid=28851)[0m INFO:evaluate:Evaluating boundary (1, 2)
[36m(CaseRunnerActor pid=28852)[0m INFO:P5:[run 0], measurements: 146/206, expense: 6.46e+04
[36m(CaseRunnerActor pid=28852)[0m INFO:P5:[run 0], Boundary distances : {(0, 1): 165.42862233717233, (1, 2): 45.76821137523946}
[36m(CaseRunnerActor pid=28852)[0m INFO:P5:[run 0 iter 28] Process RSS:   1.39 GB | 
[36m(CaseRunnerActor pid=28851)[0m INFO:P0:[run 0], measurements: 53/206, expense: 2.79e+04
[36m(CaseRunnerActor pid=28851)[0m INFO:P0:[run 0], Boundary distances : {(0, 1): 146.4237338148809, (1, 2): 54.99379500981883}
[36m(CaseRunnerActor pid=28851)[0m INFO:P0:[run 0 iter 47] Process RSS:   1.45 GB | 
[36m(CaseRunnerActor pid=28851)[0m 2025-10-24 11:22:33 - INFO - [evaluate.py] - Boundary (0, 1): 986 points
[36m(CaseRunnerActor pid=28851)[0m INFO:evaluate:Boundary (0, 1): 986 points
[36m(CaseRunnerActor pid=28851)[0m 2025-10-24 11:22:33 - INFO - [evaluate.py] - Boundary (1, 2): 602 points
[36m(CaseRunnerActor pid=28851)[0m INFO:evaluate:Boundary (1, 2): 602 points
[36m(CaseRunnerActor pid=28851)[0m 2025-10-24 11:22:33 - INFO - [evaluate.py] - Evaluating boundary (0, 1)
[36m(CaseRunnerActor pid=28851)[0m INFO:evaluate:Evaluating boundary (0, 1)
[36m(CaseRunnerActor pid=28851)[0m 2025-10-24 11:23:08 - INFO - [evaluate.py] - Evaluating boundary (1, 2)
[36m(CaseRunnerActor pid=28851)[0m INFO:evaluate:Evaluating boundary (1, 2)
[36m(CaseRunnerActor pid=28851)[0m INFO:P0:[run 0], measurements: 54/206, expense: 2.93e+04
[36m(CaseRunnerActor pid=28851)[0m INFO:P0:[run 0], Boundary distances : {(0, 1): 149.3811538752476, (1, 2): 54.61506505900351}
[36m(CaseRunnerActor pid=28851)[0m INFO:P0:[run 0 iter 48] Process RSS:   1.32 GB | 
[36m(CaseRunnerActor pid=28856)[0m 2025-10-24 11:24:22 - INFO - [evaluate.py] - Boundary (0, 1): 935 points
[36m(CaseRunnerActor pid=28856)[0m INFO:evaluate:Boundary (0, 1): 935 points
[36m(CaseRunnerActor pid=28856)[0m 2025-10-24 11:24:22 - INFO - [evaluate.py] - Boundary (1, 2): 732 points
[36m(CaseRunnerActor pid=28856)[0m INFO:evaluate:Boundary (1, 2): 732 points
[36m(CaseRunnerActor pid=28856)[0m 2025-10-24 11:24:22 - INFO - [evaluate.py] - Evaluating boundary (0, 1)
[36m(CaseRunnerActor pid=28856)[0m INFO:evaluate:Evaluating boundary (0, 1)
[36m(CaseRunnerActor pid=28852)[0m 2025-10-24 11:24:30 - INFO - [evaluate.py] - Boundary (0, 1): 874 points
[36m(CaseRunnerActor pid=28852)[0m INFO:evaluate:Boundary (0, 1): 874 points
[36m(CaseRunnerActor pid=28852)[0m 2025-10-24 11:24:30 - INFO - [evaluate.py] - Boundary (1, 2): 802 points
[36m(CaseRunnerActor pid=28852)[0m INFO:evaluate:Boundary (1, 2): 802 points
[36m(CaseRunnerActor pid=28852)[0m 2025-10-24 11:24:30 - INFO - [evaluate.py] - Evaluating boundary (0, 1)
[36m(CaseRunnerActor pid=28852)[0m INFO:evaluate:Evaluating boundary (0, 1)
[36m(CaseRunnerActor pid=28851)[0m 2025-10-24 11:25:04 - INFO - [evaluate.py] - Boundary (0, 1): 1014 points
[36m(CaseRunnerActor pid=28851)[0m INFO:evaluate:Boundary (0, 1): 1014 points
[36m(CaseRunnerActor pid=28851)[0m 2025-10-24 11:25:04 - INFO - [evaluate.py] - Boundary (1, 2): 598 points
[36m(CaseRunnerActor pid=28851)[0m INFO:evaluate:Boundary (1, 2): 598 points
[36m(CaseRunnerActor pid=28851)[0m 2025-10-24 11:25:04 - INFO - [evaluate.py] - Evaluating boundary (0, 1)
[36m(CaseRunnerActor pid=28851)[0m INFO:evaluate:Evaluating boundary (0, 1)
[36m(CaseRunnerActor pid=28856)[0m 2025-10-24 11:25:07 - INFO - [evaluate.py] - Evaluating boundary (1, 2)
[36m(CaseRunnerActor pid=28856)[0m INFO:evaluate:Evaluating boundary (1, 2)
[36m(CaseRunnerActor pid=28851)[0m 2025-10-24 11:25:34 - INFO - [evaluate.py] - Evaluating boundary (1, 2)
[36m(CaseRunnerActor pid=28851)[0m INFO:evaluate:Evaluating boundary (1, 2)
[36m(CaseRunnerActor pid=28852)[0m 2025-10-24 11:25:49 - INFO - [evaluate.py] - Evaluating boundary (1, 2)
[36m(CaseRunnerActor pid=28852)[0m INFO:evaluate:Evaluating boundary (1, 2)
[36m(CaseRunnerActor pid=28851)[0m INFO:P0:[run 0], measurements: 55/206, expense: 3.08e+04
[36m(CaseRunnerActor pid=28851)[0m INFO:P0:[run 0], Boundary distances : {(0, 1): 207.46272116054104, (1, 2): 51.79166585143874}
[36m(CaseRunnerActor pid=28851)[0m INFO:P0:[run 0 iter 49] Process RSS:   1.44 GB | 

[36m(CaseRunnerActor pid=28851)[0m [2025-10-24 10:40:11,580] [INFO] [run 0], Boundary distances : {(0, 1): 253.06658729823772, (1, 2): 243.9675683989828}
[36m(CaseRunnerActor pid=28851)[0m [2025-10-24 10:40:11,698] [INFO] [run 0 iter 29] Process RSS:   1.51 GB | 
[36m(CaseRunnerActor pid=28856)[0m [2025-10-24 10:41:55,092] [INFO] [run 0], measurements: 85/206, expense: 3.18e+04
[36m(CaseRunnerActor pid=28856)[0m [2025-10-24 10:41:55,093] [INFO] [run 0], Boundary distances : {(0, 1): 303.349822997606, (1, 2): 43.04531304162175}
[36m(CaseRunnerActor pid=28856)[0m [2025-10-24 10:41:55,252] [INFO] [run 0 iter 20] Process RSS:   1.61 GB | 
[36m(CaseRunnerActor pid=28852)[0m [2025-10-24 10:41:59,856] [INFO] [run 0], measurements: 96/206, expense: 4.44e+04
[36m(CaseRunnerActor pid=28852)[0m [2025-10-24 10:41:59,856] [INFO] [run 0], Boundary distances : {(0, 1): 148.12101895486416, (1, 2): 44.244483664036025}
[36m(CaseRunnerActor pid=28852)[0m [2025-10-24 10:41:59,979] [INFO] [run 0 iter 18] Process RSS:   1.60 GB | 
[36m(CaseRunnerActor pid=28851)[0m [2025-10-24 10:42:52,390] [INFO] [run 0], measurements: 36/206, expense: 2.21e+04
[36m(CaseRunnerActor pid=28851)[0m [2025-10-24 10:42:52,390] [INFO] [run 0], Boundary distances : {(0, 1): 151.09156963746847, (1, 2): 263.4119190385899}
[36m(CaseRunnerActor pid=28851)[0m [2025-10-24 10:42:52,550] [INFO] [run 0 iter 30] Process RSS:   1.62 GB | 
[36m(CaseRunnerActor pid=28851)[0m [2025-10-24 10:44:58,543] [INFO] [run 0], measurements: 37/206, expense: 2.31e+04
[36m(CaseRunnerActor pid=28851)[0m [2025-10-24 10:44:58,544] [INFO] [run 0], Boundary distances : {(0, 1): 159.43563414779086, (1, 2): 282.9066028028001}
[36m(CaseRunnerActor pid=28851)[0m [2025-10-24 10:44:58,687] [INFO] [run 0 iter 31] Process RSS:   1.77 GB | 
[36m(CaseRunnerActor pid=28852)[0m [2025-10-24 10:45:28,964] [INFO] [run 0], measurements: 101/206, expense: 4.68e+04
[36m(CaseRunnerActor pid=28852)[0m [2025-10-24 10:45:28,964] [INFO] [run 0], Boundary distances : {(0, 1): 140.09676440779504, (1, 2): 43.211822389636254}
[36m(CaseRunnerActor pid=28852)[0m [2025-10-24 10:45:29,074] [INFO] [run 0 iter 19] Process RSS:   1.43 GB | 
[36m(CaseRunnerActor pid=28856)[0m [2025-10-24 10:45:51,456] [INFO] [run 0], measurements: 91/206, expense: 3.34e+04
[36m(CaseRunnerActor pid=28856)[0m [2025-10-24 10:45:51,457] [INFO] [run 0], Boundary distances : {(0, 1): 283.15456079212754, (1, 2): 40.383344667994905}
[36m(CaseRunnerActor pid=28856)[0m [2025-10-24 10:45:51,569] [INFO] [run 0 iter 21] Process RSS:   1.50 GB | 
[36m(CaseRunnerActor pid=28851)[0m [2025-10-24 10:47:04,626] [INFO] [run 0], measurements: 38/206, expense: 2.34e+04
[36m(CaseRunnerActor pid=28851)[0m [2025-10-24 10:47:04,626] [INFO] [run 0], Boundary distances : {(0, 1): 165.35826075638658, (1, 2): 155.36434284918107}
[36m(CaseRunnerActor pid=28851)[0m [2025-10-24 10:47:04,747] [INFO] [run 0 iter 32] Process RSS:   1.64 GB | 
[36m(CaseRunnerActor pid=28856)[0m [2025-10-24 10:48:43,120] [INFO] [run 0], measurements: 97/206, expense: 3.57e+04
[36m(CaseRunnerActor pid=28856)[0m [2025-10-24 10:48:43,120] [INFO] [run 0], Boundary distances : {(0, 1): 278.4555604495532, (1, 2): 39.306078535603504}
[36m(CaseRunnerActor pid=28856)[0m [2025-10-24 10:48:43,312] [INFO] [run 0 iter 22] Process RSS:   1.50 GB | 
[36m(CaseRunnerActor pid=28852)[0m [2025-10-24 10:48:47,249] [INFO] [run 0], measurements: 106/206, expense: 4.92e+04
[36m(CaseRunnerActor pid=28852)[0m [2025-10-24 10:48:47,250] [INFO] [run 0], Boundary distances : {(0, 1): 142.03118541823625, (1, 2): 39.27488659145146}
[36m(CaseRunnerActor pid=28852)[0m [2025-10-24 10:48:47,358] [INFO] [run 0 iter 20] Process RSS:   1.50 GB | 
[36m(CaseRunnerActor pid=28851)[0m [2025-10-24 10:49:34,244] [INFO] [run 0], measurements: 39/206, expense: 2.34e+04
[36m(CaseRunnerActor pid=28851)[0m [2025-10-24 10:49:34,244] [INFO] [run 0], Boundary distances : {(0, 1): 182.7402894450455, (1, 2): 93.92590536595378}
[36m(CaseRunnerActor pid=28851)[0m [2025-10-24 10:49:34,434] [INFO] [run 0 iter 33] Process RSS:   1.64 GB | 
[36m(CaseRunnerActor pid=28851)[0m [2025-10-24 10:51:18,162] [INFO] [run 0], measurements: 40/206, expense: 2.43e+04
[36m(CaseRunnerActor pid=28851)[0m [2025-10-24 10:51:18,162] [INFO] [run 0], Boundary distances : {(0, 1): 163.97337372923334, (1, 2): 111.6987099076683}
[36m(CaseRunnerActor pid=28851)[0m [2025-10-24 10:51:18,353] [INFO] [run 0 iter 34] Process RSS:   1.51 GB | 
[36m(CaseRunnerActor pid=28856)[0m [2025-10-24 10:51:53,006] [INFO] [run 0], measurements: 103/206, expense: 3.78e+04
[36m(CaseRunnerActor pid=28856)[0m [2025-10-24 10:51:53,007] [INFO] [run 0], Boundary distances : {(0, 1): 399.3223821924794, (1, 2): 32.24449786517647}
[36m(CaseRunnerActor pid=28856)[0m [2025-10-24 10:51:53,114] [INFO] [run 0 iter 23] Process RSS:   1.50 GB | 
[36m(CaseRunnerActor pid=28852)[0m [2025-10-24 10:52:11,578] [INFO] [run 0], measurements: 111/206, expense: 5.09e+04
[36m(CaseRunnerActor pid=28852)[0m [2025-10-24 10:52:11,578] [INFO] [run 0], Boundary distances : {(0, 1): 152.63300052924149, (1, 2): 40.32494576426608}
[36m(CaseRunnerActor pid=28852)[0m [2025-10-24 10:52:11,689] [INFO] [run 0 iter 21] Process RSS:   1.50 GB | 
[36m(CaseRunnerActor pid=28851)[0m [2025-10-24 10:53:24,060] [INFO] [run 0], measurements: 41/206, expense: 2.45e+04
[36m(CaseRunnerActor pid=28851)[0m [2025-10-24 10:53:24,060] [INFO] [run 0], Boundary distances : {(0, 1): 187.9146401796943, (1, 2): 111.13418754117626}
[36m(CaseRunnerActor pid=28851)[0m [2025-10-24 10:53:24,219] [INFO] [run 0 iter 35] Process RSS:   1.51 GB | 
[36m(CaseRunnerActor pid=28856)[0m [2025-10-24 10:54:58,418] [INFO] [run 0], measurements: 109/206, expense: 4.01e+04
[36m(CaseRunnerActor pid=28856)[0m [2025-10-24 10:54:58,418] [INFO] [run 0], Boundary distances : {(0, 1): 408.3444051704886, (1, 2): 23.692727981025314}
[36m(CaseRunnerActor pid=28856)[0m [2025-10-24 10:54:58,537] [INFO] [run 0 iter 24] Process RSS:   1.51 GB | 
[36m(CaseRunnerActor pid=28852)[0m [2025-10-24 10:55:04,097] [INFO] [run 0], measurements: 116/206, expense: 5.30e+04
[36m(CaseRunnerActor pid=28852)[0m [2025-10-24 10:55:04,097] [INFO] [run 0], Boundary distances : {(0, 1): 141.09524452164231, (1, 2): 39.80745571518723}
[36m(CaseRunnerActor pid=28852)[0m [2025-10-24 10:55:04,208] [INFO] [run 0 iter 22] Process RSS:   1.51 GB | 
[36m(CaseRunnerActor pid=28851)[0m [2025-10-24 10:55:44,211] [INFO] [run 0], measurements: 42/206, expense: 2.45e+04
[36m(CaseRunnerActor pid=28851)[0m [2025-10-24 10:55:44,211] [INFO] [run 0], Boundary distances : {(0, 1): 112.08778954207196, (1, 2): 131.53254968610588}
[36m(CaseRunnerActor pid=28851)[0m [2025-10-24 10:55:44,370] [INFO] [run 0 iter 36] Process RSS:   1.78 GB | 
[36m(CaseRunnerActor pid=28851)[0m [2025-10-24 10:58:59,604] [INFO] [run 0], measurements: 43/206, expense: 2.55e+04
[36m(CaseRunnerActor pid=28851)[0m [2025-10-24 10:58:59,605] [INFO] [run 0], Boundary distances : {(0, 1): 136.43590520540067, (1, 2): 132.8876804189058}
[36m(CaseRunnerActor pid=28851)[0m [2025-10-24 10:58:59,753] [INFO] [run 0 iter 37] Process RSS:   1.61 GB | 
[36m(CaseRunnerActor pid=28856)[0m [2025-10-24 10:59:01,365] [INFO] [run 0], measurements: 115/206, expense: 4.16e+04
[36m(CaseRunnerActor pid=28856)[0m [2025-10-24 10:59:01,366] [INFO] [run 0], Boundary distances : {(0, 1): 523.5127099415763, (1, 2): 30.035176928313824}
[36m(CaseRunnerActor pid=28856)[0m [2025-10-24 10:59:01,505] [INFO] [run 0 iter 25] Process RSS:   1.45 GB | 
[36m(CaseRunnerActor pid=28852)[0m [2025-10-24 10:59:23,988] [INFO] [run 0], measurements: 121/206, expense: 5.49e+04
[36m(CaseRunnerActor pid=28852)[0m [2025-10-24 10:59:23,989] [INFO] [run 0], Boundary distances : {(0, 1): 145.83660775511046, (1, 2): 43.85020216207665}
[36m(CaseRunnerActor pid=28852)[0m [2025-10-24 10:59:24,116] [INFO] [run 0 iter 23] Process RSS:   1.44 GB | 
[36m(CaseRunnerActor pid=28851)[0m [2025-10-24 11:00:57,709] [INFO] [run 0], measurements: 44/206, expense: 2.55e+04
[36m(CaseRunnerActor pid=28851)[0m [2025-10-24 11:00:57,710] [INFO] [run 0], Boundary distances : {(0, 1): 137.59393622663018, (1, 2): 66.40176660879483}[36m(CaseRunnerActor pid=28856)[0m INFO:P3:[run 0], measurements: 151/206, expense: 5.11e+04
[36m(CaseRunnerActor pid=28856)[0m INFO:P3:[run 0], Boundary distances : {(0, 1): 534.7847976762696, (1, 2): 39.67710124605329}
[36m(CaseRunnerActor pid=28856)[0m INFO:P3:[run 0 iter 31] Process RSS:   1.45 GB | 
[36m(CaseRunnerActor pid=28852)[0m INFO:P5:[run 0], measurements: 151/206, expense: 6.71e+04
[36m(CaseRunnerActor pid=28852)[0m INFO:P5:[run 0], Boundary distances : {(0, 1): 161.91736654052, (1, 2): 48.72139469269719}
[36m(CaseRunnerActor pid=28852)[0m INFO:P5:[run 0 iter 29] Process RSS:   1.44 GB | 
[36m(CaseRunnerActor pid=28851)[0m 2025-10-24 11:27:34 - INFO - [evaluate.py] - Boundary (0, 1): 1006 points
[36m(CaseRunnerActor pid=28851)[0m INFO:evaluate:Boundary (0, 1): 1006 points
[36m(CaseRunnerActor pid=28851)[0m 2025-10-24 11:27:34 - INFO - [evaluate.py] - Boundary (1, 2): 645 points
[36m(CaseRunnerActor pid=28851)[0m INFO:evaluate:Boundary (1, 2): 645 points
[36m(CaseRunnerActor pid=28851)[0m 2025-10-24 11:27:34 - INFO - [evaluate.py] - Evaluating boundary (0, 1)
[36m(CaseRunnerActor pid=28851)[0m INFO:evaluate:Evaluating boundary (0, 1)
[36m(CaseRunnerActor pid=28851)[0m 2025-10-24 11:29:14 - INFO - [evaluate.py] - Evaluating boundary (1, 2)
[36m(CaseRunnerActor pid=28851)[0m INFO:evaluate:Evaluating boundary (1, 2)
[36m(CaseRunnerActor pid=28851)[0m INFO:P0:[run 0], measurements: 56/206, expense: 3.17e+04
[36m(CaseRunnerActor pid=28851)[0m INFO:P0:[run 0], Boundary distances : {(0, 1): 200.02903643703456, (1, 2): 38.02890140608445}
[36m(CaseRunnerActor pid=28851)[0m INFO:P0:[run 0 iter 50] Process RSS:   1.41 GB | 
[36m(CaseRunnerActor pid=28856)[0m 2025-10-24 11:29:54 - INFO - [evaluate.py] - Boundary (0, 1): 934 points
[36m(CaseRunnerActor pid=28856)[0m INFO:evaluate:Boundary (0, 1): 934 points
[36m(CaseRunnerActor pid=28856)[0m 2025-10-24 11:29:54 - INFO - [evaluate.py] - Boundary (1, 2): 729 points
[36m(CaseRunnerActor pid=28856)[0m INFO:evaluate:Boundary (1, 2): 729 points
[36m(CaseRunnerActor pid=28856)[0m 2025-10-24 11:29:54 - INFO - [evaluate.py] - Evaluating boundary (0, 1)
[36m(CaseRunnerActor pid=28856)[0m INFO:evaluate:Evaluating boundary (0, 1)
[36m(CaseRunnerActor pid=28852)[0m 2025-10-24 11:29:56 - INFO - [evaluate.py] - Boundary (0, 1): 871 points
[36m(CaseRunnerActor pid=28852)[0m INFO:evaluate:Boundary (0, 1): 871 points
[36m(CaseRunnerActor pid=28852)[0m 2025-10-24 11:29:56 - INFO - [evaluate.py] - Boundary (1, 2): 806 points
[36m(CaseRunnerActor pid=28852)[0m INFO:evaluate:Boundary (1, 2): 806 points
[36m(CaseRunnerActor pid=28852)[0m 2025-10-24 11:29:56 - INFO - [evaluate.py] - Evaluating boundary (0, 1)
[36m(CaseRunnerActor pid=28852)[0m INFO:evaluate:Evaluating boundary (0, 1)
[36m(CaseRunnerActor pid=28852)[0m 2025-10-24 11:30:26 - INFO - [evaluate.py] - Evaluating boundary (1, 2)
[36m(CaseRunnerActor pid=28852)[0m INFO:evaluate:Evaluating boundary (1, 2)
[36m(CaseRunnerActor pid=28856)[0m 2025-10-24 11:30:39 - INFO - [evaluate.py] - Evaluating boundary (1, 2)
[36m(CaseRunnerActor pid=28856)[0m INFO:evaluate:Evaluating boundary (1, 2)
[36m(CaseRunnerActor pid=28851)[0m 2025-10-24 11:30:52 - INFO - [evaluate.py] - Boundary (0, 1): 1006 points
[36m(CaseRunnerActor pid=28851)[0m INFO:evaluate:Boundary (0, 1): 1006 points
[36m(CaseRunnerActor pid=28851)[0m 2025-10-24 11:30:52 - INFO - [evaluate.py] - Boundary (1, 2): 678 points
[36m(CaseRunnerActor pid=28851)[0m INFO:evaluate:Boundary (1, 2): 678 points
[36m(CaseRunnerActor pid=28851)[0m 2025-10-24 11:30:52 - INFO - [evaluate.py] - Evaluating boundary (0, 1)
[36m(CaseRunnerActor pid=28851)[0m INFO:evaluate:Evaluating boundary (0, 1)
[36m(CaseRunnerActor pid=28852)[0m INFO:P5:[run 0], measurements: 156/206, expense: 6.96e+04
[36m(CaseRunnerActor pid=28852)[0m INFO:P5:[run 0], Boundary distances : {(0, 1): 162.90896122237325, (1, 2): 51.94202027042024}
[36m(CaseRunnerActor pid=28852)[0m INFO:P5:[run 0 iter 30] Process RSS:   1.44 GB | 
[36m(CaseRunnerActor pid=28856)[0m INFO:P3:[run 0], measurements: 157/206, expense: 5.31e+04
[36m(CaseRunnerActor pid=28856)[0m INFO:P3:[run 0], Boundary distances : {(0, 1): 542.2717483099526, (1, 2): 38.130907531099226}
[36m(CaseRunnerActor pid=28856)[0m INFO:P3:[run 0 iter 32] Process RSS:   1.45 GB | 
[36m(CaseRunnerActor pid=28851)[0m 2025-10-24 11:32:05 - INFO - [evaluate.py] - Evaluating boundary (1, 2)
[36m(CaseRunnerActor pid=28851)[0m INFO:evaluate:Evaluating boundary (1, 2)
[36m(CaseRunnerActor pid=28851)[0m INFO:P0:[run 0], measurements: 57/206, expense: 3.17e+04
[36m(CaseRunnerActor pid=28851)[0m INFO:P0:[run 0], Boundary distances : {(0, 1): 203.98553470917304, (1, 2): 33.4357731662478}
[36m(CaseRunnerActor pid=28851)[0m INFO:P0:[run 0 iter 51] Process RSS:   1.45 GB | 
[36m(CaseRunnerActor pid=28851)[0m 2025-10-24 11:34:13 - INFO - [evaluate.py] - Boundary (0, 1): 993 points
[36m(CaseRunnerActor pid=28851)[0m INFO:evaluate:Boundary (0, 1): 993 points
[36m(CaseRunnerActor pid=28851)[0m 2025-10-24 11:34:13 - INFO - [evaluate.py] - Boundary (1, 2): 660 points
[36m(CaseRunnerActor pid=28851)[0m INFO:evaluate:Boundary (1, 2): 660 points
[36m(CaseRunnerActor pid=28851)[0m 2025-10-24 11:34:13 - INFO - [evaluate.py] - Evaluating boundary (0, 1)
[36m(CaseRunnerActor pid=28851)[0m INFO:evaluate:Evaluating boundary (0, 1)
[36m(CaseRunnerActor pid=28851)[0m 2025-10-24 11:35:04 - INFO - [evaluate.py] - Evaluating boundary (1, 2)
[36m(CaseRunnerActor pid=28851)[0m INFO:evaluate:Evaluating boundary (1, 2)
[36m(CaseRunnerActor pid=28852)[0m 2025-10-24 11:35:16 - INFO - [evaluate.py] - Boundary (0, 1): 872 points
[36m(CaseRunnerActor pid=28852)[0m INFO:evaluate:Boundary (0, 1): 872 points
[36m(CaseRunnerActor pid=28852)[0m 2025-10-24 11:35:16 - INFO - [evaluate.py] - Boundary (1, 2): 809 points
[36m(CaseRunnerActor pid=28852)[0m INFO:evaluate:Boundary (1, 2): 809 points
[36m(CaseRunnerActor pid=28852)[0m 2025-10-24 11:35:16 - INFO - [evaluate.py] - Evaluating boundary (0, 1)
[36m(CaseRunnerActor pid=28852)[0m INFO:evaluate:Evaluating boundary (0, 1)
[36m(CaseRunnerActor pid=28856)[0m 2025-10-24 11:35:27 - INFO - [evaluate.py] - Boundary (1, 2): 789 points
[36m(CaseRunnerActor pid=28856)[0m INFO:evaluate:Boundary (1, 2): 789 points
[36m(CaseRunnerActor pid=28856)[0m 2025-10-24 11:35:27 - INFO - [evaluate.py] - Boundary (0, 1): 944 points
[36m(CaseRunnerActor pid=28856)[0m INFO:evaluate:Boundary (0, 1): 944 points
[36m(CaseRunnerActor pid=28856)[0m 2025-10-24 11:35:27 - INFO - [evaluate.py] - Evaluating boundary (0, 1)
[36m(CaseRunnerActor pid=28856)[0m INFO:evaluate:Evaluating boundary (0, 1)
[36m(CaseRunnerActor pid=28851)[0m INFO:P0:[run 0], measurements: 58/206, expense: 3.23e+04
[36m(CaseRunnerActor pid=28851)[0m INFO:P0:[run 0], Boundary distances : {(0, 1): 181.422415397839, (1, 2): 34.18055250268725}
[36m(CaseRunnerActor pid=28851)[0m INFO:P0:[run 0 iter 52] Process RSS:   1.43 GB | 
[36m(CaseRunnerActor pid=28852)[0m 2025-10-24 11:35:51 - INFO - [evaluate.py] - Evaluating boundary (1, 2)
[36m(CaseRunnerActor pid=28852)[0m INFO:evaluate:Evaluating boundary (1, 2)
[36m(CaseRunnerActor pid=28856)[0m 2025-10-24 11:35:51 - INFO - [evaluate.py] - Evaluating boundary (1, 2)
[36m(CaseRunnerActor pid=28856)[0m INFO:evaluate:Evaluating boundary (1, 2)
[36m(CaseRunnerActor pid=28856)[0m INFO:P3:[run 0], measurements: 163/206, expense: 5.48e+04
[36m(CaseRunnerActor pid=28856)[0m INFO:P3:[run 0], Boundary distances : {(0, 1): 515.8511660593329, (1, 2): 47.473599351748}
[36m(CaseRunnerActor pid=28851)[0m 2025-10-24 11:36:04 - INFO - [evaluate.py] - Boundary (0, 1): 949 points
[36m(CaseRunnerActor pid=28851)[0m INFO:evaluate:Boundary (0, 1): 949 points
[36m(CaseRunnerActor pid=28851)[0m 2025-10-24 11:36:04 - INFO - [evaluate.py] - Boundary (1, 2): 660 points
[36m(CaseRunnerActor pid=28851)[0m INFO:evaluate:Boundary (1, 2): 660 points
[36m(CaseRunnerActor pid=28851)[0m 2025-10-24 11:36:04 - INFO - [evaluate.py] - Evaluating boundary (0, 1)
[36m(CaseRunnerActor pid=28851)[0m INFO:evaluate:Evaluating boundary (0, 1)
[36m(CaseRunnerActor pid=28856)[0m INFO:P3:[run 0 iter 33] Process RSS:   1.44 GB | 
[36m(CaseRunnerActor pid=28852)[0m INFO:P5:[run 0], measurements: 161/206, expense: 7.21e+04
[36m(CaseRunnerActor pid=28852)[0m INFO:P5:[run 0], Boundary distances : {(0, 1): 164.70495038721458, (1, 2): 50.43898239836503}
[36m(CaseRunnerActor pid=28852)[0m INFO:P5:[run 0 iter 31] Process RSS:   1.45 GB | 
[36m(CaseRunnerActor pid=28851)[0m 2025-10-24 11:36:22 - INFO - [evaluate.py] - Evaluating boundary (1, 2)
[36m(CaseRunnerActor pid=28851)[0m INFO:evaluate:Evaluating boundary (1, 2)
[36m(CaseRunnerActor pid=28851)[0m INFO:P0:[run 0], measurements: 59/206, expense: 3.25e+04
[36m(CaseRunnerActor pid=28851)[0m INFO:P0:[run 0], Boundary distances : {(0, 1): 165.1586270161123, (1, 2): 32.26905569218501}
[36m(CaseRunnerActor pid=28851)[0m INFO:P0:[run 0 iter 53] Process RSS:   1.45 GB | 
[36m(CaseRunnerActor pid=28851)[0m 2025-10-24 11:37:26 - INFO - [evaluate.py] - Boundary (0, 1): 952 points
[36m(CaseRunnerActor pid=28851)[0m INFO:evaluate:Boundary (0, 1): 952 points
[36m(CaseRunnerActor pid=28851)[0m 2025-10-24 11:37:26 - INFO - [evaluate.py] - Boundary (1, 2): 651 points
[36m(CaseRunnerActor pid=28851)[0m INFO:evaluate:Boundary (1, 2): 651 points
[36m(CaseRunnerActor pid=28851)[0m 2025-10-24 11:37:26 - INFO - [evaluate.py] - Evaluating boundary (0, 1)
[36m(CaseRunnerActor pid=28851)[0m INFO:evaluate:Evaluating boundary (0, 1)
[36m(CaseRunnerActor pid=28851)[0m 2025-10-24 11:37:35 - INFO - [evaluate.py] - Evaluating boundary (1, 2)
[36m(CaseRunnerActor pid=28851)[0m INFO:evaluate:Evaluating boundary (1, 2)
[36m(CaseRunnerActor pid=28856)[0m 2025-10-24 11:37:50 - INFO - [evaluate.py] - Boundary (0, 1): 940 points
[36m(CaseRunnerActor pid=28856)[0m INFO:evaluate:Boundary (0, 1): 940 points
[36m(CaseRunnerActor pid=28856)[0m 2025-10-24 11:37:50 - INFO - [evaluate.py] - Boundary (1, 2): 711 points
[36m(CaseRunnerActor pid=28856)[0m INFO:evaluate:Boundary (1, 2): 711 points
[36m(CaseRunnerActor pid=28856)[0m 2025-10-24 11:37:50 - INFO - [evaluate.py] - Evaluating boundary (0, 1)
[36m(CaseRunnerActor pid=28856)[0m INFO:evaluate:Evaluating boundary (0, 1)
[36m(CaseRunnerActor pid=28852)[0m 2025-10-24 11:37:51 - INFO - [evaluate.py] - Boundary (0, 1): 870 points
[36m(CaseRunnerActor pid=28852)[0m INFO:evaluate:Boundary (0, 1): 870 points
[36m(CaseRunnerActor pid=28852)[0m 2025-10-24 11:37:51 - INFO - [evaluate.py] - Boundary (1, 2): 804 points
[36m(CaseRunnerActor pid=28852)[0m INFO:evaluate:Boundary (1, 2): 804 points
[36m(CaseRunnerActor pid=28852)[0m 2025-10-24 11:37:51 - INFO - [evaluate.py] - Evaluating boundary (0, 1)
[36m(CaseRunnerActor pid=28852)[0m INFO:evaluate:Evaluating boundary (0, 1)
[36m(CaseRunnerActor pid=28851)[0m INFO:P0:[run 0], measurements: 60/206, expense: 3.26e+04
[36m(CaseRunnerActor pid=28851)[0m INFO:P0:[run 0], Boundary distances : {(0, 1): 136.20410192817113, (1, 2): 36.303359798802205}
[36m(CaseRunnerActor pid=28851)[0m INFO:P0:[run 0 iter 54] Process RSS:   1.43 GB | 
[36m(CaseRunnerActor pid=28852)[0m 2025-10-24 11:38:03 - INFO - [evaluate.py] - Evaluating boundary (1, 2)
[36m(CaseRunnerActor pid=28852)[0m INFO:evaluate:Evaluating boundary (1, 2)
[36m(CaseRunnerActor pid=28852)[0m INFO:P5:[run 0], measurements: 166/206, expense: 7.45e+04
[36m(CaseRunnerActor pid=28852)[0m INFO:P5:[run 0], Boundary distances : {(0, 1): 159.397304362145, (1, 2): 51.41866934954815}
[36m(CaseRunnerActor pid=28852)[0m INFO:P5:[run 0 iter 32] Process RSS:   1.37 GB | 
[36m(CaseRunnerActor pid=28856)[0m 2025-10-24 11:38:22 - INFO - [evaluate.py] - Evaluating boundary (1, 2)
[36m(CaseRunnerActor pid=28856)[0m INFO:evaluate:Evaluating boundary (1, 2)
[36m(CaseRunnerActor pid=28851)[0m 2025-10-24 11:38:22 - INFO - [evaluate.py] - Boundary (0, 1): 949 points
[36m(CaseRunnerActor pid=28851)[0m INFO:evaluate:Boundary (0, 1): 949 points
[36m(CaseRunnerActor pid=28851)[0m 2025-10-24 11:38:22 - INFO - [evaluate.py] - Boundary (1, 2): 594 points
[36m(CaseRunnerActor pid=28851)[0m INFO:evaluate:Boundary (1, 2): 594 points
[36m(CaseRunnerActor pid=28851)[0m 2025-10-24 11:38:22 - INFO - [evaluate.py] - Evaluating boundary (0, 1)
[36m(CaseRunnerActor pid=28851)[0m INFO:evaluate:Evaluating boundary (0, 1)
[36m(CaseRunnerActor pid=28856)[0m INFO:P3:[run 0], measurements: 166/206, expense: 5.53e+04
[36m(CaseRunnerActor pid=28856)[0m INFO:P3:[run 0], Boundary distances : {(0, 1): 524.4124058174142, (1, 2): 30.853253181519136}
[36m(CaseRunnerActor pid=28856)[0m INFO:P3:[run 0 iter 34] Process RSS:   1.44 GB | 
[36m(CaseRunnerActor pid=28851)[0m 2025-10-24 11:38:48 - INFO - [evaluate.py] - Evaluating boundary (1, 2)
[36m(CaseRunnerActor pid=28851)[0m INFO:evaluate:Evaluating boundary (1, 2)
[36m(CaseRunnerActor pid=28851)[0m INFO:P0:[run 0], measurements: 61/206, expense: 3.30e+04
[36m(CaseRunnerActor pid=28851)[0m INFO:P0:[run 0], Boundary distances : {(0, 1): 151.5424228528702, (1, 2): 25.55829640847611}
[36m(CaseRunnerActor pid=28851)[0m INFO:P0:[run 0 iter 55] Process RSS:   1.44 GB | 
[36m(CaseRunnerActor pid=28851)[0m 2025-10-24 11:39:40 - INFO - [evaluate.py] - Boundary (0, 1): 978 points
[36m(CaseRunnerActor pid=28851)[0m INFO:evaluate:Boundary (0, 1): 978 points
[36m(CaseRunnerActor pid=28851)[0m 2025-10-24 11:39:40 - INFO - [evaluate.py] - Boundary (1, 2): 596 points
[36m(CaseRunnerActor pid=28851)[0m INFO:evaluate:Boundary (1, 2): 596 points
[36m(CaseRunnerActor pid=28851)[0m 2025-10-24 11:39:40 - INFO - [evaluate.py] - Evaluating boundary (0, 1)
[36m(CaseRunnerActor pid=28851)[0m INFO:evaluate:Evaluating boundary (0, 1)
[36m(CaseRunnerActor pid=28851)[0m 2025-10-24 11:39:48 - INFO - [evaluate.py] - Evaluating boundary (1, 2)
[36m(CaseRunnerActor pid=28851)[0m INFO:evaluate:Evaluating boundary (1, 2)
[36m(CaseRunnerActor pid=28851)[0m INFO:P0:[run 0], measurements: 62/206, expense: 3.45e+04
[36m(CaseRunnerActor pid=28851)[0m INFO:P0:[run 0], Boundary distances : {(0, 1): 191.17302643268783, (1, 2): 25.749481201609008}
[36m(CaseRunnerActor pid=28851)[0m INFO:P0:[run 0 iter 56] Process RSS:   1.44 GB | 
[36m(CaseRunnerActor pid=28856)[0m 2025-10-24 11:40:10 - INFO - [evaluate.py] - Boundary (0, 1): 955 points
[36m(CaseRunnerActor pid=28856)[0m INFO:evaluate:Boundary (0, 1): 955 points
[36m(CaseRunnerActor pid=28856)[0m 2025-10-24 11:40:10 - INFO - [evaluate.py] - Boundary (1, 2): 708 points
[36m(CaseRunnerActor pid=28856)[0m INFO:evaluate:Boundary (1, 2): 708 points
[36m(CaseRunnerActor pid=28856)[0m 2025-10-24 11:40:10 - INFO - [evaluate.py] - Evaluating boundary (0, 1)
[36m(CaseRunnerActor pid=28856)[0m INFO:evaluate:Evaluating boundary (0, 1)
[36m(CaseRunnerActor pid=28852)[0m 2025-10-24 11:40:18 - INFO - [evaluate.py] - Boundary (0, 1): 872 points
[36m(CaseRunnerActor pid=28852)[0m INFO:evaluate:Boundary (0, 1): 872 points
[36m(CaseRunnerActor pid=28852)[0m 2025-10-24 11:40:18 - INFO - [evaluate.py] - Boundary (1, 2): 806 points
[36m(CaseRunnerActor pid=28852)[0m INFO:evaluate:Boundary (1, 2): 806 points
[36m(CaseRunnerActor pid=28852)[0m 2025-10-24 11:40:18 - INFO - [evaluate.py] - Evaluating boundary (0, 1)
[36m(CaseRunnerActor pid=28852)[0m INFO:evaluate:Evaluating boundary (0, 1)
[36m(CaseRunnerActor pid=28852)[0m 2025-10-24 11:40:32 - INFO - [evaluate.py] - Evaluating boundary (1, 2)
[36m(CaseRunnerActor pid=28852)[0m INFO:evaluate:Evaluating boundary (1, 2)
[36m(CaseRunnerActor pid=28851)[0m 2025-10-24 11:40:38 - INFO - [evaluate.py] - Boundary (0, 1): 986 points
[36m(CaseRunnerActor pid=28851)[0m INFO:evaluate:Boundary (0, 1): 986 points
[36m(CaseRunnerActor pid=28851)[0m 2025-10-24 11:40:38 - INFO - [evaluate.py] - Boundary (1, 2): 627 points
[36m(CaseRunnerActor pid=28851)[0m INFO:evaluate:Boundary (1, 2): 627 points
[36m(CaseRunnerActor pid=28851)[0m 2025-10-24 11:40:38 - INFO - [evaluate.py] - Evaluating boundary (0, 1)
[36m(CaseRunnerActor pid=28851)[0m INFO:evaluate:Evaluating boundary (0, 1)
[36m(CaseRunnerActor pid=28856)[0m 2025-10-24 11:40:49 - INFO - [evaluate.py] - Evaluating boundary (1, 2)
[36m(CaseRunnerActor pid=28856)[0m INFO:evaluate:Evaluating boundary (1, 2)
[36m(CaseRunnerActor pid=28851)[0m 2025-10-24 11:41:06 - INFO - [evaluate.py] - Evaluating boundary (1, 2)
[36m(CaseRunnerActor pid=28851)[0m INFO:evaluate:Evaluating boundary (1, 2)
[36m(CaseRunnerActor pid=28852)[0m INFO:P5:[run 0], measurements: 171/206, expense: 7.67e+04
[36m(CaseRunnerActor pid=28852)[0m INFO:P5:[run 0], Boundary distances : {(0, 1): 166.54991428911464, (1, 2): 47.08626862077389}
[36m(CaseRunnerActor pid=28852)[0m INFO:P5:[run 0 iter 33] Process RSS:   1.45 GB | 
[36m(CaseRunnerActor pid=28856)[0m INFO:P3:[run 0], measurements: 172/206, expense: 5.70e+04
[36m(CaseRunnerActor pid=28856)[0m INFO:P3:[run 0], Boundary distances : {(0, 1): 534.1433315147146, (1, 2): 29.62458277935066}
[36m(CaseRunnerActor pid=28856)[0m INFO:P3:[run 0 iter 35] Process RSS:   1.44 GB | 
[36m(CaseRunnerActor pid=28851)[0m INFO:P0:[run 0], measurements: 63/206, expense: 3.51e+04
[36m(CaseRunnerActor pid=28851)[0m INFO:P0:[run 0], Boundary distances : {(0, 1): 183.16392279633078, (1, 2): 34.080532426431304}
[36m(CaseRunnerActor pid=28851)[0m INFO:P0:[run 0 iter 57] Process RSS:   1.45 GB | 
[36m(CaseRunnerActor pid=28851)[0m 2025-10-24 11:42:11 - INFO - [evaluate.py] - Boundary (0, 1): 1020 points
[36m(CaseRunnerActor pid=28851)[0m INFO:evaluate:Boundary (0, 1): 1020 points
[36m(CaseRunnerActor pid=28851)[0m 2025-10-24 11:42:11 - INFO - [evaluate.py] - Boundary (1, 2): 624 points
[36m(CaseRunnerActor pid=28851)[0m INFO:evaluate:Boundary (1, 2): 624 points
[36m(CaseRunnerActor pid=28851)[0m 2025-10-24 11:42:11 - INFO - [evaluate.py] - Evaluating boundary (0, 1)
[36m(CaseRunnerActor pid=28851)[0m INFO:evaluate:Evaluating boundary (0, 1)
[36m(CaseRunnerActor pid=28851)[0m 2025-10-24 11:42:34 - INFO - [evaluate.py] - Evaluating boundary (1, 2)
[36m(CaseRunnerActor pid=28851)[0m INFO:evaluate:Evaluating boundary (1, 2)
[36m(CaseRunnerActor pid=28856)[0m 2025-10-24 11:42:42 - INFO - [evaluate.py] - Boundary (0, 1): 958 points
[36m(CaseRunnerActor pid=28856)[0m INFO:evaluate:Boundary (0, 1): 958 points
[36m(CaseRunnerActor pid=28856)[0m 2025-10-24 11:42:42 - INFO - [evaluate.py] - Boundary (1, 2): 684 points
[36m(CaseRunnerActor pid=28856)[0m INFO:evaluate:Boundary (1, 2): 684 points
[36m(CaseRunnerActor pid=28856)[0m 2025-10-24 11:42:42 - INFO - [evaluate.py] - Evaluating boundary (0, 1)
[36m(CaseRunnerActor pid=28856)[0m INFO:evaluate:Evaluating boundary (0, 1)
[36m(CaseRunnerActor pid=28852)[0m 2025-10-24 11:42:47 - INFO - [evaluate.py] - Boundary (0, 1): 873 points
[36m(CaseRunnerActor pid=28852)[0m INFO:evaluate:Boundary (0, 1): 873 points
[36m(CaseRunnerActor pid=28852)[0m 2025-10-24 11:42:47 - INFO - [evaluate.py] - Boundary (1, 2): 807 points
[36m(CaseRunnerActor pid=28852)[0m INFO:evaluate:Boundary (1, 2): 807 points
[36m(CaseRunnerActor pid=28852)[0m 2025-10-24 11:42:47 - INFO - [evaluate.py] - Evaluating boundary (0, 1)
[36m(CaseRunnerActor pid=28852)[0m INFO:evaluate:Evaluating boundary (0, 1)
[36m(CaseRunnerActor pid=28852)[0m 2025-10-24 11:42:58 - INFO - [evaluate.py] - Evaluating boundary (1, 2)
[36m(CaseRunnerActor pid=28852)[0m INFO:evaluate:Evaluating boundary (1, 2)
[36m(CaseRunnerActor pid=28851)[0m INFO:P0:[run 0], measurements: 64/206, expense: 3.60e+04
[36m(CaseRunnerActor pid=28851)[0m INFO:P0:[run 0], Boundary distances : {(0, 1): 264.78930773229393, (1, 2): 32.45829354025204}
[36m(CaseRunnerActor pid=28851)[0m INFO:P0:[run 0 iter 58] Process RSS:   1.44 GB | 
[36m(CaseRunnerActor pid=28856)[0m 2025-10-24 11:43:12 - INFO - [evaluate.py] - Evaluating boundary (1, 2)
[36m(CaseRunnerActor pid=28856)[0m INFO:evaluate:Evaluating boundary (1, 2)
[36m(CaseRunnerActor pid=28852)[0m INFO:P5:[run 0], measurements: 176/206, expense: 7.89e+04
[36m(CaseRunnerActor pid=28852)[0m INFO:P5:[run 0], Boundary distances : {(0, 1): 164.56918387564485, (1, 2): 46.54918338487663}
[36m(CaseRunnerActor pid=28852)[0m INFO:P5:[run 0 iter 34] Process RSS:   1.44 GB | 
[36m(CaseRunnerActor pid=28856)[0m INFO:P3:[run 0], measurements: 178/206, expense: 5.91e+04
[36m(CaseRunnerActor pid=28856)[0m INFO:P3:[run 0], Boundary distances : {(0, 1): 507.14564033113925, (1, 2): 24.470960389789138}
[36m(CaseRunnerActor pid=28856)[0m INFO:P3:[run 0 iter 36] Process RSS:   1.44 GB | 
[36m(CaseRunnerActor pid=28851)[0m 2025-10-24 11:43:42 - INFO - [evaluate.py] - Boundary (0, 1): 990 points
[36m(CaseRunnerActor pid=28851)[0m INFO:evaluate:Boundary (0, 1): 990 points
[36m(CaseRunnerActor pid=28851)[0m 2025-10-24 11:43:42 - INFO - [evaluate.py] - Boundary (1, 2): 619 points
[36m(CaseRunnerActor pid=28851)[0m INFO:evaluate:Boundary (1, 2): 619 points
[36m(CaseRunnerActor pid=28851)[0m 2025-10-24 11:43:42 - INFO - [evaluate.py] - Evaluating boundary (0, 1)
[36m(CaseRunnerActor pid=28851)[0m INFO:evaluate:Evaluating boundary (0, 1)
[36m(CaseRunnerActor pid=28851)[0m 2025-10-24 11:44:15 - INFO - [evaluate.py] - Evaluating boundary (1, 2)
[36m(CaseRunnerActor pid=28851)[0m INFO:evaluate:Evaluating boundary (1, 2)
[36m(CaseRunnerActor pid=28851)[0m INFO:P0:[run 0], measurements: 65/206, expense: 3.68e+04
[36m(CaseRunnerActor pid=28851)[0m INFO:P0:[run 0], Boundary distances : {(0, 1): 189.24929454861189, (1, 2): 28.114119784694296}

[36m(CaseRunnerActor pid=28851)[0m [2025-10-24 11:00:57,849] [INFO] [run 0 iter 38] Process RSS:   1.58 GB | 
[36m(CaseRunnerActor pid=28856)[0m [2025-10-24 11:02:31,042] [INFO] [run 0], measurements: 121/206, expense: 4.31e+04
[36m(CaseRunnerActor pid=28856)[0m [2025-10-24 11:02:31,042] [INFO] [run 0], Boundary distances : {(0, 1): 520.7326134365767, (1, 2): 33.44059479629571}
[36m(CaseRunnerActor pid=28856)[0m [2025-10-24 11:02:31,198] [INFO] [run 0 iter 26] Process RSS:   1.45 GB | 
[36m(CaseRunnerActor pid=28852)[0m [2025-10-24 11:03:25,759] [INFO] [run 0], measurements: 126/206, expense: 5.71e+04
[36m(CaseRunnerActor pid=28852)[0m [2025-10-24 11:03:25,761] [INFO] [run 0], Boundary distances : {(0, 1): 157.01382007210196, (1, 2): 35.40809741912014}
[36m(CaseRunnerActor pid=28852)[0m [2025-10-24 11:03:25,920] [INFO] [run 0 iter 24] Process RSS:   1.45 GB | 
[36m(CaseRunnerActor pid=28851)[0m [2025-10-24 11:03:37,256] [INFO] [run 0], measurements: 45/206, expense: 2.60e+04
[36m(CaseRunnerActor pid=28851)[0m [2025-10-24 11:03:37,257] [INFO] [run 0], Boundary distances : {(0, 1): 139.68459651525598, (1, 2): 47.589345914239686}
[36m(CaseRunnerActor pid=28851)[0m [2025-10-24 11:03:37,387] [INFO] [run 0 iter 39] Process RSS:   1.32 GB | 
[36m(CaseRunnerActor pid=28851)[0m [2025-10-24 11:05:49,184] [INFO] [run 0], measurements: 46/206, expense: 2.64e+04
[36m(CaseRunnerActor pid=28851)[0m [2025-10-24 11:05:49,184] [INFO] [run 0], Boundary distances : {(0, 1): 159.82790929993632, (1, 2): 47.589345914239686}
[36m(CaseRunnerActor pid=28851)[0m [2025-10-24 11:05:49,335] [INFO] [run 0 iter 40] Process RSS:   1.45 GB | 
[36m(CaseRunnerActor pid=28856)[0m [2025-10-24 11:06:14,729] [INFO] [run 0], measurements: 127/206, expense: 4.46e+04
[36m(CaseRunnerActor pid=28856)[0m [2025-10-24 11:06:14,729] [INFO] [run 0], Boundary distances : {(0, 1): 556.2296231803492, (1, 2): 37.603182143715905}
[36m(CaseRunnerActor pid=28856)[0m [2025-10-24 11:06:14,830] [INFO] [run 0 iter 27] Process RSS:   1.45 GB | 
[36m(CaseRunnerActor pid=28852)[0m [2025-10-24 11:07:24,991] [INFO] [run 0], measurements: 131/206, expense: 5.92e+04
[36m(CaseRunnerActor pid=28852)[0m [2025-10-24 11:07:24,992] [INFO] [run 0], Boundary distances : {(0, 1): 155.2397784457314, (1, 2): 37.53554995192078}
[36m(CaseRunnerActor pid=28852)[0m [2025-10-24 11:07:25,092] [INFO] [run 0 iter 25] Process RSS:   1.45 GB | 
[36m(CaseRunnerActor pid=28851)[0m [2025-10-24 11:07:38,469] [INFO] [run 0], measurements: 47/206, expense: 2.66e+04
[36m(CaseRunnerActor pid=28851)[0m [2025-10-24 11:07:38,469] [INFO] [run 0], Boundary distances : {(0, 1): 136.81088474815937, (1, 2): 66.63425523156933}
[36m(CaseRunnerActor pid=28851)[0m [2025-10-24 11:07:38,579] [INFO] [run 0 iter 41] Process RSS:   1.45 GB | 
[36m(CaseRunnerActor pid=28851)[0m [2025-10-24 11:09:39,255] [INFO] [run 0], measurements: 48/206, expense: 2.70e+04
[36m(CaseRunnerActor pid=28851)[0m [2025-10-24 11:09:39,256] [INFO] [run 0], Boundary distances : {(0, 1): 179.3225364036673, (1, 2): 55.01550580954101}
[36m(CaseRunnerActor pid=28851)[0m [2025-10-24 11:09:39,430] [INFO] [run 0 iter 42] Process RSS:   1.45 GB | 
[36m(CaseRunnerActor pid=28851)[0m [2025-10-24 11:11:20,538] [INFO] [run 0], measurements: 49/206, expense: 2.72e+04
[36m(CaseRunnerActor pid=28851)[0m [2025-10-24 11:11:20,538] [INFO] [run 0], Boundary distances : {(0, 1): 184.6808500757789, (1, 2): 38.450475812911705}
[36m(CaseRunnerActor pid=28851)[0m [2025-10-24 11:11:20,697] [INFO] [run 0 iter 43] Process RSS:   1.45 GB | 
[36m(CaseRunnerActor pid=28856)[0m [2025-10-24 11:11:24,611] [INFO] [run 0], measurements: 133/206, expense: 4.60e+04
[36m(CaseRunnerActor pid=28856)[0m [2025-10-24 11:11:24,611] [INFO] [run 0], Boundary distances : {(0, 1): 541.3230900506433, (1, 2): 42.45288266382632}
[36m(CaseRunnerActor pid=28856)[0m [2025-10-24 11:11:24,730] [INFO] [run 0 iter 28] Process RSS:   1.45 GB | 
[36m(CaseRunnerActor pid=28852)[0m [2025-10-24 11:11:47,101] [INFO] [run 0], measurements: 136/206, expense: 6.11e+04
[36m(CaseRunnerActor pid=28852)[0m [2025-10-24 11:11:47,101] [INFO] [run 0], Boundary distances : {(0, 1): 149.5163278039503, (1, 2): 35.94001438203019}
[36m(CaseRunnerActor pid=28852)[0m [2025-10-24 11:11:47,192] [INFO] [run 0 iter 26] Process RSS:   1.45 GB | 
[36m(CaseRunnerActor pid=28851)[0m [2025-10-24 11:13:59,712] [INFO] [run 0], measurements: 50/206, expense: 2.75e+04
[36m(CaseRunnerActor pid=28851)[0m [2025-10-24 11:13:59,712] [INFO] [run 0], Boundary distances : {(0, 1): 151.15043858033744, (1, 2): 43.4392505354356}
[36m(CaseRunnerActor pid=28851)[0m [2025-10-24 11:13:59,821] [INFO] [run 0 iter 44] Process RSS:   1.30 GB | 
[36m(CaseRunnerActor pid=28856)[0m [2025-10-24 11:15:25,841] [INFO] [run 0], measurements: 139/206, expense: 4.75e+04
[36m(CaseRunnerActor pid=28856)[0m [2025-10-24 11:15:25,842] [INFO] [run 0], Boundary distances : {(0, 1): 545.6828402047174, (1, 2): 46.035922666015935}
[36m(CaseRunnerActor pid=28856)[0m [2025-10-24 11:15:25,938] [INFO] [run 0 iter 29] Process RSS:   1.45 GB | 
[36m(CaseRunnerActor pid=28852)[0m [2025-10-24 11:16:35,276] [INFO] [run 0], measurements: 141/206, expense: 6.30e+04
[36m(CaseRunnerActor pid=28852)[0m [2025-10-24 11:16:35,276] [INFO] [run 0], Boundary distances : {(0, 1): 167.11572257912013, (1, 2): 45.37335489583721}
[36m(CaseRunnerActor pid=28852)[0m [2025-10-24 11:16:35,439] [INFO] [run 0 iter 27] Process RSS:   1.45 GB | 
[36m(CaseRunnerActor pid=28851)[0m [2025-10-24 11:16:41,349] [INFO] [run 0], measurements: 51/206, expense: 2.75e+04
[36m(CaseRunnerActor pid=28851)[0m [2025-10-24 11:16:41,351] [INFO] [run 0], Boundary distances : {(0, 1): 164.86575246459967, (1, 2): 40.46103037437922}
[36m(CaseRunnerActor pid=28851)[0m [2025-10-24 11:16:41,468] [INFO] [run 0 iter 45] Process RSS:   1.44 GB | 
[36m(CaseRunnerActor pid=28851)[0m [2025-10-24 11:19:14,356] [INFO] [run 0], measurements: 52/206, expense: 2.76e+04
[36m(CaseRunnerActor pid=28851)[0m [2025-10-24 11:19:14,357] [INFO] [run 0], Boundary distances : {(0, 1): 147.30420133133708, (1, 2): 47.142763757923916}
[36m(CaseRunnerActor pid=28851)[0m [2025-10-24 11:19:14,491] [INFO] [run 0 iter 46] Process RSS:   1.32 GB | 
[36m(CaseRunnerActor pid=28856)[0m [2025-10-24 11:20:14,905] [INFO] [run 0], measurements: 145/206, expense: 4.96e+04
[36m(CaseRunnerActor pid=28856)[0m [2025-10-24 11:20:14,906] [INFO] [run 0], Boundary distances : {(0, 1): 547.4156602734196, (1, 2): 50.26787520460266}
[36m(CaseRunnerActor pid=28856)[0m [2025-10-24 11:20:15,037] [INFO] [run 0 iter 30] Process RSS:   1.36 GB | 
[36m(CaseRunnerActor pid=28852)[0m [2025-10-24 11:21:07,079] [INFO] [run 0], measurements: 146/206, expense: 6.46e+04
[36m(CaseRunnerActor pid=28852)[0m [2025-10-24 11:21:07,079] [INFO] [run 0], Boundary distances : {(0, 1): 165.42862233717233, (1, 2): 45.76821137523946}
[36m(CaseRunnerActor pid=28852)[0m [2025-10-24 11:21:07,176] [INFO] [run 0 iter 28] Process RSS:   1.39 GB | 
[36m(CaseRunnerActor pid=28851)[0m [2025-10-24 11:21:18,663] [INFO] [run 0], measurements: 53/206, expense: 2.79e+04
[36m(CaseRunnerActor pid=28851)[0m [2025-10-24 11:21:18,663] [INFO] [run 0], Boundary distances : {(0, 1): 146.4237338148809, (1, 2): 54.99379500981883}
[36m(CaseRunnerActor pid=28851)[0m [2025-10-24 11:21:18,753] [INFO] [run 0 iter 47] Process RSS:   1.45 GB | 
[36m(CaseRunnerActor pid=28851)[0m [2025-10-24 11:24:10,507] [INFO] [run 0], measurements: 54/206, expense: 2.93e+04
[36m(CaseRunnerActor pid=28851)[0m [2025-10-24 11:24:10,508] [INFO] [run 0], Boundary distances : {(0, 1): 149.3811538752476, (1, 2): 54.61506505900351}
[36m(CaseRunnerActor pid=28851)[0m [2025-10-24 11:24:10,687] [INFO] [run 0 iter 48] Process RSS:   1.32 GB | 
[36m(CaseRunnerActor pid=28851)[0m [2025-10-24 11:26:06,559] [INFO] [run 0], measurements: 55/206, expense: 3.08e+04
[36m(CaseRunnerActor pid=28851)[0m [2025-10-24 11:26:06,559] [INFO] [run 0], Boundary distances : {(0, 1): 207.46272116054104, (1, 2): 51.79166585143874}
[36m(CaseRunnerActor pid=28851)[0m [2025-10-24 11:26:06,665] [INFO] [run 0 iter 49] Process RSS:   1.44 GB | [36m(CaseRunnerActor pid=28851)[0m INFO:P0:[run 0 iter 59] Process RSS:   1.29 GB | 
[36m(CaseRunnerActor pid=28851)[0m 2025-10-24 11:44:59 - INFO - [evaluate.py] - Boundary (0, 1): 948 points
[36m(CaseRunnerActor pid=28851)[0m INFO:evaluate:Boundary (0, 1): 948 points
[36m(CaseRunnerActor pid=28851)[0m 2025-10-24 11:44:59 - INFO - [evaluate.py] - Boundary (1, 2): 625 points
[36m(CaseRunnerActor pid=28851)[0m INFO:evaluate:Boundary (1, 2): 625 points
[36m(CaseRunnerActor pid=28851)[0m 2025-10-24 11:44:59 - INFO - [evaluate.py] - Evaluating boundary (0, 1)
[36m(CaseRunnerActor pid=28851)[0m INFO:evaluate:Evaluating boundary (0, 1)
[36m(CaseRunnerActor pid=28852)[0m 2025-10-24 11:45:01 - INFO - [evaluate.py] - Boundary (0, 1): 875 points
[36m(CaseRunnerActor pid=28852)[0m INFO:evaluate:Boundary (0, 1): 875 points
[36m(CaseRunnerActor pid=28852)[0m 2025-10-24 11:45:01 - INFO - [evaluate.py] - Boundary (1, 2): 819 points
[36m(CaseRunnerActor pid=28852)[0m INFO:evaluate:Boundary (1, 2): 819 points
[36m(CaseRunnerActor pid=28852)[0m 2025-10-24 11:45:01 - INFO - [evaluate.py] - Evaluating boundary (0, 1)
[36m(CaseRunnerActor pid=28852)[0m INFO:evaluate:Evaluating boundary (0, 1)
[36m(CaseRunnerActor pid=28856)[0m 2025-10-24 11:45:09 - INFO - [evaluate.py] - Boundary (0, 1): 939 points
[36m(CaseRunnerActor pid=28856)[0m INFO:evaluate:Boundary (0, 1): 939 points
[36m(CaseRunnerActor pid=28856)[0m 2025-10-24 11:45:09 - INFO - [evaluate.py] - Boundary (1, 2): 671 points
[36m(CaseRunnerActor pid=28856)[0m INFO:evaluate:Boundary (1, 2): 671 points
[36m(CaseRunnerActor pid=28856)[0m 2025-10-24 11:45:09 - INFO - [evaluate.py] - Evaluating boundary (0, 1)
[36m(CaseRunnerActor pid=28856)[0m INFO:evaluate:Evaluating boundary (0, 1)
[36m(CaseRunnerActor pid=28851)[0m 2025-10-24 11:45:13 - INFO - [evaluate.py] - Evaluating boundary (1, 2)
[36m(CaseRunnerActor pid=28851)[0m INFO:evaluate:Evaluating boundary (1, 2)
[36m(CaseRunnerActor pid=28852)[0m 2025-10-24 11:45:21 - INFO - [evaluate.py] - Evaluating boundary (1, 2)
[36m(CaseRunnerActor pid=28852)[0m INFO:evaluate:Evaluating boundary (1, 2)
[36m(CaseRunnerActor pid=28856)[0m 2025-10-24 11:45:29 - INFO - [evaluate.py] - Evaluating boundary (1, 2)
[36m(CaseRunnerActor pid=28856)[0m INFO:evaluate:Evaluating boundary (1, 2)
[36m(CaseRunnerActor pid=28851)[0m INFO:P0:[run 0], measurements: 66/206, expense: 3.79e+04
[36m(CaseRunnerActor pid=28851)[0m INFO:P0:[run 0], Boundary distances : {(0, 1): 147.1787813390315, (1, 2): 26.571404995693513}
[36m(CaseRunnerActor pid=28851)[0m INFO:P0:[run 0 iter 60] Process RSS:   1.44 GB | 
[36m(CaseRunnerActor pid=28852)[0m INFO:P5:[run 0], measurements: 181/206, expense: 8.12e+04
[36m(CaseRunnerActor pid=28852)[0m INFO:P5:[run 0], Boundary distances : {(0, 1): 160.51107679549864, (1, 2): 54.882418933017675}
[36m(CaseRunnerActor pid=28852)[0m INFO:P5:[run 0 iter 35] Process RSS:   1.57 GB | 
[36m(CaseRunnerActor pid=28856)[0m INFO:P3:[run 0], measurements: 184/206, expense: 6.11e+04
[36m(CaseRunnerActor pid=28856)[0m INFO:P3:[run 0], Boundary distances : {(0, 1): 433.3120128480192, (1, 2): 24.610681495813637}
[36m(CaseRunnerActor pid=28856)[0m INFO:P3:[run 0 iter 37] Process RSS:   1.44 GB | 
[36m(CaseRunnerActor pid=28851)[0m 2025-10-24 11:46:00 - INFO - [evaluate.py] - Boundary (0, 1): 901 points
[36m(CaseRunnerActor pid=28851)[0m INFO:evaluate:Boundary (0, 1): 901 points
[36m(CaseRunnerActor pid=28851)[0m 2025-10-24 11:46:00 - INFO - [evaluate.py] - Boundary (1, 2): 621 points
[36m(CaseRunnerActor pid=28851)[0m INFO:evaluate:Boundary (1, 2): 621 points
[36m(CaseRunnerActor pid=28851)[0m 2025-10-24 11:46:00 - INFO - [evaluate.py] - Evaluating boundary (0, 1)
[36m(CaseRunnerActor pid=28851)[0m INFO:evaluate:Evaluating boundary (0, 1)
[36m(CaseRunnerActor pid=28851)[0m 2025-10-24 11:46:09 - INFO - [evaluate.py] - Evaluating boundary (1, 2)
[36m(CaseRunnerActor pid=28851)[0m INFO:evaluate:Evaluating boundary (1, 2)
[36m(CaseRunnerActor pid=28851)[0m INFO:P0:[run 0], measurements: 67/206, expense: 3.85e+04
[36m(CaseRunnerActor pid=28851)[0m INFO:P0:[run 0], Boundary distances : {(0, 1): 127.63724473783873, (1, 2): 25.825038282887686}
[36m(CaseRunnerActor pid=28851)[0m INFO:P0:[run 0 iter 61] Process RSS:   1.44 GB | 
[36m(CaseRunnerActor pid=28851)[0m 2025-10-24 11:46:55 - INFO - [evaluate.py] - Boundary (0, 1): 914 points
[36m(CaseRunnerActor pid=28851)[0m INFO:evaluate:Boundary (0, 1): 914 points
[36m(CaseRunnerActor pid=28851)[0m 2025-10-24 11:46:55 - INFO - [evaluate.py] - Boundary (1, 2): 592 points
[36m(CaseRunnerActor pid=28851)[0m INFO:evaluate:Boundary (1, 2): 592 points
[36m(CaseRunnerActor pid=28851)[0m 2025-10-24 11:46:55 - INFO - [evaluate.py] - Evaluating boundary (0, 1)
[36m(CaseRunnerActor pid=28851)[0m INFO:evaluate:Evaluating boundary (0, 1)
[36m(CaseRunnerActor pid=28851)[0m 2025-10-24 11:47:10 - INFO - [evaluate.py] - Evaluating boundary (1, 2)
[36m(CaseRunnerActor pid=28851)[0m INFO:evaluate:Evaluating boundary (1, 2)
[36m(CaseRunnerActor pid=28851)[0m INFO:P0:[run 0], measurements: 68/206, expense: 3.92e+04
[36m(CaseRunnerActor pid=28851)[0m INFO:P0:[run 0], Boundary distances : {(0, 1): 116.43919979185732, (1, 2): 24.539410778492947}
[36m(CaseRunnerActor pid=28851)[0m INFO:P0:[run 0 iter 62] Process RSS:   1.44 GB | 
[36m(CaseRunnerActor pid=28856)[0m 2025-10-24 11:47:25 - INFO - [evaluate.py] - Boundary (0, 1): 937 points
[36m(CaseRunnerActor pid=28856)[0m INFO:evaluate:Boundary (0, 1): 937 points
[36m(CaseRunnerActor pid=28856)[0m 2025-10-24 11:47:25 - INFO - [evaluate.py] - Boundary (1, 2): 693 points
[36m(CaseRunnerActor pid=28856)[0m INFO:evaluate:Boundary (1, 2): 693 points
[36m(CaseRunnerActor pid=28856)[0m 2025-10-24 11:47:25 - INFO - [evaluate.py] - Evaluating boundary (0, 1)
[36m(CaseRunnerActor pid=28856)[0m INFO:evaluate:Evaluating boundary (0, 1)
[36m(CaseRunnerActor pid=28852)[0m 2025-10-24 11:47:31 - INFO - [evaluate.py] - Boundary (0, 1): 890 points
[36m(CaseRunnerActor pid=28852)[0m INFO:evaluate:Boundary (0, 1): 890 points
[36m(CaseRunnerActor pid=28852)[0m 2025-10-24 11:47:31 - INFO - [evaluate.py] - Boundary (1, 2): 808 points
[36m(CaseRunnerActor pid=28852)[0m INFO:evaluate:Boundary (1, 2): 808 points
[36m(CaseRunnerActor pid=28852)[0m 2025-10-24 11:47:31 - INFO - [evaluate.py] - Evaluating boundary (0, 1)
[36m(CaseRunnerActor pid=28852)[0m INFO:evaluate:Evaluating boundary (0, 1)
[36m(CaseRunnerActor pid=28856)[0m 2025-10-24 11:47:43 - INFO - [evaluate.py] - Evaluating boundary (1, 2)
[36m(CaseRunnerActor pid=28856)[0m INFO:evaluate:Evaluating boundary (1, 2)
[36m(CaseRunnerActor pid=28851)[0m 2025-10-24 11:47:44 - INFO - [evaluate.py] - Boundary (0, 1): 881 points
[36m(CaseRunnerActor pid=28851)[0m INFO:evaluate:Boundary (0, 1): 881 points
[36m(CaseRunnerActor pid=28851)[0m 2025-10-24 11:47:44 - INFO - [evaluate.py] - Boundary (1, 2): 590 points
[36m(CaseRunnerActor pid=28851)[0m INFO:evaluate:Boundary (1, 2): 590 points
[36m(CaseRunnerActor pid=28851)[0m 2025-10-24 11:47:44 - INFO - [evaluate.py] - Evaluating boundary (0, 1)
[36m(CaseRunnerActor pid=28851)[0m INFO:evaluate:Evaluating boundary (0, 1)
[36m(CaseRunnerActor pid=28852)[0m 2025-10-24 11:47:52 - INFO - [evaluate.py] - Evaluating boundary (1, 2)
[36m(CaseRunnerActor pid=28852)[0m INFO:evaluate:Evaluating boundary (1, 2)
[36m(CaseRunnerActor pid=28851)[0m 2025-10-24 11:47:55 - INFO - [evaluate.py] - Evaluating boundary (1, 2)
[36m(CaseRunnerActor pid=28851)[0m INFO:evaluate:Evaluating boundary (1, 2)
[36m(CaseRunnerActor pid=28852)[0m INFO:P5:[run 0], measurements: 186/206, expense: 8.28e+04
[36m(CaseRunnerActor pid=28852)[0m INFO:P5:[run 0], Boundary distances : {(0, 1): 165.49463104991162, (1, 2): 55.07018680671423}
[36m(CaseRunnerActor pid=28852)[0m INFO:P5:[run 0 iter 36] Process RSS:   1.44 GB | 
[36m(CaseRunnerActor pid=28856)[0m INFO:P3:[run 0], measurements: 187/206, expense: 6.17e+04
[36m(CaseRunnerActor pid=28856)[0m INFO:P3:[run 0], Boundary distances : {(0, 1): 429.55747357749976, (1, 2): 29.400513526862856}
[36m(CaseRunnerActor pid=28856)[0m INFO:P3:[run 0 iter 38] Process RSS:   1.31 GB | 
[36m(CaseRunnerActor pid=28851)[0m INFO:P0:[run 0], measurements: 69/206, expense: 3.96e+04
[36m(CaseRunnerActor pid=28851)[0m INFO:P0:[run 0], Boundary distances : {(0, 1): 121.91341263129144, (1, 2): 25.33850484970531}
[36m(CaseRunnerActor pid=28851)[0m INFO:P0:[run 0 iter 63] Process RSS:   1.44 GB | 
[36m(CaseRunnerActor pid=28851)[0m 2025-10-24 11:48:48 - INFO - [evaluate.py] - Boundary (0, 1): 904 points
[36m(CaseRunnerActor pid=28851)[0m INFO:evaluate:Boundary (0, 1): 904 points
[36m(CaseRunnerActor pid=28851)[0m 2025-10-24 11:48:48 - INFO - [evaluate.py] - Boundary (1, 2): 588 points
[36m(CaseRunnerActor pid=28851)[0m INFO:evaluate:Boundary (1, 2): 588 points
[36m(CaseRunnerActor pid=28851)[0m 2025-10-24 11:48:48 - INFO - [evaluate.py] - Evaluating boundary (0, 1)
[36m(CaseRunnerActor pid=28851)[0m INFO:evaluate:Evaluating boundary (0, 1)
[36m(CaseRunnerActor pid=28851)[0m 2025-10-24 11:49:24 - INFO - [evaluate.py] - Evaluating boundary (1, 2)
[36m(CaseRunnerActor pid=28851)[0m INFO:evaluate:Evaluating boundary (1, 2)
[36m(CaseRunnerActor pid=28851)[0m INFO:P0:[run 0], measurements: 70/206, expense: 4.05e+04
[36m(CaseRunnerActor pid=28851)[0m INFO:P0:[run 0], Boundary distances : {(0, 1): 131.50799985000862, (1, 2): 26.46057692002257}
[36m(CaseRunnerActor pid=28851)[0m INFO:P0:[run 0 iter 64] Process RSS:   1.36 GB | 
[36m(CaseRunnerActor pid=28856)[0m 2025-10-24 11:49:56 - INFO - [evaluate.py] - Boundary (0, 1): 935 points
[36m(CaseRunnerActor pid=28856)[0m INFO:evaluate:Boundary (0, 1): 935 points
[36m(CaseRunnerActor pid=28856)[0m 2025-10-24 11:49:56 - INFO - [evaluate.py] - Boundary (1, 2): 669 points
[36m(CaseRunnerActor pid=28856)[0m INFO:evaluate:Boundary (1, 2): 669 points
[36m(CaseRunnerActor pid=28856)[0m 2025-10-24 11:49:56 - INFO - [evaluate.py] - Evaluating boundary (0, 1)
[36m(CaseRunnerActor pid=28856)[0m INFO:evaluate:Evaluating boundary (0, 1)
[36m(CaseRunnerActor pid=28852)[0m 2025-10-24 11:50:09 - INFO - [evaluate.py] - Boundary (0, 1): 885 points
[36m(CaseRunnerActor pid=28852)[0m INFO:evaluate:Boundary (0, 1): 885 points
[36m(CaseRunnerActor pid=28852)[0m 2025-10-24 11:50:09 - INFO - [evaluate.py] - Boundary (1, 2): 829 points
[36m(CaseRunnerActor pid=28852)[0m INFO:evaluate:Boundary (1, 2): 829 points
[36m(CaseRunnerActor pid=28852)[0m 2025-10-24 11:50:09 - INFO - [evaluate.py] - Evaluating boundary (0, 1)
[36m(CaseRunnerActor pid=28852)[0m INFO:evaluate:Evaluating boundary (0, 1)
[36m(CaseRunnerActor pid=28856)[0m 2025-10-24 11:50:13 - INFO - [evaluate.py] - Evaluating boundary (1, 2)
[36m(CaseRunnerActor pid=28856)[0m INFO:evaluate:Evaluating boundary (1, 2)
[36m(CaseRunnerActor pid=28851)[0m 2025-10-24 11:50:18 - INFO - [evaluate.py] - Boundary (0, 1): 909 points
[36m(CaseRunnerActor pid=28851)[0m INFO:evaluate:Boundary (0, 1): 909 points
[36m(CaseRunnerActor pid=28851)[0m 2025-10-24 11:50:18 - INFO - [evaluate.py] - Boundary (1, 2): 649 points
[36m(CaseRunnerActor pid=28851)[0m INFO:evaluate:Boundary (1, 2): 649 points
[36m(CaseRunnerActor pid=28851)[0m 2025-10-24 11:50:18 - INFO - [evaluate.py] - Evaluating boundary (0, 1)
[36m(CaseRunnerActor pid=28851)[0m INFO:evaluate:Evaluating boundary (0, 1)
[36m(CaseRunnerActor pid=28856)[0m INFO:P3:[run 0], measurements: 193/206, expense: 6.31e+04
[36m(CaseRunnerActor pid=28856)[0m INFO:P3:[run 0], Boundary distances : {(0, 1): 431.96951109312334, (1, 2): 25.686102925167994}
[36m(CaseRunnerActor pid=28856)[0m INFO:P3:[run 0 iter 39] Process RSS:   1.44 GB | 
[36m(CaseRunnerActor pid=28852)[0m 2025-10-24 11:50:36 - INFO - [evaluate.py] - Evaluating boundary (1, 2)
[36m(CaseRunnerActor pid=28852)[0m INFO:evaluate:Evaluating boundary (1, 2)
[36m(CaseRunnerActor pid=28852)[0m INFO:P5:[run 0], measurements: 191/206, expense: 8.44e+04
[36m(CaseRunnerActor pid=28852)[0m INFO:P5:[run 0], Boundary distances : {(0, 1): 156.77351163627998, (1, 2): 57.16971967326974}
[36m(CaseRunnerActor pid=28852)[0m INFO:P5:[run 0 iter 37] Process RSS:   1.39 GB | 
[36m(CaseRunnerActor pid=28851)[0m 2025-10-24 11:50:46 - INFO - [evaluate.py] - Evaluating boundary (1, 2)
[36m(CaseRunnerActor pid=28851)[0m INFO:evaluate:Evaluating boundary (1, 2)
[36m(CaseRunnerActor pid=28851)[0m INFO:P0:[run 0], measurements: 71/206, expense: 4.09e+04
[36m(CaseRunnerActor pid=28851)[0m INFO:P0:[run 0], Boundary distances : {(0, 1): 132.83783409719314, (1, 2): 23.445607499202847}
[36m(CaseRunnerActor pid=28851)[0m INFO:P0:[run 0 iter 65] Process RSS:   1.44 GB | 
[36m(CaseRunnerActor pid=28851)[0m 2025-10-24 11:51:58 - INFO - [evaluate.py] - Boundary (0, 1): 917 points
[36m(CaseRunnerActor pid=28851)[0m INFO:evaluate:Boundary (0, 1): 917 points
[36m(CaseRunnerActor pid=28851)[0m 2025-10-24 11:51:58 - INFO - [evaluate.py] - Boundary (1, 2): 647 points
[36m(CaseRunnerActor pid=28851)[0m INFO:evaluate:Boundary (1, 2): 647 points
[36m(CaseRunnerActor pid=28851)[0m 2025-10-24 11:51:58 - INFO - [evaluate.py] - Evaluating boundary (0, 1)
[36m(CaseRunnerActor pid=28851)[0m INFO:evaluate:Evaluating boundary (0, 1)
[36m(CaseRunnerActor pid=28851)[0m 2025-10-24 11:52:06 - INFO - [evaluate.py] - Evaluating boundary (1, 2)
[36m(CaseRunnerActor pid=28851)[0m INFO:evaluate:Evaluating boundary (1, 2)
[36m(CaseRunnerActor pid=28851)[0m INFO:P0:[run 0], measurements: 72/206, expense: 4.13e+04
[36m(CaseRunnerActor pid=28851)[0m INFO:P0:[run 0], Boundary distances : {(0, 1): 166.74937079612303, (1, 2): 23.080588838624593}
[36m(CaseRunnerActor pid=28851)[0m INFO:P0:[run 0 iter 66] Process RSS:   1.43 GB | 
[36m(CaseRunnerActor pid=28852)[0m 2025-10-24 11:52:39 - INFO - [evaluate.py] - Boundary (1, 2): 838 points
[36m(CaseRunnerActor pid=28852)[0m INFO:evaluate:Boundary (1, 2): 838 points
[36m(CaseRunnerActor pid=28852)[0m 2025-10-24 11:52:39 - INFO - [evaluate.py] - Boundary (0, 1): 896 points
[36m(CaseRunnerActor pid=28852)[0m INFO:evaluate:Boundary (0, 1): 896 points
[36m(CaseRunnerActor pid=28852)[0m 2025-10-24 11:52:39 - INFO - [evaluate.py] - Evaluating boundary (0, 1)
[36m(CaseRunnerActor pid=28852)[0m INFO:evaluate:Evaluating boundary (0, 1)
[36m(CaseRunnerActor pid=28856)[0m 2025-10-24 11:52:39 - INFO - [evaluate.py] - Boundary (0, 1): 940 points
[36m(CaseRunnerActor pid=28856)[0m INFO:evaluate:Boundary (0, 1): 940 points
[36m(CaseRunnerActor pid=28856)[0m 2025-10-24 11:52:39 - INFO - [evaluate.py] - Boundary (1, 2): 705 points
[36m(CaseRunnerActor pid=28856)[0m INFO:evaluate:Boundary (1, 2): 705 points
[36m(CaseRunnerActor pid=28856)[0m 2025-10-24 11:52:39 - INFO - [evaluate.py] - Evaluating boundary (0, 1)
[36m(CaseRunnerActor pid=28856)[0m INFO:evaluate:Evaluating boundary (0, 1)
[36m(CaseRunnerActor pid=28851)[0m 2025-10-24 11:52:57 - INFO - [evaluate.py] - Boundary (0, 1): 914 points
[36m(CaseRunnerActor pid=28851)[0m INFO:evaluate:Boundary (0, 1): 914 points
[36m(CaseRunnerActor pid=28851)[0m 2025-10-24 11:52:57 - INFO - [evaluate.py] - Boundary (1, 2): 596 points
[36m(CaseRunnerActor pid=28851)[0m INFO:evaluate:Boundary (1, 2): 596 points
[36m(CaseRunnerActor pid=28851)[0m 2025-10-24 11:52:57 - INFO - [evaluate.py] - Evaluating boundary (0, 1)
[36m(CaseRunnerActor pid=28851)[0m INFO:evaluate:Evaluating boundary (0, 1)
[36m(CaseRunnerActor pid=28856)[0m 2025-10-24 11:52:59 - INFO - [evaluate.py] - Evaluating boundary (1, 2)
[36m(CaseRunnerActor pid=28856)[0m INFO:evaluate:Evaluating boundary (1, 2)
[36m(CaseRunnerActor pid=28852)[0m 2025-10-24 11:53:09 - INFO - [evaluate.py] - Evaluating boundary (1, 2)
[36m(CaseRunnerActor pid=28852)[0m INFO:evaluate:Evaluating boundary (1, 2)
[36m(CaseRunnerActor pid=28856)[0m INFO:P3:[run 0], measurements: 199/206, expense: 6.49e+04
[36m(CaseRunnerActor pid=28856)[0m INFO:P3:[run 0], Boundary distances : {(0, 1): 426.4566155955647, (1, 2): 26.91718688331831}
[36m(CaseRunnerActor pid=28856)[0m INFO:P3:[run 0 iter 40] Process RSS:   1.44 GB | 
[36m(CaseRunnerActor pid=28851)[0m 2025-10-24 11:53:15 - INFO - [evaluate.py] - Evaluating boundary (1, 2)
[36m(CaseRunnerActor pid=28851)[0m INFO:evaluate:Evaluating boundary (1, 2)
[36m(CaseRunnerActor pid=28852)[0m INFO:P5:[run 0], measurements: 196/206, expense: 8.64e+04
[36m(CaseRunnerActor pid=28852)[0m INFO:P5:[run 0], Boundary distances : {(0, 1): 163.12741285080108, (1, 2): 61.964276077583435}
[36m(CaseRunnerActor pid=28852)[0m INFO:P5:[run 0 iter 38] Process RSS:   1.44 GB | 
[36m(CaseRunnerActor pid=28851)[0m INFO:P0:[run 0], measurements: 73/206, expense: 4.17e+04
[36m(CaseRunnerActor pid=28851)[0m INFO:P0:[run 0], Boundary distances : {(0, 1): 146.56236225834158, (1, 2): 26.02765574215842}
[36m(CaseRunnerActor pid=28851)[0m INFO:P0:[run 0 iter 67] Process RSS:   1.44 GB | 
[36m(CaseRunnerActor pid=28851)[0m 2025-10-24 11:54:21 - INFO - [evaluate.py] - Boundary (0, 1): 917 points
[36m(CaseRunnerActor pid=28851)[0m INFO:evaluate:Boundary (0, 1): 917 points
[36m(CaseRunnerActor pid=28851)[0m 2025-10-24 11:54:21 - INFO - [evaluate.py] - Boundary (1, 2): 672 points
[36m(CaseRunnerActor pid=28851)[0m INFO:evaluate:Boundary (1, 2): 672 points
[36m(CaseRunnerActor pid=28851)[0m 2025-10-24 11:54:21 - INFO - [evaluate.py] - Evaluating boundary (0, 1)
[36m(CaseRunnerActor pid=28851)[0m INFO:evaluate:Evaluating boundary (0, 1)
[36m(CaseRunnerActor pid=28851)[0m 2025-10-24 11:54:45 - INFO - [evaluate.py] - Evaluating boundary (1, 2)
[36m(CaseRunnerActor pid=28851)[0m INFO:evaluate:Evaluating boundary (1, 2)
[36m(CaseRunnerActor pid=28856)[0m 2025-10-24 11:55:04 - INFO - [evaluate.py] - Boundary (0, 1): 919 points
[36m(CaseRunnerActor pid=28856)[0m INFO:evaluate:Boundary (0, 1): 919 points
[36m(CaseRunnerActor pid=28856)[0m 2025-10-24 11:55:04 - INFO - [evaluate.py] - Boundary (1, 2): 729 points
[36m(CaseRunnerActor pid=28856)[0m INFO:evaluate:Boundary (1, 2): 729 points
[36m(CaseRunnerActor pid=28856)[0m 2025-10-24 11:55:04 - INFO - [evaluate.py] - Evaluating boundary (0, 1)
[36m(CaseRunnerActor pid=28856)[0m INFO:evaluate:Evaluating boundary (0, 1)
[36m(CaseRunnerActor pid=28851)[0m INFO:P0:[run 0], measurements: 74/206, expense: 4.21e+04
[36m(CaseRunnerActor pid=28851)[0m INFO:P0:[run 0], Boundary distances : {(0, 1): 163.26427578163015, (1, 2): 29.18524897932401}
[36m(CaseRunnerActor pid=28851)[0m INFO:P0:[run 0 iter 68] Process RSS:   1.43 GB | 
[36m(CaseRunnerActor pid=28852)[0m 2025-10-24 11:55:13 - INFO - [evaluate.py] - Boundary (1, 2): 850 points
[36m(CaseRunnerActor pid=28852)[0m INFO:evaluate:Boundary (1, 2): 850 points
[36m(CaseRunnerActor pid=28852)[0m 2025-10-24 11:55:13 - INFO - [evaluate.py] - Boundary (0, 1): 898 points
[36m(CaseRunnerActor pid=28852)[0m INFO:evaluate:Boundary (0, 1): 898 points
[36m(CaseRunnerActor pid=28852)[0m 2025-10-24 11:55:13 - INFO - [evaluate.py] - Evaluating boundary (0, 1)
[36m(CaseRunnerActor pid=28852)[0m INFO:evaluate:Evaluating boundary (0, 1)
[36m(CaseRunnerActor pid=28852)[0m 2025-10-24 11:55:23 - INFO - [evaluate.py] - Evaluating boundary (1, 2)
[36m(CaseRunnerActor pid=28852)[0m INFO:evaluate:Evaluating boundary (1, 2)
[36m(CaseRunnerActor pid=28856)[0m 2025-10-24 11:55:24 - INFO - [evaluate.py] - Evaluating boundary (1, 2)
[36m(CaseRunnerActor pid=28856)[0m INFO:evaluate:Evaluating boundary (1, 2)
[36m(CaseRunnerActor pid=28852)[0m INFO:P5:[run 0], measurements: 201/206, expense: 8.82e+04
[36m(CaseRunnerActor pid=28852)[0m INFO:P5:[run 0], Boundary distances : {(0, 1): 154.9757459378316, (1, 2): 65.14714272514576}
[36m(CaseRunnerActor pid=28852)[0m INFO:P5:[run 0 iter 39] Process RSS:   1.44 GB | 
[36m(CaseRunnerActor pid=28851)[0m 2025-10-24 11:55:43 - INFO - [evaluate.py] - Boundary (0, 1): 904 points
[36m(CaseRunnerActor pid=28851)[0m INFO:evaluate:Boundary (0, 1): 904 points
[36m(CaseRunnerActor pid=28851)[0m 2025-10-24 11:55:43 - INFO - [evaluate.py] - Boundary (1, 2): 663 points
[36m(CaseRunnerActor pid=28851)[0m INFO:evaluate:Boundary (1, 2): 663 points
[36m(CaseRunnerActor pid=28851)[0m 2025-10-24 11:55:43 - INFO - [evaluate.py] - Evaluating boundary (0, 1)
[36m(CaseRunnerActor pid=28851)[0m INFO:evaluate:Evaluating boundary (0, 1)
[36m(CaseRunnerActor pid=28856)[0m INFO:P3:[run 0], measurements: 205/206, expense: 6.63e+04
[36m(CaseRunnerActor pid=28856)[0m INFO:P3:[run 0], Boundary distances : {(0, 1): 427.46513456758055, (1, 2): 25.95068245038872}
[36m(CaseRunnerActor pid=28856)[0m INFO:P3:[run 0 iter 41] Process RSS:   1.44 GB | 
[36m(CaseRunnerActor pid=28851)[0m 2025-10-24 11:55:55 - INFO - [evaluate.py] - Evaluating boundary (1, 2)
[36m(CaseRunnerActor pid=28851)[0m INFO:evaluate:Evaluating boundary (1, 2)
[36m(CaseRunnerActor pid=28851)[0m INFO:P0:[run 0], measurements: 75/206, expense: 4.31e+04
[36m(CaseRunnerActor pid=28851)[0m INFO:P0:[run 0], Boundary distances : {(0, 1): 116.33890135403186, (1, 2): 28.13027354880043}
[36m(CaseRunnerActor pid=28851)[0m INFO:P0:[run 0 iter 69] Process RSS:   1.44 GB | 
[36m(CaseRunnerActor pid=28851)[0m 2025-10-24 11:57:04 - INFO - [evaluate.py] - Boundary (0, 1): 872 points
[36m(CaseRunnerActor pid=28851)[0m INFO:evaluate:Boundary (0, 1): 872 points
[36m(CaseRunnerActor pid=28851)[0m 2025-10-24 11:57:04 - INFO - [evaluate.py] - Boundary (1, 2): 661 points
[36m(CaseRunnerActor pid=28851)[0m INFO:evaluate:Boundary (1, 2): 661 points
[36m(CaseRunnerActor pid=28851)[0m 2025-10-24 11:57:04 - INFO - [evaluate.py] - Evaluating boundary (0, 1)
[36m(CaseRunnerActor pid=28851)[0m INFO:evaluate:Evaluating boundary (0, 1)
[36m(CaseRunnerActor pid=28851)[0m 2025-10-24 11:57:15 - INFO - [evaluate.py] - Evaluating boundary (1, 2)
[36m(CaseRunnerActor pid=28851)[0m INFO:evaluate:Evaluating boundary (1, 2)
[36m(CaseRunnerActor pid=28851)[0m INFO:P0:[run 0], measurements: 76/206, expense: 4.37e+04
[36m(CaseRunnerActor pid=28851)[0m INFO:P0:[run 0], Boundary distances : {(0, 1): 153.7433592884123, (1, 2): 29.46283738286013}

[36m(CaseRunnerActor pid=28856)[0m [2025-10-24 11:26:07,668] [INFO] [run 0], measurements: 151/206, expense: 5.11e+04
[36m(CaseRunnerActor pid=28856)[0m [2025-10-24 11:26:07,668] [INFO] [run 0], Boundary distances : {(0, 1): 534.7847976762696, (1, 2): 39.67710124605329}
[36m(CaseRunnerActor pid=28856)[0m [2025-10-24 11:26:07,786] [INFO] [run 0 iter 31] Process RSS:   1.45 GB | 
[36m(CaseRunnerActor pid=28852)[0m [2025-10-24 11:26:34,405] [INFO] [run 0], measurements: 151/206, expense: 6.71e+04
[36m(CaseRunnerActor pid=28852)[0m [2025-10-24 11:26:34,406] [INFO] [run 0], Boundary distances : {(0, 1): 161.91736654052, (1, 2): 48.72139469269719}
[36m(CaseRunnerActor pid=28852)[0m [2025-10-24 11:26:34,505] [INFO] [run 0 iter 29] Process RSS:   1.44 GB | 
[36m(CaseRunnerActor pid=28851)[0m [2025-10-24 11:29:32,880] [INFO] [run 0], measurements: 56/206, expense: 3.17e+04
[36m(CaseRunnerActor pid=28851)[0m [2025-10-24 11:29:32,881] [INFO] [run 0], Boundary distances : {(0, 1): 200.02903643703456, (1, 2): 38.02890140608445}
[36m(CaseRunnerActor pid=28851)[0m [2025-10-24 11:29:33,037] [INFO] [run 0 iter 50] Process RSS:   1.41 GB | 
[36m(CaseRunnerActor pid=28852)[0m [2025-10-24 11:31:40,295] [INFO] [run 0], measurements: 156/206, expense: 6.96e+04
[36m(CaseRunnerActor pid=28852)[0m [2025-10-24 11:31:40,296] [INFO] [run 0], Boundary distances : {(0, 1): 162.90896122237325, (1, 2): 51.94202027042024}
[36m(CaseRunnerActor pid=28852)[0m [2025-10-24 11:31:40,442] [INFO] [run 0 iter 30] Process RSS:   1.44 GB | 
[36m(CaseRunnerActor pid=28856)[0m [2025-10-24 11:31:47,958] [INFO] [run 0], measurements: 157/206, expense: 5.31e+04
[36m(CaseRunnerActor pid=28856)[0m [2025-10-24 11:31:47,960] [INFO] [run 0], Boundary distances : {(0, 1): 542.2717483099526, (1, 2): 38.130907531099226}
[36m(CaseRunnerActor pid=28856)[0m [2025-10-24 11:31:48,073] [INFO] [run 0 iter 32] Process RSS:   1.45 GB | 
[36m(CaseRunnerActor pid=28851)[0m [2025-10-24 11:32:29,900] [INFO] [run 0], measurements: 57/206, expense: 3.17e+04
[36m(CaseRunnerActor pid=28851)[0m [2025-10-24 11:32:29,900] [INFO] [run 0], Boundary distances : {(0, 1): 203.98553470917304, (1, 2): 33.4357731662478}
[36m(CaseRunnerActor pid=28851)[0m [2025-10-24 11:32:29,995] [INFO] [run 0 iter 51] Process RSS:   1.45 GB | 
[36m(CaseRunnerActor pid=28851)[0m [2025-10-24 11:35:30,915] [INFO] [run 0], measurements: 58/206, expense: 3.23e+04
[36m(CaseRunnerActor pid=28851)[0m [2025-10-24 11:35:30,916] [INFO] [run 0], Boundary distances : {(0, 1): 181.422415397839, (1, 2): 34.18055250268725}
[36m(CaseRunnerActor pid=28851)[0m [2025-10-24 11:35:31,095] [INFO] [run 0 iter 52] Process RSS:   1.43 GB | 
[36m(CaseRunnerActor pid=28856)[0m [2025-10-24 11:36:04,131] [INFO] [run 0], measurements: 163/206, expense: 5.48e+04
[36m(CaseRunnerActor pid=28856)[0m [2025-10-24 11:36:04,132] [INFO] [run 0], Boundary distances : {(0, 1): 515.8511660593329, (1, 2): 47.473599351748}
[36m(CaseRunnerActor pid=28856)[0m [2025-10-24 11:36:04,174] [INFO] [run 0 iter 33] Process RSS:   1.44 GB | 
[36m(CaseRunnerActor pid=28852)[0m [2025-10-24 11:36:18,602] [INFO] [run 0], measurements: 161/206, expense: 7.21e+04
[36m(CaseRunnerActor pid=28852)[0m [2025-10-24 11:36:18,602] [INFO] [run 0], Boundary distances : {(0, 1): 164.70495038721458, (1, 2): 50.43898239836503}
[36m(CaseRunnerActor pid=28852)[0m [2025-10-24 11:36:18,654] [INFO] [run 0 iter 31] Process RSS:   1.45 GB | 
[36m(CaseRunnerActor pid=28851)[0m [2025-10-24 11:36:47,581] [INFO] [run 0], measurements: 59/206, expense: 3.25e+04
[36m(CaseRunnerActor pid=28851)[0m [2025-10-24 11:36:47,581] [INFO] [run 0], Boundary distances : {(0, 1): 165.1586270161123, (1, 2): 32.26905569218501}
[36m(CaseRunnerActor pid=28851)[0m [2025-10-24 11:36:47,626] [INFO] [run 0 iter 53] Process RSS:   1.45 GB | 
[36m(CaseRunnerActor pid=28851)[0m [2025-10-24 11:37:57,495] [INFO] [run 0], measurements: 60/206, expense: 3.26e+04
[36m(CaseRunnerActor pid=28851)[0m [2025-10-24 11:37:57,495] [INFO] [run 0], Boundary distances : {(0, 1): 136.20410192817113, (1, 2): 36.303359798802205}
[36m(CaseRunnerActor pid=28851)[0m [2025-10-24 11:37:57,616] [INFO] [run 0 iter 54] Process RSS:   1.43 GB | 
[36m(CaseRunnerActor pid=28852)[0m [2025-10-24 11:38:21,909] [INFO] [run 0], measurements: 166/206, expense: 7.45e+04
[36m(CaseRunnerActor pid=28852)[0m [2025-10-24 11:38:21,909] [INFO] [run 0], Boundary distances : {(0, 1): 159.397304362145, (1, 2): 51.41866934954815}
[36m(CaseRunnerActor pid=28852)[0m [2025-10-24 11:38:22,002] [INFO] [run 0 iter 32] Process RSS:   1.37 GB | 
[36m(CaseRunnerActor pid=28856)[0m [2025-10-24 11:38:42,742] [INFO] [run 0], measurements: 166/206, expense: 5.53e+04
[36m(CaseRunnerActor pid=28856)[0m [2025-10-24 11:38:42,743] [INFO] [run 0], Boundary distances : {(0, 1): 524.4124058174142, (1, 2): 30.853253181519136}
[36m(CaseRunnerActor pid=28856)[0m [2025-10-24 11:38:42,830] [INFO] [run 0 iter 34] Process RSS:   1.44 GB | 
[36m(CaseRunnerActor pid=28851)[0m [2025-10-24 11:39:08,135] [INFO] [run 0], measurements: 61/206, expense: 3.30e+04
[36m(CaseRunnerActor pid=28851)[0m [2025-10-24 11:39:08,135] [INFO] [run 0], Boundary distances : {(0, 1): 151.5424228528702, (1, 2): 25.55829640847611}
[36m(CaseRunnerActor pid=28851)[0m [2025-10-24 11:39:08,221] [INFO] [run 0 iter 55] Process RSS:   1.44 GB | 
[36m(CaseRunnerActor pid=28851)[0m [2025-10-24 11:40:06,222] [INFO] [run 0], measurements: 62/206, expense: 3.45e+04
[36m(CaseRunnerActor pid=28851)[0m [2025-10-24 11:40:06,222] [INFO] [run 0], Boundary distances : {(0, 1): 191.17302643268783, (1, 2): 25.749481201609008}
[36m(CaseRunnerActor pid=28851)[0m [2025-10-24 11:40:06,302] [INFO] [run 0 iter 56] Process RSS:   1.44 GB | 
[36m(CaseRunnerActor pid=28852)[0m [2025-10-24 11:41:07,760] [INFO] [run 0], measurements: 171/206, expense: 7.67e+04
[36m(CaseRunnerActor pid=28852)[0m [2025-10-24 11:41:07,761] [INFO] [run 0], Boundary distances : {(0, 1): 166.54991428911464, (1, 2): 47.08626862077389}
[36m(CaseRunnerActor pid=28852)[0m [2025-10-24 11:41:07,808] [INFO] [run 0 iter 33] Process RSS:   1.45 GB | 
[36m(CaseRunnerActor pid=28856)[0m [2025-10-24 11:41:10,249] [INFO] [run 0], measurements: 172/206, expense: 5.70e+04
[36m(CaseRunnerActor pid=28856)[0m [2025-10-24 11:41:10,249] [INFO] [run 0], Boundary distances : {(0, 1): 534.1433315147146, (1, 2): 29.62458277935066}
[36m(CaseRunnerActor pid=28856)[0m [2025-10-24 11:41:10,298] [INFO] [run 0 iter 35] Process RSS:   1.44 GB | 
[36m(CaseRunnerActor pid=28851)[0m [2025-10-24 11:41:19,967] [INFO] [run 0], measurements: 63/206, expense: 3.51e+04
[36m(CaseRunnerActor pid=28851)[0m [2025-10-24 11:41:19,967] [INFO] [run 0], Boundary distances : {(0, 1): 183.16392279633078, (1, 2): 34.080532426431304}
[36m(CaseRunnerActor pid=28851)[0m [2025-10-24 11:41:20,010] [INFO] [run 0 iter 57] Process RSS:   1.45 GB | 
[36m(CaseRunnerActor pid=28851)[0m [2025-10-24 11:43:10,449] [INFO] [run 0], measurements: 64/206, expense: 3.60e+04
[36m(CaseRunnerActor pid=28851)[0m [2025-10-24 11:43:10,449] [INFO] [run 0], Boundary distances : {(0, 1): 264.78930773229393, (1, 2): 32.45829354025204}
[36m(CaseRunnerActor pid=28851)[0m [2025-10-24 11:43:10,557] [INFO] [run 0 iter 58] Process RSS:   1.44 GB | 
[36m(CaseRunnerActor pid=28852)[0m [2025-10-24 11:43:19,797] [INFO] [run 0], measurements: 176/206, expense: 7.89e+04
[36m(CaseRunnerActor pid=28852)[0m [2025-10-24 11:43:19,797] [INFO] [run 0], Boundary distances : {(0, 1): 164.56918387564485, (1, 2): 46.54918338487663}
[36m(CaseRunnerActor pid=28852)[0m [2025-10-24 11:43:19,835] [INFO] [run 0 iter 34] Process RSS:   1.44 GB | 
[36m(CaseRunnerActor pid=28856)[0m [2025-10-24 11:43:37,410] [INFO] [run 0], measurements: 178/206, expense: 5.91e+04
[36m(CaseRunnerActor pid=28856)[0m [2025-10-24 11:43:37,410] [INFO] [run 0], Boundary distances : {(0, 1): 507.14564033113925, (1, 2): 24.470960389789138}
[36m(CaseRunnerActor pid=28856)[0m [2025-10-24 11:43:37,482] [INFO] [run 0 iter 36] Process RSS:   1.44 GB | 
[36m(CaseRunnerActor pid=28851)[0m [2025-10-24 11:44:37,253] [INFO] [run 0], measurements: 65/206, expense: 3.68e+04[36m(CaseRunnerActor pid=28851)[0m INFO:P0:[run 0 iter 70] Process RSS:   1.43 GB | 
[36m(CaseRunnerActor pid=28852)[0m 2025-10-24 11:57:39 - INFO - [evaluate.py] - Boundary (0, 1): 896 points
[36m(CaseRunnerActor pid=28852)[0m INFO:evaluate:Boundary (0, 1): 896 points
[36m(CaseRunnerActor pid=28852)[0m 2025-10-24 11:57:39 - INFO - [evaluate.py] - Boundary (1, 2): 818 points
[36m(CaseRunnerActor pid=28852)[0m INFO:evaluate:Boundary (1, 2): 818 points
[36m(CaseRunnerActor pid=28852)[0m 2025-10-24 11:57:39 - INFO - [evaluate.py] - Evaluating boundary (0, 1)
[36m(CaseRunnerActor pid=28852)[0m INFO:evaluate:Evaluating boundary (0, 1)
[36m(CaseRunnerActor pid=28856)[0m 2025-10-24 11:57:51 - INFO - [evaluate.py] - Boundary (0, 1): 922 points
[36m(CaseRunnerActor pid=28856)[0m INFO:evaluate:Boundary (0, 1): 922 points
[36m(CaseRunnerActor pid=28856)[0m 2025-10-24 11:57:51 - INFO - [evaluate.py] - Boundary (1, 2): 740 points
[36m(CaseRunnerActor pid=28856)[0m INFO:evaluate:Boundary (1, 2): 740 points
[36m(CaseRunnerActor pid=28856)[0m 2025-10-24 11:57:51 - INFO - [evaluate.py] - Evaluating boundary (0, 1)
[36m(CaseRunnerActor pid=28856)[0m INFO:evaluate:Evaluating boundary (0, 1)
[36m(CaseRunnerActor pid=28852)[0m 2025-10-24 11:57:52 - INFO - [evaluate.py] - Evaluating boundary (1, 2)
[36m(CaseRunnerActor pid=28852)[0m INFO:evaluate:Evaluating boundary (1, 2)
[36m(CaseRunnerActor pid=28851)[0m 2025-10-24 11:57:53 - INFO - [evaluate.py] - Boundary (0, 1): 875 points
[36m(CaseRunnerActor pid=28851)[0m INFO:evaluate:Boundary (0, 1): 875 points
[36m(CaseRunnerActor pid=28851)[0m 2025-10-24 11:57:53 - INFO - [evaluate.py] - Boundary (1, 2): 702 points
[36m(CaseRunnerActor pid=28851)[0m INFO:evaluate:Boundary (1, 2): 702 points
[36m(CaseRunnerActor pid=28851)[0m 2025-10-24 11:57:53 - INFO - [evaluate.py] - Evaluating boundary (0, 1)
[36m(CaseRunnerActor pid=28851)[0m INFO:evaluate:Evaluating boundary (0, 1)
[36m(CaseRunnerActor pid=28851)[0m 2025-10-24 11:58:11 - INFO - [evaluate.py] - Evaluating boundary (1, 2)
[36m(CaseRunnerActor pid=28851)[0m INFO:evaluate:Evaluating boundary (1, 2)
[36m(CaseRunnerActor pid=28856)[0m 2025-10-24 11:58:19 - INFO - [evaluate.py] - Evaluating boundary (1, 2)
[36m(CaseRunnerActor pid=28856)[0m INFO:evaluate:Evaluating boundary (1, 2)
[36m(CaseRunnerActor pid=28851)[0m INFO:P0:[run 0], measurements: 77/206, expense: 4.40e+04
[36m(CaseRunnerActor pid=28851)[0m INFO:P0:[run 0], Boundary distances : {(0, 1): 163.27737205686037, (1, 2): 39.268867395565394}
[36m(CaseRunnerActor pid=28851)[0m INFO:P0:[run 0 iter 71] Process RSS:   1.44 GB | 
[36m(CaseRunnerActor pid=28852)[0m INFO:P5:[run 0], measurements: 206/206, expense: 8.97e+04
[36m(CaseRunnerActor pid=28852)[0m INFO:P5:[run 0], Boundary distances : {(0, 1): 160.82904425164088, (1, 2): 52.60140233022413}
[36m(CaseRunnerActor pid=28852)[0m INFO:P5:[run 0 iter 40] Process RSS:   1.44 GB | 
[36m(CaseRunnerActor pid=28852)[0m INFO:P5:Finished run 0 for case P5
Runs finished:  33%|███▎      | 1/3 [2:07:40<4:15:21, 7660.94s/it]Runs finished:  33%|███▎      | 1/3 [2:07:40<4:15:21, 7660.94s/it, last=P5-0, 8.97e+04][36m(CaseRunnerActor pid=28852)[0m /Users/knv2/Documents/codebase/envs/3DPhaseDiag/lib/python3.11/multiprocessing/resource_tracker.py:254: UserWarning: resource_tracker: There appear to be 1 leaked semaphore objects to clean up at shutdown
[36m(CaseRunnerActor pid=28852)[0m   warnings.warn('resource_tracker: There appear to be %d '
[36m(CaseRunnerActor pid=28856)[0m INFO:P3:[run 0], measurements: 211/206, expense: 6.85e+04
[36m(CaseRunnerActor pid=28856)[0m INFO:P3:[run 0], Boundary distances : {(0, 1): 431.3854733140869, (1, 2): 24.606189281046937}
[36m(CaseRunnerActor pid=28856)[0m INFO:P3:[run 0 iter 42] Process RSS:   1.44 GB | 
[36m(CaseRunnerActor pid=28856)[0m INFO:P3:Finished run 0 for case P3
Runs finished:  67%|██████▋   | 2/3 [2:07:53<52:42, 3162.09s/it, last=P5-0, 8.97e+04]  Runs finished:  67%|██████▋   | 2/3 [2:07:53<52:42, 3162.09s/it, last=P3-0, 6.85e+04][36m(CaseRunnerActor pid=28856)[0m /Users/knv2/Documents/codebase/envs/3DPhaseDiag/lib/python3.11/multiprocessing/resource_tracker.py:254: UserWarning: resource_tracker: There appear to be 1 leaked semaphore objects to clean up at shutdown
[36m(CaseRunnerActor pid=28856)[0m   warnings.warn('resource_tracker: There appear to be %d '
[36m(CaseRunnerActor pid=28851)[0m 2025-10-24 11:58:49 - INFO - [evaluate.py] - Boundary (0, 1): 897 points
[36m(CaseRunnerActor pid=28851)[0m INFO:evaluate:Boundary (0, 1): 897 points
[36m(CaseRunnerActor pid=28851)[0m 2025-10-24 11:58:49 - INFO - [evaluate.py] - Boundary (1, 2): 702 points
[36m(CaseRunnerActor pid=28851)[0m INFO:evaluate:Boundary (1, 2): 702 points
[36m(CaseRunnerActor pid=28851)[0m 2025-10-24 11:58:49 - INFO - [evaluate.py] - Evaluating boundary (0, 1)
[36m(CaseRunnerActor pid=28851)[0m INFO:evaluate:Evaluating boundary (0, 1)
[36m(CaseRunnerActor pid=28851)[0m 2025-10-24 11:59:07 - INFO - [evaluate.py] - Evaluating boundary (1, 2)
[36m(CaseRunnerActor pid=28851)[0m INFO:evaluate:Evaluating boundary (1, 2)
[36m(CaseRunnerActor pid=28851)[0m INFO:P0:[run 0], measurements: 78/206, expense: 4.50e+04
[36m(CaseRunnerActor pid=28851)[0m INFO:P0:[run 0], Boundary distances : {(0, 1): 197.11160974963752, (1, 2): 39.370630178526014}
[36m(CaseRunnerActor pid=28851)[0m INFO:P0:[run 0 iter 72] Process RSS:   1.44 GB | 
[36m(CaseRunnerActor pid=28851)[0m 2025-10-24 11:59:40 - INFO - [evaluate.py] - Boundary (0, 1): 908 points
[36m(CaseRunnerActor pid=28851)[0m INFO:evaluate:Boundary (0, 1): 908 points
[36m(CaseRunnerActor pid=28851)[0m 2025-10-24 11:59:40 - INFO - [evaluate.py] - Boundary (1, 2): 703 points
[36m(CaseRunnerActor pid=28851)[0m INFO:evaluate:Boundary (1, 2): 703 points
[36m(CaseRunnerActor pid=28851)[0m 2025-10-24 11:59:40 - INFO - [evaluate.py] - Evaluating boundary (0, 1)
[36m(CaseRunnerActor pid=28851)[0m INFO:evaluate:Evaluating boundary (0, 1)
[36m(CaseRunnerActor pid=28851)[0m 2025-10-24 11:59:48 - INFO - [evaluate.py] - Evaluating boundary (1, 2)
[36m(CaseRunnerActor pid=28851)[0m INFO:evaluate:Evaluating boundary (1, 2)
[36m(CaseRunnerActor pid=28851)[0m INFO:P0:[run 0], measurements: 79/206, expense: 4.60e+04
[36m(CaseRunnerActor pid=28851)[0m INFO:P0:[run 0], Boundary distances : {(0, 1): 156.74036040946254, (1, 2): 34.58750413782847}
[36m(CaseRunnerActor pid=28851)[0m INFO:P0:[run 0 iter 73] Process RSS:   1.45 GB | 
[36m(CaseRunnerActor pid=28851)[0m 2025-10-24 12:00:32 - INFO - [evaluate.py] - Boundary (0, 1): 911 points
[36m(CaseRunnerActor pid=28851)[0m INFO:evaluate:Boundary (0, 1): 911 points
[36m(CaseRunnerActor pid=28851)[0m 2025-10-24 12:00:32 - INFO - [evaluate.py] - Boundary (1, 2): 749 points
[36m(CaseRunnerActor pid=28851)[0m INFO:evaluate:Boundary (1, 2): 749 points
[36m(CaseRunnerActor pid=28851)[0m 2025-10-24 12:00:32 - INFO - [evaluate.py] - Evaluating boundary (0, 1)
[36m(CaseRunnerActor pid=28851)[0m INFO:evaluate:Evaluating boundary (0, 1)
[36m(CaseRunnerActor pid=28851)[0m 2025-10-24 12:00:41 - INFO - [evaluate.py] - Evaluating boundary (1, 2)
[36m(CaseRunnerActor pid=28851)[0m INFO:evaluate:Evaluating boundary (1, 2)
[36m(CaseRunnerActor pid=28851)[0m INFO:P0:[run 0], measurements: 80/206, expense: 4.62e+04
[36m(CaseRunnerActor pid=28851)[0m INFO:P0:[run 0], Boundary distances : {(0, 1): 156.80958183591264, (1, 2): 46.216396122437615}
[36m(CaseRunnerActor pid=28851)[0m INFO:P0:[run 0 iter 74] Process RSS:   1.45 GB | 
[36m(CaseRunnerActor pid=28851)[0m 2025-10-24 12:01:16 - INFO - [evaluate.py] - Boundary (0, 1): 908 points
[36m(CaseRunnerActor pid=28851)[0m INFO:evaluate:Boundary (0, 1): 908 points
[36m(CaseRunnerActor pid=28851)[0m 2025-10-24 12:01:16 - INFO - [evaluate.py] - Boundary (1, 2): 722 points
[36m(CaseRunnerActor pid=28851)[0m INFO:evaluate:Boundary (1, 2): 722 points
[36m(CaseRunnerActor pid=28851)[0m 2025-10-24 12:01:16 - INFO - [evaluate.py] - Evaluating boundary (0, 1)
[36m(CaseRunnerActor pid=28851)[0m INFO:evaluate:Evaluating boundary (0, 1)
[36m(CaseRunnerActor pid=28851)[0m 2025-10-24 12:01:24 - INFO - [evaluate.py] - Evaluating boundary (1, 2)
[36m(CaseRunnerActor pid=28851)[0m INFO:evaluate:Evaluating boundary (1, 2)
[36m(CaseRunnerActor pid=28851)[0m INFO:P0:[run 0], measurements: 81/206, expense: 4.72e+04
[36m(CaseRunnerActor pid=28851)[0m INFO:P0:[run 0], Boundary distances : {(0, 1): 154.00177255054328, (1, 2): 48.53703125745048}
[36m(CaseRunnerActor pid=28851)[0m INFO:P0:[run 0 iter 75] Process RSS:   1.45 GB | 
[36m(CaseRunnerActor pid=28851)[0m 2025-10-24 12:01:55 - INFO - [evaluate.py] - Boundary (0, 1): 919 points
[36m(CaseRunnerActor pid=28851)[0m INFO:evaluate:Boundary (0, 1): 919 points
[36m(CaseRunnerActor pid=28851)[0m 2025-10-24 12:01:55 - INFO - [evaluate.py] - Boundary (1, 2): 698 points
[36m(CaseRunnerActor pid=28851)[0m INFO:evaluate:Boundary (1, 2): 698 points
[36m(CaseRunnerActor pid=28851)[0m 2025-10-24 12:01:55 - INFO - [evaluate.py] - Evaluating boundary (0, 1)
[36m(CaseRunnerActor pid=28851)[0m INFO:evaluate:Evaluating boundary (0, 1)
[36m(CaseRunnerActor pid=28851)[0m 2025-10-24 12:02:14 - INFO - [evaluate.py] - Evaluating boundary (1, 2)
[36m(CaseRunnerActor pid=28851)[0m INFO:evaluate:Evaluating boundary (1, 2)
[36m(CaseRunnerActor pid=28851)[0m INFO:P0:[run 0], measurements: 82/206, expense: 4.75e+04
[36m(CaseRunnerActor pid=28851)[0m INFO:P0:[run 0], Boundary distances : {(0, 1): 158.22783223492002, (1, 2): 43.445780007058374}
[36m(CaseRunnerActor pid=28851)[0m INFO:P0:[run 0 iter 76] Process RSS:   1.45 GB | 
[36m(CaseRunnerActor pid=28851)[0m 2025-10-24 12:02:48 - INFO - [evaluate.py] - Boundary (0, 1): 918 points
[36m(CaseRunnerActor pid=28851)[0m INFO:evaluate:Boundary (0, 1): 918 points
[36m(CaseRunnerActor pid=28851)[0m 2025-10-24 12:02:48 - INFO - [evaluate.py] - Boundary (1, 2): 658 points
[36m(CaseRunnerActor pid=28851)[0m INFO:evaluate:Boundary (1, 2): 658 points
[36m(CaseRunnerActor pid=28851)[0m 2025-10-24 12:02:48 - INFO - [evaluate.py] - Evaluating boundary (0, 1)
[36m(CaseRunnerActor pid=28851)[0m INFO:evaluate:Evaluating boundary (0, 1)
[36m(CaseRunnerActor pid=28851)[0m 2025-10-24 12:03:05 - INFO - [evaluate.py] - Evaluating boundary (1, 2)
[36m(CaseRunnerActor pid=28851)[0m INFO:evaluate:Evaluating boundary (1, 2)
[36m(CaseRunnerActor pid=28851)[0m INFO:P0:[run 0], measurements: 83/206, expense: 4.77e+04
[36m(CaseRunnerActor pid=28851)[0m INFO:P0:[run 0], Boundary distances : {(0, 1): 150.27991042922096, (1, 2): 36.23193833217806}
[36m(CaseRunnerActor pid=28851)[0m INFO:P0:[run 0 iter 77] Process RSS:   1.45 GB | 
[36m(CaseRunnerActor pid=28851)[0m 2025-10-24 12:03:44 - INFO - [evaluate.py] - Boundary (0, 1): 919 points
[36m(CaseRunnerActor pid=28851)[0m INFO:evaluate:Boundary (0, 1): 919 points
[36m(CaseRunnerActor pid=28851)[0m 2025-10-24 12:03:44 - INFO - [evaluate.py] - Boundary (1, 2): 679 points
[36m(CaseRunnerActor pid=28851)[0m INFO:evaluate:Boundary (1, 2): 679 points
[36m(CaseRunnerActor pid=28851)[0m 2025-10-24 12:03:44 - INFO - [evaluate.py] - Evaluating boundary (0, 1)
[36m(CaseRunnerActor pid=28851)[0m INFO:evaluate:Evaluating boundary (0, 1)
[36m(CaseRunnerActor pid=28851)[0m 2025-10-24 12:03:53 - INFO - [evaluate.py] - Evaluating boundary (1, 2)
[36m(CaseRunnerActor pid=28851)[0m INFO:evaluate:Evaluating boundary (1, 2)
[36m(CaseRunnerActor pid=28851)[0m INFO:P0:[run 0], measurements: 84/206, expense: 4.83e+04
[36m(CaseRunnerActor pid=28851)[0m INFO:P0:[run 0], Boundary distances : {(0, 1): 143.9695906911547, (1, 2): 37.501487542236944}
[36m(CaseRunnerActor pid=28851)[0m INFO:P0:[run 0 iter 78] Process RSS:   1.45 GB | 
[36m(CaseRunnerActor pid=28851)[0m 2025-10-24 12:04:22 - INFO - [evaluate.py] - Boundary (0, 1): 894 points
[36m(CaseRunnerActor pid=28851)[0m INFO:evaluate:Boundary (0, 1): 894 points
[36m(CaseRunnerActor pid=28851)[0m 2025-10-24 12:04:22 - INFO - [evaluate.py] - Boundary (1, 2): 679 points
[36m(CaseRunnerActor pid=28851)[0m INFO:evaluate:Boundary (1, 2): 679 points
[36m(CaseRunnerActor pid=28851)[0m 2025-10-24 12:04:22 - INFO - [evaluate.py] - Evaluating boundary (0, 1)
[36m(CaseRunnerActor pid=28851)[0m INFO:evaluate:Evaluating boundary (0, 1)
[36m(CaseRunnerActor pid=28851)[0m 2025-10-24 12:04:29 - INFO - [evaluate.py] - Evaluating boundary (1, 2)
[36m(CaseRunnerActor pid=28851)[0m INFO:evaluate:Evaluating boundary (1, 2)
[36m(CaseRunnerActor pid=28851)[0m INFO:P0:[run 0], measurements: 85/206, expense: 4.88e+04
[36m(CaseRunnerActor pid=28851)[0m INFO:P0:[run 0], Boundary distances : {(0, 1): 213.3457475125116, (1, 2): 37.07178210421382}
[36m(CaseRunnerActor pid=28851)[0m INFO:P0:[run 0 iter 79] Process RSS:   1.45 GB | 
[36m(CaseRunnerActor pid=28851)[0m 2025-10-24 12:05:03 - INFO - [evaluate.py] - Boundary (0, 1): 895 points
[36m(CaseRunnerActor pid=28851)[0m INFO:evaluate:Boundary (0, 1): 895 points
[36m(CaseRunnerActor pid=28851)[0m 2025-10-24 12:05:03 - INFO - [evaluate.py] - Boundary (1, 2): 658 points
[36m(CaseRunnerActor pid=28851)[0m INFO:evaluate:Boundary (1, 2): 658 points
[36m(CaseRunnerActor pid=28851)[0m 2025-10-24 12:05:03 - INFO - [evaluate.py] - Evaluating boundary (0, 1)
[36m(CaseRunnerActor pid=28851)[0m INFO:evaluate:Evaluating boundary (0, 1)
[36m(CaseRunnerActor pid=28851)[0m 2025-10-24 12:05:09 - INFO - [evaluate.py] - Evaluating boundary (1, 2)
[36m(CaseRunnerActor pid=28851)[0m INFO:evaluate:Evaluating boundary (1, 2)
[36m(CaseRunnerActor pid=28851)[0m INFO:P0:[run 0], measurements: 86/206, expense: 5.01e+04
[36m(CaseRunnerActor pid=28851)[0m INFO:P0:[run 0], Boundary distances : {(0, 1): 190.4343063774607, (1, 2): 36.168337476542106}
[36m(CaseRunnerActor pid=28851)[0m INFO:P0:[run 0 iter 80] Process RSS:   1.45 GB | 
[36m(CaseRunnerActor pid=28851)[0m 2025-10-24 12:05:48 - INFO - [evaluate.py] - Boundary (0, 1): 886 points
[36m(CaseRunnerActor pid=28851)[0m INFO:evaluate:Boundary (0, 1): 886 points
[36m(CaseRunnerActor pid=28851)[0m 2025-10-24 12:05:48 - INFO - [evaluate.py] - Boundary (1, 2): 661 points
[36m(CaseRunnerActor pid=28851)[0m INFO:evaluate:Boundary (1, 2): 661 points
[36m(CaseRunnerActor pid=28851)[0m 2025-10-24 12:05:48 - INFO - [evaluate.py] - Evaluating boundary (0, 1)
[36m(CaseRunnerActor pid=28851)[0m INFO:evaluate:Evaluating boundary (0, 1)
[36m(CaseRunnerActor pid=28851)[0m 2025-10-24 12:05:55 - INFO - [evaluate.py] - Evaluating boundary (1, 2)
[36m(CaseRunnerActor pid=28851)[0m INFO:evaluate:Evaluating boundary (1, 2)
[36m(CaseRunnerActor pid=28851)[0m INFO:P0:[run 0], measurements: 87/206, expense: 5.05e+04
[36m(CaseRunnerActor pid=28851)[0m INFO:P0:[run 0], Boundary distances : {(0, 1): 176.03041752566298, (1, 2): 36.42791837097047}
[36m(CaseRunnerActor pid=28851)[0m INFO:P0:[run 0 iter 81] Process RSS:   1.45 GB | 
[36m(CaseRunnerActor pid=28851)[0m 2025-10-24 12:06:41 - INFO - [evaluate.py] - Boundary (0, 1): 896 points
[36m(CaseRunnerActor pid=28851)[0m INFO:evaluate:Boundary (0, 1): 896 points
[36m(CaseRunnerActor pid=28851)[0m 2025-10-24 12:06:41 - INFO - [evaluate.py] - Boundary (1, 2): 658 points
[36m(CaseRunnerActor pid=28851)[0m INFO:evaluate:Boundary (1, 2): 658 points
[36m(CaseRunnerActor pid=28851)[0m 2025-10-24 12:06:41 - INFO - [evaluate.py] - Evaluating boundary (0, 1)
[36m(CaseRunnerActor pid=28851)[0m INFO:evaluate:Evaluating boundary (0, 1)
[36m(CaseRunnerActor pid=28851)[0m 2025-10-24 12:07:07 - INFO - [evaluate.py] - Evaluating boundary (1, 2)
[36m(CaseRunnerActor pid=28851)[0m INFO:evaluate:Evaluating boundary (1, 2)
[36m(CaseRunnerActor pid=28851)[0m INFO:P0:[run 0], measurements: 88/206, expense: 5.06e+04
[36m(CaseRunnerActor pid=28851)[0m INFO:P0:[run 0], Boundary distances : {(0, 1): 221.60814674190937, (1, 2): 36.52560866467257}
[36m(CaseRunnerActor pid=28851)[0m INFO:P0:[run 0 iter 82] Process RSS:   1.45 GB | 
[36m(CaseRunnerActor pid=28851)[0m 2025-10-24 12:07:45 - INFO - [evaluate.py] - Boundary (0, 1): 902 points
[36m(CaseRunnerActor pid=28851)[0m INFO:evaluate:Boundary (0, 1): 902 points
[36m(CaseRunnerActor pid=28851)[0m 2025-10-24 12:07:45 - INFO - [evaluate.py] - Boundary (1, 2): 658 points
[36m(CaseRunnerActor pid=28851)[0m INFO:evaluate:Boundary (1, 2): 658 points
[36m(CaseRunnerActor pid=28851)[0m 2025-10-24 12:07:45 - INFO - [evaluate.py] - Evaluating boundary (0, 1)
[36m(CaseRunnerActor pid=28851)[0m INFO:evaluate:Evaluating boundary (0, 1)
[36m(CaseRunnerActor pid=28851)[0m 2025-10-24 12:07:57 - INFO - [evaluate.py] - Evaluating boundary (1, 2)
[36m(CaseRunnerActor pid=28851)[0m INFO:evaluate:Evaluating boundary (1, 2)
[36m(CaseRunnerActor pid=28851)[0m INFO:P0:[run 0], measurements: 89/206, expense: 5.11e+04
[36m(CaseRunnerActor pid=28851)[0m INFO:P0:[run 0], Boundary distances : {(0, 1): 238.08062605320623, (1, 2): 36.52560866467257}
[36m(CaseRunnerActor pid=28851)[0m INFO:P0:[run 0 iter 83] Process RSS:   1.45 GB | 
[36m(CaseRunnerActor pid=28851)[0m 2025-10-24 12:08:39 - INFO - [evaluate.py] - Boundary (0, 1): 893 points
[36m(CaseRunnerActor pid=28851)[0m INFO:evaluate:Boundary (0, 1): 893 points
[36m(CaseRunnerActor pid=28851)[0m 2025-10-24 12:08:39 - INFO - [evaluate.py] - Boundary (1, 2): 645 points
[36m(CaseRunnerActor pid=28851)[0m INFO:evaluate:Boundary (1, 2): 645 points
[36m(CaseRunnerActor pid=28851)[0m 2025-10-24 12:08:39 - INFO - [evaluate.py] - Evaluating boundary (0, 1)
[36m(CaseRunnerActor pid=28851)[0m INFO:evaluate:Evaluating boundary (0, 1)
[36m(CaseRunnerActor pid=28851)[0m 2025-10-24 12:08:54 - INFO - [evaluate.py] - Evaluating boundary (1, 2)
[36m(CaseRunnerActor pid=28851)[0m INFO:evaluate:Evaluating boundary (1, 2)
[36m(CaseRunnerActor pid=28851)[0m INFO:P0:[run 0], measurements: 90/206, expense: 5.14e+04
[36m(CaseRunnerActor pid=28851)[0m INFO:P0:[run 0], Boundary distances : {(0, 1): 199.50252316351373, (1, 2): 30.21520356839992}
[36m(CaseRunnerActor pid=28851)[0m INFO:P0:[run 0 iter 84] Process RSS:   1.45 GB | 
[36m(CaseRunnerActor pid=28851)[0m 2025-10-24 12:09:30 - INFO - [evaluate.py] - Boundary (0, 1): 900 points
[36m(CaseRunnerActor pid=28851)[0m INFO:evaluate:Boundary (0, 1): 900 points
[36m(CaseRunnerActor pid=28851)[0m 2025-10-24 12:09:30 - INFO - [evaluate.py] - Boundary (1, 2): 615 points
[36m(CaseRunnerActor pid=28851)[0m INFO:evaluate:Boundary (1, 2): 615 points
[36m(CaseRunnerActor pid=28851)[0m 2025-10-24 12:09:30 - INFO - [evaluate.py] - Evaluating boundary (0, 1)
[36m(CaseRunnerActor pid=28851)[0m INFO:evaluate:Evaluating boundary (0, 1)
[36m(CaseRunnerActor pid=28851)[0m 2025-10-24 12:09:51 - INFO - [evaluate.py] - Evaluating boundary (1, 2)
[36m(CaseRunnerActor pid=28851)[0m INFO:evaluate:Evaluating boundary (1, 2)
[36m(CaseRunnerActor pid=28851)[0m INFO:P0:[run 0], measurements: 91/206, expense: 5.19e+04
[36m(CaseRunnerActor pid=28851)[0m INFO:P0:[run 0], Boundary distances : {(0, 1): 183.25506069732214, (1, 2): 29.60484194828979}
[36m(CaseRunnerActor pid=28851)[0m INFO:P0:[run 0 iter 85] Process RSS:   1.45 GB | 
[36m(CaseRunnerActor pid=28851)[0m 2025-10-24 12:10:36 - INFO - [evaluate.py] - Boundary (0, 1): 912 points
[36m(CaseRunnerActor pid=28851)[0m INFO:evaluate:Boundary (0, 1): 912 points
[36m(CaseRunnerActor pid=28851)[0m 2025-10-24 12:10:36 - INFO - [evaluate.py] - Boundary (1, 2): 615 points
[36m(CaseRunnerActor pid=28851)[0m INFO:evaluate:Boundary (1, 2): 615 points
[36m(CaseRunnerActor pid=28851)[0m 2025-10-24 12:10:36 - INFO - [evaluate.py] - Evaluating boundary (0, 1)
[36m(CaseRunnerActor pid=28851)[0m INFO:evaluate:Evaluating boundary (0, 1)
[36m(CaseRunnerActor pid=28851)[0m 2025-10-24 12:10:49 - INFO - [evaluate.py] - Evaluating boundary (1, 2)
[36m(CaseRunnerActor pid=28851)[0m INFO:evaluate:Evaluating boundary (1, 2)
[36m(CaseRunnerActor pid=28851)[0m INFO:P0:[run 0], measurements: 92/206, expense: 5.21e+04
[36m(CaseRunnerActor pid=28851)[0m INFO:P0:[run 0], Boundary distances : {(0, 1): 134.81282392878387, (1, 2): 29.878996425398505}
[36m(CaseRunnerActor pid=28851)[0m INFO:P0:[run 0 iter 86] Process RSS:   1.45 GB | 
[36m(CaseRunnerActor pid=28851)[0m 2025-10-24 12:11:35 - INFO - [evaluate.py] - Boundary (0, 1): 902 points
[36m(CaseRunnerActor pid=28851)[0m INFO:evaluate:Boundary (0, 1): 902 points
[36m(CaseRunnerActor pid=28851)[0m 2025-10-24 12:11:35 - INFO - [evaluate.py] - Boundary (1, 2): 615 points
[36m(CaseRunnerActor pid=28851)[0m INFO:evaluate:Boundary (1, 2): 615 points
[36m(CaseRunnerActor pid=28851)[0m 2025-10-24 12:11:35 - INFO - [evaluate.py] - Evaluating boundary (0, 1)
[36m(CaseRunnerActor pid=28851)[0m INFO:evaluate:Evaluating boundary (0, 1)
[36m(CaseRunnerActor pid=28851)[0m 2025-10-24 12:11:44 - INFO - [evaluate.py] - Evaluating boundary (1, 2)
[36m(CaseRunnerActor pid=28851)[0m INFO:evaluate:Evaluating boundary (1, 2)
[36m(CaseRunnerActor pid=28851)[0m INFO:P0:[run 0], measurements: 93/206, expense: 5.23e+04
[36m(CaseRunnerActor pid=28851)[0m INFO:P0:[run 0], Boundary distances : {(0, 1): 103.16991669673243, (1, 2): 29.878996425398505}
[36m(CaseRunnerActor pid=28851)[0m INFO:P0:[run 0 iter 87] Process RSS:   1.45 GB | 
[36m(CaseRunnerActor pid=28851)[0m 2025-10-24 12:12:24 - INFO - [evaluate.py] - Boundary (0, 1): 893 points
[36m(CaseRunnerActor pid=28851)[0m INFO:evaluate:Boundary (0, 1): 893 points
[36m(CaseRunnerActor pid=28851)[0m 2025-10-24 12:12:24 - INFO - [evaluate.py] - Boundary (1, 2): 609 points
[36m(CaseRunnerActor pid=28851)[0m INFO:evaluate:Boundary (1, 2): 609 points
[36m(CaseRunnerActor pid=28851)[0m 2025-10-24 12:12:24 - INFO - [evaluate.py] - Evaluating boundary (0, 1)
[36m(CaseRunnerActor pid=28851)[0m INFO:evaluate:Evaluating boundary (0, 1)
[36m(CaseRunnerActor pid=28851)[0m 2025-10-24 12:12:31 - INFO - [evaluate.py] - Evaluating boundary (1, 2)
[36m(CaseRunnerActor pid=28851)[0m INFO:evaluate:Evaluating boundary (1, 2)
[36m(CaseRunnerActor pid=28851)[0m INFO:P0:[run 0], measurements: 94/206, expense: 5.25e+04
[36m(CaseRunnerActor pid=28851)[0m INFO:P0:[run 0], Boundary distances : {(0, 1): 106.99584522610562, (1, 2): 27.19187517614158}
[36m(CaseRunnerActor pid=28851)[0m INFO:P0:[run 0 iter 88] Process RSS:   1.45 GB | 
[36m(CaseRunnerActor pid=28851)[0m 2025-10-24 12:13:08 - INFO - [evaluate.py] - Boundary (0, 1): 911 points
[36m(CaseRunnerActor pid=28851)[0m INFO:evaluate:Boundary (0, 1): 911 points
[36m(CaseRunnerActor pid=28851)[0m 2025-10-24 12:13:08 - INFO - [evaluate.py] - Boundary (1, 2): 610 points
[36m(CaseRunnerActor pid=28851)[0m INFO:evaluate:Boundary (1, 2): 610 points
[36m(CaseRunnerActor pid=28851)[0m 2025-10-24 12:13:08 - INFO - [evaluate.py] - Evaluating boundary (0, 1)
[36m(CaseRunnerActor pid=28851)[0m INFO:evaluate:Evaluating boundary (0, 1)
[36m(CaseRunnerActor pid=28851)[0m 2025-10-24 12:13:28 - INFO - [evaluate.py] - Evaluating boundary (1, 2)
[36m(CaseRunnerActor pid=28851)[0m INFO:evaluate:Evaluating boundary (1, 2)
[36m(CaseRunnerActor pid=28851)[0m INFO:P0:[run 0], measurements: 95/206, expense: 5.27e+04
[36m(CaseRunnerActor pid=28851)[0m INFO:P0:[run 0], Boundary distances : {(0, 1): 112.83210310102015, (1, 2): 26.7456941918358}
[36m(CaseRunnerActor pid=28851)[0m INFO:P0:[run 0 iter 89] Process RSS:   1.45 GB | 

[36m(CaseRunnerActor pid=28851)[0m [2025-10-24 11:44:37,255] [INFO] [run 0], Boundary distances : {(0, 1): 189.24929454861189, (1, 2): 28.114119784694296}
[36m(CaseRunnerActor pid=28851)[0m [2025-10-24 11:44:37,374] [INFO] [run 0 iter 59] Process RSS:   1.29 GB | 
[36m(CaseRunnerActor pid=28851)[0m [2025-10-24 11:45:30,055] [INFO] [run 0], measurements: 66/206, expense: 3.79e+04
[36m(CaseRunnerActor pid=28851)[0m [2025-10-24 11:45:30,055] [INFO] [run 0], Boundary distances : {(0, 1): 147.1787813390315, (1, 2): 26.571404995693513}
[36m(CaseRunnerActor pid=28851)[0m [2025-10-24 11:45:30,124] [INFO] [run 0 iter 60] Process RSS:   1.44 GB | 
[36m(CaseRunnerActor pid=28852)[0m [2025-10-24 11:45:40,862] [INFO] [run 0], measurements: 181/206, expense: 8.12e+04
[36m(CaseRunnerActor pid=28852)[0m [2025-10-24 11:45:40,863] [INFO] [run 0], Boundary distances : {(0, 1): 160.51107679549864, (1, 2): 54.882418933017675}
[36m(CaseRunnerActor pid=28852)[0m [2025-10-24 11:45:40,936] [INFO] [run 0 iter 35] Process RSS:   1.57 GB | 
[36m(CaseRunnerActor pid=28856)[0m [2025-10-24 11:45:46,831] [INFO] [run 0], measurements: 184/206, expense: 6.11e+04
[36m(CaseRunnerActor pid=28856)[0m [2025-10-24 11:45:46,831] [INFO] [run 0], Boundary distances : {(0, 1): 433.3120128480192, (1, 2): 24.610681495813637}
[36m(CaseRunnerActor pid=28856)[0m [2025-10-24 11:45:46,872] [INFO] [run 0 iter 37] Process RSS:   1.44 GB | 
[36m(CaseRunnerActor pid=28851)[0m [2025-10-24 11:46:21,049] [INFO] [run 0], measurements: 67/206, expense: 3.85e+04
[36m(CaseRunnerActor pid=28851)[0m [2025-10-24 11:46:21,050] [INFO] [run 0], Boundary distances : {(0, 1): 127.63724473783873, (1, 2): 25.825038282887686}
[36m(CaseRunnerActor pid=28851)[0m [2025-10-24 11:46:21,119] [INFO] [run 0 iter 61] Process RSS:   1.44 GB | 
[36m(CaseRunnerActor pid=28851)[0m [2025-10-24 11:47:20,000] [INFO] [run 0], measurements: 68/206, expense: 3.92e+04
[36m(CaseRunnerActor pid=28851)[0m [2025-10-24 11:47:20,000] [INFO] [run 0], Boundary distances : {(0, 1): 116.43919979185732, (1, 2): 24.539410778492947}
[36m(CaseRunnerActor pid=28851)[0m [2025-10-24 11:47:20,092] [INFO] [run 0 iter 62] Process RSS:   1.44 GB | 
[36m(CaseRunnerActor pid=28852)[0m [2025-10-24 11:48:05,085] [INFO] [run 0], measurements: 186/206, expense: 8.28e+04
[36m(CaseRunnerActor pid=28852)[0m [2025-10-24 11:48:05,086] [INFO] [run 0], Boundary distances : {(0, 1): 165.49463104991162, (1, 2): 55.07018680671423}
[36m(CaseRunnerActor pid=28852)[0m [2025-10-24 11:48:05,126] [INFO] [run 0 iter 36] Process RSS:   1.44 GB | 
[36m(CaseRunnerActor pid=28856)[0m [2025-10-24 11:48:05,739] [INFO] [run 0], measurements: 187/206, expense: 6.17e+04
[36m(CaseRunnerActor pid=28856)[0m [2025-10-24 11:48:05,740] [INFO] [run 0], Boundary distances : {(0, 1): 429.55747357749976, (1, 2): 29.400513526862856}
[36m(CaseRunnerActor pid=28856)[0m [2025-10-24 11:48:05,781] [INFO] [run 0 iter 38] Process RSS:   1.31 GB | 
[36m(CaseRunnerActor pid=28851)[0m [2025-10-24 11:48:21,211] [INFO] [run 0], measurements: 69/206, expense: 3.96e+04
[36m(CaseRunnerActor pid=28851)[0m [2025-10-24 11:48:21,211] [INFO] [run 0], Boundary distances : {(0, 1): 121.91341263129144, (1, 2): 25.33850484970531}
[36m(CaseRunnerActor pid=28851)[0m [2025-10-24 11:48:21,251] [INFO] [run 0 iter 63] Process RSS:   1.44 GB | 
[36m(CaseRunnerActor pid=28851)[0m [2025-10-24 11:49:48,428] [INFO] [run 0], measurements: 70/206, expense: 4.05e+04
[36m(CaseRunnerActor pid=28851)[0m [2025-10-24 11:49:48,429] [INFO] [run 0], Boundary distances : {(0, 1): 131.50799985000862, (1, 2): 26.46057692002257}
[36m(CaseRunnerActor pid=28851)[0m [2025-10-24 11:49:48,547] [INFO] [run 0 iter 64] Process RSS:   1.36 GB | 
[36m(CaseRunnerActor pid=28856)[0m [2025-10-24 11:50:34,030] [INFO] [run 0], measurements: 193/206, expense: 6.31e+04
[36m(CaseRunnerActor pid=28856)[0m [2025-10-24 11:50:34,030] [INFO] [run 0], Boundary distances : {(0, 1): 431.96951109312334, (1, 2): 25.686102925167994}
[36m(CaseRunnerActor pid=28856)[0m [2025-10-24 11:50:34,070] [INFO] [run 0 iter 39] Process RSS:   1.44 GB | 
[36m(CaseRunnerActor pid=28852)[0m [2025-10-24 11:50:46,056] [INFO] [run 0], measurements: 191/206, expense: 8.44e+04
[36m(CaseRunnerActor pid=28852)[0m [2025-10-24 11:50:46,056] [INFO] [run 0], Boundary distances : {(0, 1): 156.77351163627998, (1, 2): 57.16971967326974}
[36m(CaseRunnerActor pid=28852)[0m [2025-10-24 11:50:46,101] [INFO] [run 0 iter 37] Process RSS:   1.39 GB | 
[36m(CaseRunnerActor pid=28851)[0m [2025-10-24 11:51:09,267] [INFO] [run 0], measurements: 71/206, expense: 4.09e+04
[36m(CaseRunnerActor pid=28851)[0m [2025-10-24 11:51:09,267] [INFO] [run 0], Boundary distances : {(0, 1): 132.83783409719314, (1, 2): 23.445607499202847}
[36m(CaseRunnerActor pid=28851)[0m [2025-10-24 11:51:09,308] [INFO] [run 0 iter 65] Process RSS:   1.44 GB | 
[36m(CaseRunnerActor pid=28851)[0m [2025-10-24 11:52:26,358] [INFO] [run 0], measurements: 72/206, expense: 4.13e+04
[36m(CaseRunnerActor pid=28851)[0m [2025-10-24 11:52:26,358] [INFO] [run 0], Boundary distances : {(0, 1): 166.74937079612303, (1, 2): 23.080588838624593}
[36m(CaseRunnerActor pid=28851)[0m [2025-10-24 11:52:26,429] [INFO] [run 0 iter 66] Process RSS:   1.43 GB | 
[36m(CaseRunnerActor pid=28856)[0m [2025-10-24 11:53:14,839] [INFO] [run 0], measurements: 199/206, expense: 6.49e+04
[36m(CaseRunnerActor pid=28856)[0m [2025-10-24 11:53:14,839] [INFO] [run 0], Boundary distances : {(0, 1): 426.4566155955647, (1, 2): 26.91718688331831}
[36m(CaseRunnerActor pid=28856)[0m [2025-10-24 11:53:14,917] [INFO] [run 0 iter 40] Process RSS:   1.44 GB | 
[36m(CaseRunnerActor pid=28852)[0m [2025-10-24 11:53:26,507] [INFO] [run 0], measurements: 196/206, expense: 8.64e+04
[36m(CaseRunnerActor pid=28852)[0m [2025-10-24 11:53:26,507] [INFO] [run 0], Boundary distances : {(0, 1): 163.12741285080108, (1, 2): 61.964276077583435}
[36m(CaseRunnerActor pid=28852)[0m [2025-10-24 11:53:26,550] [INFO] [run 0 iter 38] Process RSS:   1.44 GB | 
[36m(CaseRunnerActor pid=28851)[0m [2025-10-24 11:53:31,443] [INFO] [run 0], measurements: 73/206, expense: 4.17e+04
[36m(CaseRunnerActor pid=28851)[0m [2025-10-24 11:53:31,443] [INFO] [run 0], Boundary distances : {(0, 1): 146.56236225834158, (1, 2): 26.02765574215842}
[36m(CaseRunnerActor pid=28851)[0m [2025-10-24 11:53:31,483] [INFO] [run 0 iter 67] Process RSS:   1.44 GB | 
[36m(CaseRunnerActor pid=28851)[0m [2025-10-24 11:55:08,736] [INFO] [run 0], measurements: 74/206, expense: 4.21e+04
[36m(CaseRunnerActor pid=28851)[0m [2025-10-24 11:55:08,736] [INFO] [run 0], Boundary distances : {(0, 1): 163.26427578163015, (1, 2): 29.18524897932401}
[36m(CaseRunnerActor pid=28851)[0m [2025-10-24 11:55:08,827] [INFO] [run 0 iter 68] Process RSS:   1.43 GB | 
[36m(CaseRunnerActor pid=28852)[0m [2025-10-24 11:55:41,603] [INFO] [run 0], measurements: 201/206, expense: 8.82e+04
[36m(CaseRunnerActor pid=28852)[0m [2025-10-24 11:55:41,604] [INFO] [run 0], Boundary distances : {(0, 1): 154.9757459378316, (1, 2): 65.14714272514576}
[36m(CaseRunnerActor pid=28852)[0m [2025-10-24 11:55:41,651] [INFO] [run 0 iter 39] Process RSS:   1.44 GB | 
[36m(CaseRunnerActor pid=28856)[0m [2025-10-24 11:55:45,032] [INFO] [run 0], measurements: 205/206, expense: 6.63e+04
[36m(CaseRunnerActor pid=28856)[0m [2025-10-24 11:55:45,032] [INFO] [run 0], Boundary distances : {(0, 1): 427.46513456758055, (1, 2): 25.95068245038872}
[36m(CaseRunnerActor pid=28856)[0m [2025-10-24 11:55:45,069] [INFO] [run 0 iter 41] Process RSS:   1.44 GB | 
[36m(CaseRunnerActor pid=28851)[0m [2025-10-24 11:56:11,121] [INFO] [run 0], measurements: 75/206, expense: 4.31e+04
[36m(CaseRunnerActor pid=28851)[0m [2025-10-24 11:56:11,122] [INFO] [run 0], Boundary distances : {(0, 1): 116.33890135403186, (1, 2): 28.13027354880043}
[36m(CaseRunnerActor pid=28851)[0m [2025-10-24 11:56:11,160] [INFO] [run 0 iter 69] Process RSS:   1.44 GB | 
[36m(CaseRunnerActor pid=28851)[0m [2025-10-24 11:57:23,664] [INFO] [run 0], measurements: 76/206, expense: 4.37e+04
[36m(CaseRunnerActor pid=28851)[0m [2025-10-24 11:57:23,664] [INFO] [run 0], Boundary distances : {(0, 1): 153.7433592884123, (1, 2): 29.46283738286013}[36m(CaseRunnerActor pid=28851)[0m 2025-10-24 12:14:17 - INFO - [evaluate.py] - Boundary (0, 1): 931 points
[36m(CaseRunnerActor pid=28851)[0m INFO:evaluate:Boundary (0, 1): 931 points
[36m(CaseRunnerActor pid=28851)[0m 2025-10-24 12:14:17 - INFO - [evaluate.py] - Boundary (1, 2): 608 points
[36m(CaseRunnerActor pid=28851)[0m INFO:evaluate:Boundary (1, 2): 608 points
[36m(CaseRunnerActor pid=28851)[0m 2025-10-24 12:14:17 - INFO - [evaluate.py] - Evaluating boundary (0, 1)
[36m(CaseRunnerActor pid=28851)[0m INFO:evaluate:Evaluating boundary (0, 1)
[36m(CaseRunnerActor pid=28851)[0m 2025-10-24 12:14:25 - INFO - [evaluate.py] - Evaluating boundary (1, 2)
[36m(CaseRunnerActor pid=28851)[0m INFO:evaluate:Evaluating boundary (1, 2)
[36m(CaseRunnerActor pid=28851)[0m INFO:P0:[run 0], measurements: 96/206, expense: 5.29e+04
[36m(CaseRunnerActor pid=28851)[0m INFO:P0:[run 0], Boundary distances : {(0, 1): 98.46159469154519, (1, 2): 26.87233048770537}
[36m(CaseRunnerActor pid=28851)[0m INFO:P0:[run 0 iter 90] Process RSS:   1.45 GB | 
[36m(CaseRunnerActor pid=28851)[0m 2025-10-24 12:15:02 - INFO - [evaluate.py] - Boundary (0, 1): 926 points
[36m(CaseRunnerActor pid=28851)[0m INFO:evaluate:Boundary (0, 1): 926 points
[36m(CaseRunnerActor pid=28851)[0m 2025-10-24 12:15:02 - INFO - [evaluate.py] - Boundary (1, 2): 604 points
[36m(CaseRunnerActor pid=28851)[0m INFO:evaluate:Boundary (1, 2): 604 points
[36m(CaseRunnerActor pid=28851)[0m 2025-10-24 12:15:02 - INFO - [evaluate.py] - Evaluating boundary (0, 1)
[36m(CaseRunnerActor pid=28851)[0m INFO:evaluate:Evaluating boundary (0, 1)
[36m(CaseRunnerActor pid=28851)[0m 2025-10-24 12:15:22 - INFO - [evaluate.py] - Evaluating boundary (1, 2)
[36m(CaseRunnerActor pid=28851)[0m INFO:evaluate:Evaluating boundary (1, 2)
[36m(CaseRunnerActor pid=28851)[0m INFO:P0:[run 0], measurements: 97/206, expense: 5.30e+04
[36m(CaseRunnerActor pid=28851)[0m INFO:P0:[run 0], Boundary distances : {(0, 1): 96.71290579315672, (1, 2): 23.08755892883974}
[36m(CaseRunnerActor pid=28851)[0m INFO:P0:[run 0 iter 91] Process RSS:   1.45 GB | 
[36m(CaseRunnerActor pid=28851)[0m 2025-10-24 12:15:56 - INFO - [evaluate.py] - Boundary (0, 1): 901 points
[36m(CaseRunnerActor pid=28851)[0m INFO:evaluate:Boundary (0, 1): 901 points
[36m(CaseRunnerActor pid=28851)[0m 2025-10-24 12:15:56 - INFO - [evaluate.py] - Boundary (1, 2): 603 points
[36m(CaseRunnerActor pid=28851)[0m INFO:evaluate:Boundary (1, 2): 603 points
[36m(CaseRunnerActor pid=28851)[0m 2025-10-24 12:15:56 - INFO - [evaluate.py] - Evaluating boundary (0, 1)
[36m(CaseRunnerActor pid=28851)[0m INFO:evaluate:Evaluating boundary (0, 1)
[36m(CaseRunnerActor pid=28851)[0m 2025-10-24 12:16:03 - INFO - [evaluate.py] - Evaluating boundary (1, 2)
[36m(CaseRunnerActor pid=28851)[0m INFO:evaluate:Evaluating boundary (1, 2)
[36m(CaseRunnerActor pid=28851)[0m INFO:P0:[run 0], measurements: 98/206, expense: 5.33e+04
[36m(CaseRunnerActor pid=28851)[0m INFO:P0:[run 0], Boundary distances : {(0, 1): 91.04084144901873, (1, 2): 24.78063339379946}
[36m(CaseRunnerActor pid=28851)[0m INFO:P0:[run 0 iter 92] Process RSS:   1.45 GB | 
[36m(CaseRunnerActor pid=28851)[0m 2025-10-24 12:16:40 - INFO - [evaluate.py] - Boundary (0, 1): 911 points
[36m(CaseRunnerActor pid=28851)[0m INFO:evaluate:Boundary (0, 1): 911 points
[36m(CaseRunnerActor pid=28851)[0m 2025-10-24 12:16:40 - INFO - [evaluate.py] - Boundary (1, 2): 599 points
[36m(CaseRunnerActor pid=28851)[0m INFO:evaluate:Boundary (1, 2): 599 points
[36m(CaseRunnerActor pid=28851)[0m 2025-10-24 12:16:40 - INFO - [evaluate.py] - Evaluating boundary (0, 1)
[36m(CaseRunnerActor pid=28851)[0m INFO:evaluate:Evaluating boundary (0, 1)
[36m(CaseRunnerActor pid=28851)[0m 2025-10-24 12:16:47 - INFO - [evaluate.py] - Evaluating boundary (1, 2)
[36m(CaseRunnerActor pid=28851)[0m INFO:evaluate:Evaluating boundary (1, 2)
[36m(CaseRunnerActor pid=28851)[0m INFO:P0:[run 0], measurements: 99/206, expense: 5.44e+04
[36m(CaseRunnerActor pid=28851)[0m INFO:P0:[run 0], Boundary distances : {(0, 1): 101.3791050602059, (1, 2): 25.279070554138038}
[36m(CaseRunnerActor pid=28851)[0m INFO:P0:[run 0 iter 93] Process RSS:   1.45 GB | 
[36m(CaseRunnerActor pid=28851)[0m 2025-10-24 12:17:27 - INFO - [evaluate.py] - Boundary (0, 1): 908 points
[36m(CaseRunnerActor pid=28851)[0m INFO:evaluate:Boundary (0, 1): 908 points
[36m(CaseRunnerActor pid=28851)[0m 2025-10-24 12:17:27 - INFO - [evaluate.py] - Boundary (1, 2): 625 points
[36m(CaseRunnerActor pid=28851)[0m INFO:evaluate:Boundary (1, 2): 625 points
[36m(CaseRunnerActor pid=28851)[0m 2025-10-24 12:17:27 - INFO - [evaluate.py] - Evaluating boundary (0, 1)
[36m(CaseRunnerActor pid=28851)[0m INFO:evaluate:Evaluating boundary (0, 1)
[36m(CaseRunnerActor pid=28851)[0m 2025-10-24 12:17:33 - INFO - [evaluate.py] - Evaluating boundary (1, 2)
[36m(CaseRunnerActor pid=28851)[0m INFO:evaluate:Evaluating boundary (1, 2)
[36m(CaseRunnerActor pid=28851)[0m INFO:P0:[run 0], measurements: 100/206, expense: 5.57e+04
[36m(CaseRunnerActor pid=28851)[0m INFO:P0:[run 0], Boundary distances : {(0, 1): 102.38610249163703, (1, 2): 26.258989126987473}
[36m(CaseRunnerActor pid=28851)[0m INFO:P0:[run 0 iter 94] Process RSS:   1.45 GB | 
[36m(CaseRunnerActor pid=28851)[0m 2025-10-24 12:18:09 - INFO - [evaluate.py] - Boundary (0, 1): 946 points
[36m(CaseRunnerActor pid=28851)[0m INFO:evaluate:Boundary (0, 1): 946 points
[36m(CaseRunnerActor pid=28851)[0m 2025-10-24 12:18:09 - INFO - [evaluate.py] - Boundary (1, 2): 625 points
[36m(CaseRunnerActor pid=28851)[0m INFO:evaluate:Boundary (1, 2): 625 points
[36m(CaseRunnerActor pid=28851)[0m 2025-10-24 12:18:09 - INFO - [evaluate.py] - Evaluating boundary (0, 1)
[36m(CaseRunnerActor pid=28851)[0m INFO:evaluate:Evaluating boundary (0, 1)
[36m(CaseRunnerActor pid=28851)[0m 2025-10-24 12:18:24 - INFO - [evaluate.py] - Evaluating boundary (1, 2)
[36m(CaseRunnerActor pid=28851)[0m INFO:evaluate:Evaluating boundary (1, 2)
[36m(CaseRunnerActor pid=28851)[0m INFO:P0:[run 0], measurements: 101/206, expense: 5.72e+04
[36m(CaseRunnerActor pid=28851)[0m INFO:P0:[run 0], Boundary distances : {(0, 1): 91.06041827130585, (1, 2): 26.258989126987473}
[36m(CaseRunnerActor pid=28851)[0m INFO:P0:[run 0 iter 95] Process RSS:   1.45 GB | 
[36m(CaseRunnerActor pid=28851)[0m 2025-10-24 12:18:57 - INFO - [evaluate.py] - Boundary (0, 1): 944 points
[36m(CaseRunnerActor pid=28851)[0m INFO:evaluate:Boundary (0, 1): 944 points
[36m(CaseRunnerActor pid=28851)[0m 2025-10-24 12:18:57 - INFO - [evaluate.py] - Boundary (1, 2): 616 points
[36m(CaseRunnerActor pid=28851)[0m INFO:evaluate:Boundary (1, 2): 616 points
[36m(CaseRunnerActor pid=28851)[0m 2025-10-24 12:18:57 - INFO - [evaluate.py] - Evaluating boundary (0, 1)
[36m(CaseRunnerActor pid=28851)[0m INFO:evaluate:Evaluating boundary (0, 1)
[36m(CaseRunnerActor pid=28851)[0m 2025-10-24 12:19:06 - INFO - [evaluate.py] - Evaluating boundary (1, 2)
[36m(CaseRunnerActor pid=28851)[0m INFO:evaluate:Evaluating boundary (1, 2)
[36m(CaseRunnerActor pid=28851)[0m INFO:P0:[run 0], measurements: 102/206, expense: 5.87e+04
[36m(CaseRunnerActor pid=28851)[0m INFO:P0:[run 0], Boundary distances : {(0, 1): 95.65485643591128, (1, 2): 28.217117323960828}
[36m(CaseRunnerActor pid=28851)[0m INFO:P0:[run 0 iter 96] Process RSS:   1.45 GB | 
[36m(CaseRunnerActor pid=28851)[0m 2025-10-24 12:19:41 - INFO - [evaluate.py] - Boundary (0, 1): 962 points
[36m(CaseRunnerActor pid=28851)[0m INFO:evaluate:Boundary (0, 1): 962 points
[36m(CaseRunnerActor pid=28851)[0m 2025-10-24 12:19:41 - INFO - [evaluate.py] - Boundary (1, 2): 615 points
[36m(CaseRunnerActor pid=28851)[0m INFO:evaluate:Boundary (1, 2): 615 points
[36m(CaseRunnerActor pid=28851)[0m 2025-10-24 12:19:41 - INFO - [evaluate.py] - Evaluating boundary (0, 1)
[36m(CaseRunnerActor pid=28851)[0m INFO:evaluate:Evaluating boundary (0, 1)
[36m(CaseRunnerActor pid=28851)[0m 2025-10-24 12:19:48 - INFO - [evaluate.py] - Evaluating boundary (1, 2)
[36m(CaseRunnerActor pid=28851)[0m INFO:evaluate:Evaluating boundary (1, 2)
[36m(CaseRunnerActor pid=28851)[0m INFO:P0:[run 0], measurements: 103/206, expense: 5.96e+04
[36m(CaseRunnerActor pid=28851)[0m INFO:P0:[run 0], Boundary distances : {(0, 1): 93.15752278850317, (1, 2): 26.863008187610546}
[36m(CaseRunnerActor pid=28851)[0m INFO:P0:[run 0 iter 97] Process RSS:   1.45 GB | 
[36m(CaseRunnerActor pid=28851)[0m 2025-10-24 12:20:20 - INFO - [evaluate.py] - Boundary (0, 1): 963 points
[36m(CaseRunnerActor pid=28851)[0m INFO:evaluate:Boundary (0, 1): 963 points
[36m(CaseRunnerActor pid=28851)[0m 2025-10-24 12:20:20 - INFO - [evaluate.py] - Boundary (1, 2): 658 points
[36m(CaseRunnerActor pid=28851)[0m INFO:evaluate:Boundary (1, 2): 658 points
[36m(CaseRunnerActor pid=28851)[0m 2025-10-24 12:20:20 - INFO - [evaluate.py] - Evaluating boundary (0, 1)
[36m(CaseRunnerActor pid=28851)[0m INFO:evaluate:Evaluating boundary (0, 1)
[36m(CaseRunnerActor pid=28851)[0m 2025-10-24 12:20:37 - INFO - [evaluate.py] - Evaluating boundary (1, 2)
[36m(CaseRunnerActor pid=28851)[0m INFO:evaluate:Evaluating boundary (1, 2)
[36m(CaseRunnerActor pid=28851)[0m INFO:P0:[run 0], measurements: 104/206, expense: 5.97e+04
[36m(CaseRunnerActor pid=28851)[0m INFO:P0:[run 0], Boundary distances : {(0, 1): 93.53735011346667, (1, 2): 23.96071985855138}
[36m(CaseRunnerActor pid=28851)[0m INFO:P0:[run 0 iter 98] Process RSS:   1.45 GB | 
[36m(CaseRunnerActor pid=28851)[0m 2025-10-24 12:21:13 - INFO - [evaluate.py] - Boundary (0, 1): 965 points
[36m(CaseRunnerActor pid=28851)[0m INFO:evaluate:Boundary (0, 1): 965 points
[36m(CaseRunnerActor pid=28851)[0m 2025-10-24 12:21:13 - INFO - [evaluate.py] - Boundary (1, 2): 682 points
[36m(CaseRunnerActor pid=28851)[0m INFO:evaluate:Boundary (1, 2): 682 points
[36m(CaseRunnerActor pid=28851)[0m 2025-10-24 12:21:13 - INFO - [evaluate.py] - Evaluating boundary (0, 1)
[36m(CaseRunnerActor pid=28851)[0m INFO:evaluate:Evaluating boundary (0, 1)
[36m(CaseRunnerActor pid=28851)[0m 2025-10-24 12:21:25 - INFO - [evaluate.py] - Evaluating boundary (1, 2)
[36m(CaseRunnerActor pid=28851)[0m INFO:evaluate:Evaluating boundary (1, 2)
[36m(CaseRunnerActor pid=28851)[0m INFO:P0:[run 0], measurements: 105/206, expense: 6.12e+04
[36m(CaseRunnerActor pid=28851)[0m INFO:P0:[run 0], Boundary distances : {(0, 1): 88.38109731932374, (1, 2): 28.403024571565}
[36m(CaseRunnerActor pid=28851)[0m INFO:P0:[run 0 iter 99] Process RSS:   1.45 GB | 
[36m(CaseRunnerActor pid=28851)[0m 2025-10-24 12:22:07 - INFO - [evaluate.py] - Boundary (0, 1): 947 points
[36m(CaseRunnerActor pid=28851)[0m INFO:evaluate:Boundary (0, 1): 947 points
[36m(CaseRunnerActor pid=28851)[0m 2025-10-24 12:22:07 - INFO - [evaluate.py] - Boundary (1, 2): 685 points
[36m(CaseRunnerActor pid=28851)[0m INFO:evaluate:Boundary (1, 2): 685 points
[36m(CaseRunnerActor pid=28851)[0m 2025-10-24 12:22:07 - INFO - [evaluate.py] - Evaluating boundary (0, 1)
[36m(CaseRunnerActor pid=28851)[0m INFO:evaluate:Evaluating boundary (0, 1)
[36m(CaseRunnerActor pid=28851)[0m 2025-10-24 12:22:14 - INFO - [evaluate.py] - Evaluating boundary (1, 2)
[36m(CaseRunnerActor pid=28851)[0m INFO:evaluate:Evaluating boundary (1, 2)
[36m(CaseRunnerActor pid=28851)[0m INFO:P0:[run 0], measurements: 106/206, expense: 6.20e+04
[36m(CaseRunnerActor pid=28851)[0m INFO:P0:[run 0], Boundary distances : {(0, 1): 83.33420478278148, (1, 2): 29.591040187828614}
[36m(CaseRunnerActor pid=28851)[0m INFO:P0:[run 0 iter 100] Process RSS:   1.45 GB | 
[36m(CaseRunnerActor pid=28851)[0m 2025-10-24 12:22:56 - INFO - [evaluate.py] - Boundary (0, 1): 952 points
[36m(CaseRunnerActor pid=28851)[0m INFO:evaluate:Boundary (0, 1): 952 points
[36m(CaseRunnerActor pid=28851)[0m 2025-10-24 12:22:56 - INFO - [evaluate.py] - Boundary (1, 2): 639 points
[36m(CaseRunnerActor pid=28851)[0m INFO:evaluate:Boundary (1, 2): 639 points
[36m(CaseRunnerActor pid=28851)[0m 2025-10-24 12:22:56 - INFO - [evaluate.py] - Evaluating boundary (0, 1)
[36m(CaseRunnerActor pid=28851)[0m INFO:evaluate:Evaluating boundary (0, 1)
[36m(CaseRunnerActor pid=28851)[0m 2025-10-24 12:23:19 - INFO - [evaluate.py] - Evaluating boundary (1, 2)
[36m(CaseRunnerActor pid=28851)[0m INFO:evaluate:Evaluating boundary (1, 2)
[36m(CaseRunnerActor pid=28851)[0m INFO:P0:[run 0], measurements: 107/206, expense: 6.27e+04
[36m(CaseRunnerActor pid=28851)[0m INFO:P0:[run 0], Boundary distances : {(0, 1): 84.8336533130822, (1, 2): 19.363312024860708}
[36m(CaseRunnerActor pid=28851)[0m INFO:P0:[run 0 iter 101] Process RSS:   1.45 GB | 
[36m(CaseRunnerActor pid=28851)[0m 2025-10-24 12:23:58 - INFO - [evaluate.py] - Boundary (0, 1): 943 points
[36m(CaseRunnerActor pid=28851)[0m INFO:evaluate:Boundary (0, 1): 943 points
[36m(CaseRunnerActor pid=28851)[0m 2025-10-24 12:23:58 - INFO - [evaluate.py] - Boundary (1, 2): 639 points
[36m(CaseRunnerActor pid=28851)[0m INFO:evaluate:Boundary (1, 2): 639 points
[36m(CaseRunnerActor pid=28851)[0m 2025-10-24 12:23:58 - INFO - [evaluate.py] - Evaluating boundary (0, 1)
[36m(CaseRunnerActor pid=28851)[0m INFO:evaluate:Evaluating boundary (0, 1)
[36m(CaseRunnerActor pid=28851)[0m 2025-10-24 12:24:09 - INFO - [evaluate.py] - Evaluating boundary (1, 2)
[36m(CaseRunnerActor pid=28851)[0m INFO:evaluate:Evaluating boundary (1, 2)
[36m(CaseRunnerActor pid=28851)[0m INFO:P0:[run 0], measurements: 108/206, expense: 6.28e+04
[36m(CaseRunnerActor pid=28851)[0m INFO:P0:[run 0], Boundary distances : {(0, 1): 89.32988574896216, (1, 2): 19.500382841025555}
[36m(CaseRunnerActor pid=28851)[0m INFO:P0:[run 0 iter 102] Process RSS:   1.45 GB | 
[36m(CaseRunnerActor pid=28851)[0m 2025-10-24 12:24:53 - INFO - [evaluate.py] - Boundary (0, 1): 952 points
[36m(CaseRunnerActor pid=28851)[0m INFO:evaluate:Boundary (0, 1): 952 points
[36m(CaseRunnerActor pid=28851)[0m 2025-10-24 12:24:53 - INFO - [evaluate.py] - Boundary (1, 2): 636 points
[36m(CaseRunnerActor pid=28851)[0m INFO:evaluate:Boundary (1, 2): 636 points
[36m(CaseRunnerActor pid=28851)[0m 2025-10-24 12:24:53 - INFO - [evaluate.py] - Evaluating boundary (0, 1)
[36m(CaseRunnerActor pid=28851)[0m INFO:evaluate:Evaluating boundary (0, 1)
[36m(CaseRunnerActor pid=28851)[0m 2025-10-24 12:25:14 - INFO - [evaluate.py] - Evaluating boundary (1, 2)
[36m(CaseRunnerActor pid=28851)[0m INFO:evaluate:Evaluating boundary (1, 2)
[36m(CaseRunnerActor pid=28851)[0m INFO:P0:[run 0], measurements: 109/206, expense: 6.32e+04
[36m(CaseRunnerActor pid=28851)[0m INFO:P0:[run 0], Boundary distances : {(0, 1): 85.76255726086447, (1, 2): 18.843825677249207}
[36m(CaseRunnerActor pid=28851)[0m INFO:P0:[run 0 iter 103] Process RSS:   1.45 GB | 
[36m(CaseRunnerActor pid=28851)[0m 2025-10-24 12:25:45 - INFO - [evaluate.py] - Boundary (0, 1): 971 points
[36m(CaseRunnerActor pid=28851)[0m INFO:evaluate:Boundary (0, 1): 971 points
[36m(CaseRunnerActor pid=28851)[0m 2025-10-24 12:25:45 - INFO - [evaluate.py] - Boundary (1, 2): 636 points
[36m(CaseRunnerActor pid=28851)[0m INFO:evaluate:Boundary (1, 2): 636 points
[36m(CaseRunnerActor pid=28851)[0m 2025-10-24 12:25:45 - INFO - [evaluate.py] - Evaluating boundary (0, 1)
[36m(CaseRunnerActor pid=28851)[0m INFO:evaluate:Evaluating boundary (0, 1)
[36m(CaseRunnerActor pid=28851)[0m 2025-10-24 12:25:54 - INFO - [evaluate.py] - Evaluating boundary (1, 2)
[36m(CaseRunnerActor pid=28851)[0m INFO:evaluate:Evaluating boundary (1, 2)
[36m(CaseRunnerActor pid=28851)[0m INFO:P0:[run 0], measurements: 110/206, expense: 6.34e+04
[36m(CaseRunnerActor pid=28851)[0m INFO:P0:[run 0], Boundary distances : {(0, 1): 93.48412325743531, (1, 2): 18.717281475845397}
[36m(CaseRunnerActor pid=28851)[0m INFO:P0:[run 0 iter 104] Process RSS:   1.46 GB | 
[36m(CaseRunnerActor pid=28851)[0m 2025-10-24 12:26:25 - INFO - [evaluate.py] - Boundary (0, 1): 968 points
[36m(CaseRunnerActor pid=28851)[0m INFO:evaluate:Boundary (0, 1): 968 points
[36m(CaseRunnerActor pid=28851)[0m 2025-10-24 12:26:25 - INFO - [evaluate.py] - Boundary (1, 2): 636 points
[36m(CaseRunnerActor pid=28851)[0m INFO:evaluate:Boundary (1, 2): 636 points
[36m(CaseRunnerActor pid=28851)[0m 2025-10-24 12:26:25 - INFO - [evaluate.py] - Evaluating boundary (0, 1)
[36m(CaseRunnerActor pid=28851)[0m INFO:evaluate:Evaluating boundary (0, 1)
[36m(CaseRunnerActor pid=28851)[0m 2025-10-24 12:26:40 - INFO - [evaluate.py] - Evaluating boundary (1, 2)
[36m(CaseRunnerActor pid=28851)[0m INFO:evaluate:Evaluating boundary (1, 2)
[36m(CaseRunnerActor pid=28851)[0m INFO:P0:[run 0], measurements: 111/206, expense: 6.41e+04
[36m(CaseRunnerActor pid=28851)[0m INFO:P0:[run 0], Boundary distances : {(0, 1): 94.26828366248, (1, 2): 18.717281475845397}
[36m(CaseRunnerActor pid=28851)[0m INFO:P0:[run 0 iter 105] Process RSS:   1.45 GB | 
[36m(CaseRunnerActor pid=28851)[0m 2025-10-24 12:27:16 - INFO - [evaluate.py] - Boundary (0, 1): 974 points
[36m(CaseRunnerActor pid=28851)[0m INFO:evaluate:Boundary (0, 1): 974 points
[36m(CaseRunnerActor pid=28851)[0m 2025-10-24 12:27:16 - INFO - [evaluate.py] - Boundary (1, 2): 614 points
[36m(CaseRunnerActor pid=28851)[0m INFO:evaluate:Boundary (1, 2): 614 points
[36m(CaseRunnerActor pid=28851)[0m 2025-10-24 12:27:16 - INFO - [evaluate.py] - Evaluating boundary (0, 1)
[36m(CaseRunnerActor pid=28851)[0m INFO:evaluate:Evaluating boundary (0, 1)
[36m(CaseRunnerActor pid=28851)[0m 2025-10-24 12:27:25 - INFO - [evaluate.py] - Evaluating boundary (1, 2)
[36m(CaseRunnerActor pid=28851)[0m INFO:evaluate:Evaluating boundary (1, 2)
[36m(CaseRunnerActor pid=28851)[0m INFO:P0:[run 0], measurements: 112/206, expense: 6.46e+04
[36m(CaseRunnerActor pid=28851)[0m INFO:P0:[run 0], Boundary distances : {(0, 1): 93.25862742455499, (1, 2): 23.073971895287908}
[36m(CaseRunnerActor pid=28851)[0m INFO:P0:[run 0 iter 106] Process RSS:   1.45 GB | 
[36m(CaseRunnerActor pid=28851)[0m 2025-10-24 12:28:02 - INFO - [evaluate.py] - Boundary (0, 1): 980 points
[36m(CaseRunnerActor pid=28851)[0m INFO:evaluate:Boundary (0, 1): 980 points
[36m(CaseRunnerActor pid=28851)[0m 2025-10-24 12:28:02 - INFO - [evaluate.py] - Boundary (1, 2): 614 points
[36m(CaseRunnerActor pid=28851)[0m INFO:evaluate:Boundary (1, 2): 614 points
[36m(CaseRunnerActor pid=28851)[0m 2025-10-24 12:28:02 - INFO - [evaluate.py] - Evaluating boundary (0, 1)
[36m(CaseRunnerActor pid=28851)[0m INFO:evaluate:Evaluating boundary (0, 1)
[36m(CaseRunnerActor pid=28851)[0m 2025-10-24 12:28:18 - INFO - [evaluate.py] - Evaluating boundary (1, 2)
[36m(CaseRunnerActor pid=28851)[0m INFO:evaluate:Evaluating boundary (1, 2)
[36m(CaseRunnerActor pid=28851)[0m INFO:P0:[run 0], measurements: 113/206, expense: 6.48e+04
[36m(CaseRunnerActor pid=28851)[0m INFO:P0:[run 0], Boundary distances : {(0, 1): 127.64238103216348, (1, 2): 23.073971895287908}
[36m(CaseRunnerActor pid=28851)[0m INFO:P0:[run 0 iter 107] Process RSS:   1.45 GB | 
[36m(CaseRunnerActor pid=28851)[0m 2025-10-24 12:29:00 - INFO - [evaluate.py] - Boundary (0, 1): 966 points
[36m(CaseRunnerActor pid=28851)[0m INFO:evaluate:Boundary (0, 1): 966 points
[36m(CaseRunnerActor pid=28851)[0m 2025-10-24 12:29:00 - INFO - [evaluate.py] - Boundary (1, 2): 606 points
[36m(CaseRunnerActor pid=28851)[0m INFO:evaluate:Boundary (1, 2): 606 points
[36m(CaseRunnerActor pid=28851)[0m 2025-10-24 12:29:00 - INFO - [evaluate.py] - Evaluating boundary (0, 1)
[36m(CaseRunnerActor pid=28851)[0m INFO:evaluate:Evaluating boundary (0, 1)
[36m(CaseRunnerActor pid=28851)[0m 2025-10-24 12:29:21 - INFO - [evaluate.py] - Evaluating boundary (1, 2)
[36m(CaseRunnerActor pid=28851)[0m INFO:evaluate:Evaluating boundary (1, 2)
[36m(CaseRunnerActor pid=28851)[0m INFO:P0:[run 0], measurements: 114/206, expense: 6.59e+04
[36m(CaseRunnerActor pid=28851)[0m INFO:P0:[run 0], Boundary distances : {(0, 1): 99.21588395911175, (1, 2): 25.82772093660867}
[36m(CaseRunnerActor pid=28851)[0m INFO:P0:[run 0 iter 108] Process RSS:   1.46 GB | 
[36m(CaseRunnerActor pid=28851)[0m 2025-10-24 12:29:58 - INFO - [evaluate.py] - Boundary (0, 1): 962 points
[36m(CaseRunnerActor pid=28851)[0m INFO:evaluate:Boundary (0, 1): 962 points
[36m(CaseRunnerActor pid=28851)[0m 2025-10-24 12:29:58 - INFO - [evaluate.py] - Boundary (1, 2): 638 points
[36m(CaseRunnerActor pid=28851)[0m INFO:evaluate:Boundary (1, 2): 638 points
[36m(CaseRunnerActor pid=28851)[0m 2025-10-24 12:29:58 - INFO - [evaluate.py] - Evaluating boundary (0, 1)
[36m(CaseRunnerActor pid=28851)[0m INFO:evaluate:Evaluating boundary (0, 1)
[36m(CaseRunnerActor pid=28851)[0m 2025-10-24 12:30:10 - INFO - [evaluate.py] - Evaluating boundary (1, 2)
[36m(CaseRunnerActor pid=28851)[0m INFO:evaluate:Evaluating boundary (1, 2)
[36m(CaseRunnerActor pid=28851)[0m INFO:P0:[run 0], measurements: 115/206, expense: 6.65e+04
[36m(CaseRunnerActor pid=28851)[0m INFO:P0:[run 0], Boundary distances : {(0, 1): 104.82429200655282, (1, 2): 21.193128374347022}
[36m(CaseRunnerActor pid=28851)[0m INFO:P0:[run 0 iter 109] Process RSS:   1.46 GB | 
[36m(CaseRunnerActor pid=28851)[0m 2025-10-24 12:30:49 - INFO - [evaluate.py] - Boundary (0, 1): 970 points
[36m(CaseRunnerActor pid=28851)[0m INFO:evaluate:Boundary (0, 1): 970 points
[36m(CaseRunnerActor pid=28851)[0m 2025-10-24 12:30:49 - INFO - [evaluate.py] - Boundary (1, 2): 635 points
[36m(CaseRunnerActor pid=28851)[0m INFO:evaluate:Boundary (1, 2): 635 points
[36m(CaseRunnerActor pid=28851)[0m 2025-10-24 12:30:49 - INFO - [evaluate.py] - Evaluating boundary (0, 1)
[36m(CaseRunnerActor pid=28851)[0m INFO:evaluate:Evaluating boundary (0, 1)
[36m(CaseRunnerActor pid=28851)[0m 2025-10-24 12:31:14 - INFO - [evaluate.py] - Evaluating boundary (1, 2)
[36m(CaseRunnerActor pid=28851)[0m INFO:evaluate:Evaluating boundary (1, 2)
[36m(CaseRunnerActor pid=28851)[0m INFO:P0:[run 0], measurements: 116/206, expense: 6.68e+04
[36m(CaseRunnerActor pid=28851)[0m INFO:P0:[run 0], Boundary distances : {(0, 1): 121.66609030173706, (1, 2): 21.50204413025847}
[36m(CaseRunnerActor pid=28851)[0m INFO:P0:[run 0 iter 110] Process RSS:   1.46 GB | 

[36m(CaseRunnerActor pid=28851)[0m [2025-10-24 11:57:23,769] [INFO] [run 0 iter 70] Process RSS:   1.43 GB | 
[36m(CaseRunnerActor pid=28851)[0m [2025-10-24 11:58:23,146] [INFO] [run 0], measurements: 77/206, expense: 4.40e+04
[36m(CaseRunnerActor pid=28851)[0m [2025-10-24 11:58:23,146] [INFO] [run 0], Boundary distances : {(0, 1): 163.27737205686037, (1, 2): 39.268867395565394}
[36m(CaseRunnerActor pid=28851)[0m [2025-10-24 11:58:23,202] [INFO] [run 0 iter 71] Process RSS:   1.44 GB | 
[36m(CaseRunnerActor pid=28852)[0m [2025-10-24 11:58:26,256] [INFO] [run 0], measurements: 206/206, expense: 8.97e+04
[36m(CaseRunnerActor pid=28852)[0m [2025-10-24 11:58:26,257] [INFO] [run 0], Boundary distances : {(0, 1): 160.82904425164088, (1, 2): 52.60140233022413}
[36m(CaseRunnerActor pid=28852)[0m [2025-10-24 11:58:26,291] [INFO] [run 0 iter 40] Process RSS:   1.44 GB | 
[36m(CaseRunnerActor pid=28852)[0m [2025-10-24 11:58:26,435] [INFO] Finished run 0 for case P5
[36m(CaseRunnerActor pid=28856)[0m [2025-10-24 11:58:39,389] [INFO] [run 0], measurements: 211/206, expense: 6.85e+04
[36m(CaseRunnerActor pid=28856)[0m [2025-10-24 11:58:39,391] [INFO] [run 0], Boundary distances : {(0, 1): 431.3854733140869, (1, 2): 24.606189281046937}
[36m(CaseRunnerActor pid=28856)[0m [2025-10-24 11:58:39,422] [INFO] [run 0 iter 42] Process RSS:   1.44 GB | 
[36m(CaseRunnerActor pid=28856)[0m [2025-10-24 11:58:39,422] [INFO] Finished run 0 for case P3
[36m(CaseRunnerActor pid=28851)[0m [2025-10-24 11:59:15,089] [INFO] [run 0], measurements: 78/206, expense: 4.50e+04
[36m(CaseRunnerActor pid=28851)[0m [2025-10-24 11:59:15,089] [INFO] [run 0], Boundary distances : {(0, 1): 197.11160974963752, (1, 2): 39.370630178526014}
[36m(CaseRunnerActor pid=28851)[0m [2025-10-24 11:59:15,122] [INFO] [run 0 iter 72] Process RSS:   1.44 GB | 
[36m(CaseRunnerActor pid=28851)[0m [2025-10-24 12:00:07,586] [INFO] [run 0], measurements: 79/206, expense: 4.60e+04
[36m(CaseRunnerActor pid=28851)[0m [2025-10-24 12:00:07,586] [INFO] [run 0], Boundary distances : {(0, 1): 156.74036040946254, (1, 2): 34.58750413782847}
[36m(CaseRunnerActor pid=28851)[0m [2025-10-24 12:00:07,613] [INFO] [run 0 iter 73] Process RSS:   1.45 GB | 
[36m(CaseRunnerActor pid=28851)[0m [2025-10-24 12:00:52,606] [INFO] [run 0], measurements: 80/206, expense: 4.62e+04
[36m(CaseRunnerActor pid=28851)[0m [2025-10-24 12:00:52,606] [INFO] [run 0], Boundary distances : {(0, 1): 156.80958183591264, (1, 2): 46.216396122437615}
[36m(CaseRunnerActor pid=28851)[0m [2025-10-24 12:00:52,639] [INFO] [run 0 iter 74] Process RSS:   1.45 GB | 
[36m(CaseRunnerActor pid=28851)[0m [2025-10-24 12:01:33,387] [INFO] [run 0], measurements: 81/206, expense: 4.72e+04
[36m(CaseRunnerActor pid=28851)[0m [2025-10-24 12:01:33,387] [INFO] [run 0], Boundary distances : {(0, 1): 154.00177255054328, (1, 2): 48.53703125745048}
[36m(CaseRunnerActor pid=28851)[0m [2025-10-24 12:01:33,418] [INFO] [run 0 iter 75] Process RSS:   1.45 GB | 
[36m(CaseRunnerActor pid=28851)[0m [2025-10-24 12:02:27,536] [INFO] [run 0], measurements: 82/206, expense: 4.75e+04
[36m(CaseRunnerActor pid=28851)[0m [2025-10-24 12:02:27,536] [INFO] [run 0], Boundary distances : {(0, 1): 158.22783223492002, (1, 2): 43.445780007058374}
[36m(CaseRunnerActor pid=28851)[0m [2025-10-24 12:02:27,566] [INFO] [run 0 iter 76] Process RSS:   1.45 GB | 
[36m(CaseRunnerActor pid=28851)[0m [2025-10-24 12:03:18,514] [INFO] [run 0], measurements: 83/206, expense: 4.77e+04
[36m(CaseRunnerActor pid=28851)[0m [2025-10-24 12:03:18,514] [INFO] [run 0], Boundary distances : {(0, 1): 150.27991042922096, (1, 2): 36.23193833217806}
[36m(CaseRunnerActor pid=28851)[0m [2025-10-24 12:03:18,562] [INFO] [run 0 iter 77] Process RSS:   1.45 GB | 
[36m(CaseRunnerActor pid=28851)[0m [2025-10-24 12:04:01,573] [INFO] [run 0], measurements: 84/206, expense: 4.83e+04
[36m(CaseRunnerActor pid=28851)[0m [2025-10-24 12:04:01,573] [INFO] [run 0], Boundary distances : {(0, 1): 143.9695906911547, (1, 2): 37.501487542236944}
[36m(CaseRunnerActor pid=28851)[0m [2025-10-24 12:04:01,609] [INFO] [run 0 iter 78] Process RSS:   1.45 GB | 
[36m(CaseRunnerActor pid=28851)[0m [2025-10-24 12:04:38,619] [INFO] [run 0], measurements: 85/206, expense: 4.88e+04
[36m(CaseRunnerActor pid=28851)[0m [2025-10-24 12:04:38,619] [INFO] [run 0], Boundary distances : {(0, 1): 213.3457475125116, (1, 2): 37.07178210421382}
[36m(CaseRunnerActor pid=28851)[0m [2025-10-24 12:04:38,656] [INFO] [run 0 iter 79] Process RSS:   1.45 GB | 
[36m(CaseRunnerActor pid=28851)[0m [2025-10-24 12:05:26,598] [INFO] [run 0], measurements: 86/206, expense: 5.01e+04
[36m(CaseRunnerActor pid=28851)[0m [2025-10-24 12:05:26,598] [INFO] [run 0], Boundary distances : {(0, 1): 190.4343063774607, (1, 2): 36.168337476542106}
[36m(CaseRunnerActor pid=28851)[0m [2025-10-24 12:05:26,637] [INFO] [run 0 iter 80] Process RSS:   1.45 GB | 
[36m(CaseRunnerActor pid=28851)[0m [2025-10-24 12:06:14,687] [INFO] [run 0], measurements: 87/206, expense: 5.05e+04
[36m(CaseRunnerActor pid=28851)[0m [2025-10-24 12:06:14,687] [INFO] [run 0], Boundary distances : {(0, 1): 176.03041752566298, (1, 2): 36.42791837097047}
[36m(CaseRunnerActor pid=28851)[0m [2025-10-24 12:06:14,725] [INFO] [run 0 iter 81] Process RSS:   1.45 GB | 
[36m(CaseRunnerActor pid=28851)[0m [2025-10-24 12:07:22,119] [INFO] [run 0], measurements: 88/206, expense: 5.06e+04
[36m(CaseRunnerActor pid=28851)[0m [2025-10-24 12:07:22,119] [INFO] [run 0], Boundary distances : {(0, 1): 221.60814674190937, (1, 2): 36.52560866467257}
[36m(CaseRunnerActor pid=28851)[0m [2025-10-24 12:07:22,150] [INFO] [run 0 iter 82] Process RSS:   1.45 GB | 
[36m(CaseRunnerActor pid=28851)[0m [2025-10-24 12:08:12,123] [INFO] [run 0], measurements: 89/206, expense: 5.11e+04
[36m(CaseRunnerActor pid=28851)[0m [2025-10-24 12:08:12,123] [INFO] [run 0], Boundary distances : {(0, 1): 238.08062605320623, (1, 2): 36.52560866467257}
[36m(CaseRunnerActor pid=28851)[0m [2025-10-24 12:08:12,149] [INFO] [run 0 iter 83] Process RSS:   1.45 GB | 
[36m(CaseRunnerActor pid=28851)[0m [2025-10-24 12:09:08,593] [INFO] [run 0], measurements: 90/206, expense: 5.14e+04
[36m(CaseRunnerActor pid=28851)[0m [2025-10-24 12:09:08,593] [INFO] [run 0], Boundary distances : {(0, 1): 199.50252316351373, (1, 2): 30.21520356839992}
[36m(CaseRunnerActor pid=28851)[0m [2025-10-24 12:09:08,625] [INFO] [run 0 iter 84] Process RSS:   1.45 GB | 
[36m(CaseRunnerActor pid=28851)[0m [2025-10-24 12:10:10,784] [INFO] [run 0], measurements: 91/206, expense: 5.19e+04
[36m(CaseRunnerActor pid=28851)[0m [2025-10-24 12:10:10,784] [INFO] [run 0], Boundary distances : {(0, 1): 183.25506069732214, (1, 2): 29.60484194828979}
[36m(CaseRunnerActor pid=28851)[0m [2025-10-24 12:10:10,810] [INFO] [run 0 iter 85] Process RSS:   1.45 GB | 
[36m(CaseRunnerActor pid=28851)[0m [2025-10-24 12:11:01,234] [INFO] [run 0], measurements: 92/206, expense: 5.21e+04
[36m(CaseRunnerActor pid=28851)[0m [2025-10-24 12:11:01,234] [INFO] [run 0], Boundary distances : {(0, 1): 134.81282392878387, (1, 2): 29.878996425398505}
[36m(CaseRunnerActor pid=28851)[0m [2025-10-24 12:11:01,269] [INFO] [run 0 iter 86] Process RSS:   1.45 GB | 
[36m(CaseRunnerActor pid=28851)[0m [2025-10-24 12:11:55,519] [INFO] [run 0], measurements: 93/206, expense: 5.23e+04
[36m(CaseRunnerActor pid=28851)[0m [2025-10-24 12:11:55,519] [INFO] [run 0], Boundary distances : {(0, 1): 103.16991669673243, (1, 2): 29.878996425398505}
[36m(CaseRunnerActor pid=28851)[0m [2025-10-24 12:11:55,552] [INFO] [run 0 iter 87] Process RSS:   1.45 GB | 
[36m(CaseRunnerActor pid=28851)[0m [2025-10-24 12:12:40,074] [INFO] [run 0], measurements: 94/206, expense: 5.25e+04
[36m(CaseRunnerActor pid=28851)[0m [2025-10-24 12:12:40,074] [INFO] [run 0], Boundary distances : {(0, 1): 106.99584522610562, (1, 2): 27.19187517614158}
[36m(CaseRunnerActor pid=28851)[0m [2025-10-24 12:12:40,112] [INFO] [run 0 iter 88] Process RSS:   1.45 GB | 
[36m(CaseRunnerActor pid=28851)[0m [2025-10-24 12:13:52,996] [INFO] [run 0], measurements: 95/206, expense: 5.27e+04
[36m(CaseRunnerActor pid=28851)[0m [2025-10-24 12:13:52,996] [INFO] [run 0], Boundary distances : {(0, 1): 112.83210310102015, (1, 2): 26.7456941918358}[36m(CaseRunnerActor pid=28851)[0m 2025-10-24 12:31:56 - INFO - [evaluate.py] - Boundary (0, 1): 973 points
[36m(CaseRunnerActor pid=28851)[0m INFO:evaluate:Boundary (0, 1): 973 points
[36m(CaseRunnerActor pid=28851)[0m 2025-10-24 12:31:56 - INFO - [evaluate.py] - Boundary (1, 2): 629 points
[36m(CaseRunnerActor pid=28851)[0m INFO:evaluate:Boundary (1, 2): 629 points
[36m(CaseRunnerActor pid=28851)[0m 2025-10-24 12:31:56 - INFO - [evaluate.py] - Evaluating boundary (0, 1)
[36m(CaseRunnerActor pid=28851)[0m INFO:evaluate:Evaluating boundary (0, 1)
[36m(CaseRunnerActor pid=28851)[0m 2025-10-24 12:32:20 - INFO - [evaluate.py] - Evaluating boundary (1, 2)
[36m(CaseRunnerActor pid=28851)[0m INFO:evaluate:Evaluating boundary (1, 2)
[36m(CaseRunnerActor pid=28851)[0m INFO:P0:[run 0], measurements: 117/206, expense: 6.74e+04
[36m(CaseRunnerActor pid=28851)[0m INFO:P0:[run 0], Boundary distances : {(0, 1): 88.91355251628715, (1, 2): 23.27665112903538}
[36m(CaseRunnerActor pid=28851)[0m INFO:P0:[run 0 iter 111] Process RSS:   1.46 GB | 
[36m(CaseRunnerActor pid=28851)[0m 2025-10-24 12:32:57 - INFO - [evaluate.py] - Boundary (0, 1): 973 points
[36m(CaseRunnerActor pid=28851)[0m INFO:evaluate:Boundary (0, 1): 973 points
[36m(CaseRunnerActor pid=28851)[0m 2025-10-24 12:32:57 - INFO - [evaluate.py] - Boundary (1, 2): 671 points
[36m(CaseRunnerActor pid=28851)[0m INFO:evaluate:Boundary (1, 2): 671 points
[36m(CaseRunnerActor pid=28851)[0m 2025-10-24 12:32:57 - INFO - [evaluate.py] - Evaluating boundary (0, 1)
[36m(CaseRunnerActor pid=28851)[0m INFO:evaluate:Evaluating boundary (0, 1)
[36m(CaseRunnerActor pid=28851)[0m 2025-10-24 12:33:20 - INFO - [evaluate.py] - Evaluating boundary (1, 2)
[36m(CaseRunnerActor pid=28851)[0m INFO:evaluate:Evaluating boundary (1, 2)
[36m(CaseRunnerActor pid=28851)[0m INFO:P0:[run 0], measurements: 118/206, expense: 6.76e+04
[36m(CaseRunnerActor pid=28851)[0m INFO:P0:[run 0], Boundary distances : {(0, 1): 87.8974104304911, (1, 2): 20.063883830003178}
[36m(CaseRunnerActor pid=28851)[0m INFO:P0:[run 0 iter 112] Process RSS:   1.46 GB | 
[36m(CaseRunnerActor pid=28851)[0m 2025-10-24 12:34:07 - INFO - [evaluate.py] - Boundary (0, 1): 972 points
[36m(CaseRunnerActor pid=28851)[0m INFO:evaluate:Boundary (0, 1): 972 points
[36m(CaseRunnerActor pid=28851)[0m 2025-10-24 12:34:07 - INFO - [evaluate.py] - Boundary (1, 2): 699 points
[36m(CaseRunnerActor pid=28851)[0m INFO:evaluate:Boundary (1, 2): 699 points
[36m(CaseRunnerActor pid=28851)[0m 2025-10-24 12:34:07 - INFO - [evaluate.py] - Evaluating boundary (0, 1)
[36m(CaseRunnerActor pid=28851)[0m INFO:evaluate:Evaluating boundary (0, 1)
[36m(CaseRunnerActor pid=28851)[0m 2025-10-24 12:34:25 - INFO - [evaluate.py] - Evaluating boundary (1, 2)
[36m(CaseRunnerActor pid=28851)[0m INFO:evaluate:Evaluating boundary (1, 2)
[36m(CaseRunnerActor pid=28851)[0m INFO:P0:[run 0], measurements: 119/206, expense: 6.85e+04
[36m(CaseRunnerActor pid=28851)[0m INFO:P0:[run 0], Boundary distances : {(0, 1): 93.45510933183763, (1, 2): 22.484128604139364}
[36m(CaseRunnerActor pid=28851)[0m INFO:P0:[run 0 iter 113] Process RSS:   1.46 GB | 
[36m(CaseRunnerActor pid=28851)[0m 2025-10-24 12:35:24 - INFO - [evaluate.py] - Boundary (0, 1): 955 points
[36m(CaseRunnerActor pid=28851)[0m INFO:evaluate:Boundary (0, 1): 955 points
[36m(CaseRunnerActor pid=28851)[0m 2025-10-24 12:35:24 - INFO - [evaluate.py] - Boundary (1, 2): 698 points
[36m(CaseRunnerActor pid=28851)[0m INFO:evaluate:Boundary (1, 2): 698 points
[36m(CaseRunnerActor pid=28851)[0m 2025-10-24 12:35:24 - INFO - [evaluate.py] - Evaluating boundary (0, 1)
[36m(CaseRunnerActor pid=28851)[0m INFO:evaluate:Evaluating boundary (0, 1)
[36m(CaseRunnerActor pid=28851)[0m 2025-10-24 12:35:40 - INFO - [evaluate.py] - Evaluating boundary (1, 2)
[36m(CaseRunnerActor pid=28851)[0m INFO:evaluate:Evaluating boundary (1, 2)
[36m(CaseRunnerActor pid=28851)[0m INFO:P0:[run 0], measurements: 120/206, expense: 6.89e+04
[36m(CaseRunnerActor pid=28851)[0m INFO:P0:[run 0], Boundary distances : {(0, 1): 91.12656324685396, (1, 2): 22.23619541946984}
[36m(CaseRunnerActor pid=28851)[0m INFO:P0:[run 0 iter 114] Process RSS:   1.46 GB | 
[36m(CaseRunnerActor pid=28851)[0m 2025-10-24 12:36:19 - INFO - [evaluate.py] - Boundary (0, 1): 952 points
[36m(CaseRunnerActor pid=28851)[0m INFO:evaluate:Boundary (0, 1): 952 points
[36m(CaseRunnerActor pid=28851)[0m 2025-10-24 12:36:19 - INFO - [evaluate.py] - Boundary (1, 2): 689 points
[36m(CaseRunnerActor pid=28851)[0m INFO:evaluate:Boundary (1, 2): 689 points
[36m(CaseRunnerActor pid=28851)[0m 2025-10-24 12:36:19 - INFO - [evaluate.py] - Evaluating boundary (0, 1)
[36m(CaseRunnerActor pid=28851)[0m INFO:evaluate:Evaluating boundary (0, 1)
[36m(CaseRunnerActor pid=28851)[0m 2025-10-24 12:36:41 - INFO - [evaluate.py] - Evaluating boundary (1, 2)
[36m(CaseRunnerActor pid=28851)[0m INFO:evaluate:Evaluating boundary (1, 2)
[36m(CaseRunnerActor pid=28851)[0m INFO:P0:[run 0], measurements: 121/206, expense: 6.91e+04
[36m(CaseRunnerActor pid=28851)[0m INFO:P0:[run 0], Boundary distances : {(0, 1): 109.08564901176499, (1, 2): 23.265280483968734}
[36m(CaseRunnerActor pid=28851)[0m INFO:P0:[run 0 iter 115] Process RSS:   1.46 GB | 
[36m(CaseRunnerActor pid=28851)[0m 2025-10-24 12:37:34 - INFO - [evaluate.py] - Boundary (0, 1): 940 points
[36m(CaseRunnerActor pid=28851)[0m INFO:evaluate:Boundary (0, 1): 940 points
[36m(CaseRunnerActor pid=28851)[0m 2025-10-24 12:37:34 - INFO - [evaluate.py] - Boundary (1, 2): 689 points
[36m(CaseRunnerActor pid=28851)[0m INFO:evaluate:Boundary (1, 2): 689 points
[36m(CaseRunnerActor pid=28851)[0m 2025-10-24 12:37:34 - INFO - [evaluate.py] - Evaluating boundary (0, 1)
[36m(CaseRunnerActor pid=28851)[0m INFO:evaluate:Evaluating boundary (0, 1)
[36m(CaseRunnerActor pid=28851)[0m 2025-10-24 12:37:43 - INFO - [evaluate.py] - Evaluating boundary (1, 2)
[36m(CaseRunnerActor pid=28851)[0m INFO:evaluate:Evaluating boundary (1, 2)
[36m(CaseRunnerActor pid=28851)[0m INFO:P0:[run 0], measurements: 122/206, expense: 6.92e+04
[36m(CaseRunnerActor pid=28851)[0m INFO:P0:[run 0], Boundary distances : {(0, 1): 137.47863084773235, (1, 2): 23.265280483968734}
[36m(CaseRunnerActor pid=28851)[0m INFO:P0:[run 0 iter 116] Process RSS:   1.46 GB | 
[36m(CaseRunnerActor pid=28851)[0m 2025-10-24 12:38:29 - INFO - [evaluate.py] - Boundary (0, 1): 942 points
[36m(CaseRunnerActor pid=28851)[0m INFO:evaluate:Boundary (0, 1): 942 points
[36m(CaseRunnerActor pid=28851)[0m 2025-10-24 12:38:29 - INFO - [evaluate.py] - Boundary (1, 2): 687 points
[36m(CaseRunnerActor pid=28851)[0m INFO:evaluate:Boundary (1, 2): 687 points
[36m(CaseRunnerActor pid=28851)[0m 2025-10-24 12:38:29 - INFO - [evaluate.py] - Evaluating boundary (0, 1)
[36m(CaseRunnerActor pid=28851)[0m INFO:evaluate:Evaluating boundary (0, 1)
[36m(CaseRunnerActor pid=28851)[0m 2025-10-24 12:38:49 - INFO - [evaluate.py] - Evaluating boundary (1, 2)
[36m(CaseRunnerActor pid=28851)[0m INFO:evaluate:Evaluating boundary (1, 2)
[36m(CaseRunnerActor pid=28851)[0m INFO:P0:[run 0], measurements: 123/206, expense: 7.03e+04
[36m(CaseRunnerActor pid=28851)[0m INFO:P0:[run 0], Boundary distances : {(0, 1): 104.5250797244519, (1, 2): 23.69163010925586}
[36m(CaseRunnerActor pid=28851)[0m INFO:P0:[run 0 iter 117] Process RSS:   1.46 GB | 
[36m(CaseRunnerActor pid=28851)[0m 2025-10-24 12:39:37 - INFO - [evaluate.py] - Boundary (0, 1): 944 points
[36m(CaseRunnerActor pid=28851)[0m INFO:evaluate:Boundary (0, 1): 944 points
[36m(CaseRunnerActor pid=28851)[0m 2025-10-24 12:39:37 - INFO - [evaluate.py] - Boundary (1, 2): 654 points
[36m(CaseRunnerActor pid=28851)[0m INFO:evaluate:Boundary (1, 2): 654 points
[36m(CaseRunnerActor pid=28851)[0m 2025-10-24 12:39:37 - INFO - [evaluate.py] - Evaluating boundary (0, 1)
[36m(CaseRunnerActor pid=28851)[0m INFO:evaluate:Evaluating boundary (0, 1)
[36m(CaseRunnerActor pid=28851)[0m 2025-10-24 12:39:54 - INFO - [evaluate.py] - Evaluating boundary (1, 2)
[36m(CaseRunnerActor pid=28851)[0m INFO:evaluate:Evaluating boundary (1, 2)
[36m(CaseRunnerActor pid=28851)[0m INFO:P0:[run 0], measurements: 124/206, expense: 7.18e+04
[36m(CaseRunnerActor pid=28851)[0m INFO:P0:[run 0], Boundary distances : {(0, 1): 93.85037343766604, (1, 2): 28.43137567506442}
[36m(CaseRunnerActor pid=28851)[0m INFO:P0:[run 0 iter 118] Process RSS:   1.46 GB | 
[36m(CaseRunnerActor pid=28851)[0m 2025-10-24 12:40:38 - INFO - [evaluate.py] - Boundary (0, 1): 930 points
[36m(CaseRunnerActor pid=28851)[0m INFO:evaluate:Boundary (0, 1): 930 points
[36m(CaseRunnerActor pid=28851)[0m 2025-10-24 12:40:38 - INFO - [evaluate.py] - Boundary (1, 2): 654 points
[36m(CaseRunnerActor pid=28851)[0m INFO:evaluate:Boundary (1, 2): 654 points
[36m(CaseRunnerActor pid=28851)[0m 2025-10-24 12:40:38 - INFO - [evaluate.py] - Evaluating boundary (0, 1)
[36m(CaseRunnerActor pid=28851)[0m INFO:evaluate:Evaluating boundary (0, 1)
[36m(CaseRunnerActor pid=28851)[0m 2025-10-24 12:40:57 - INFO - [evaluate.py] - Evaluating boundary (1, 2)
[36m(CaseRunnerActor pid=28851)[0m INFO:evaluate:Evaluating boundary (1, 2)
[36m(CaseRunnerActor pid=28851)[0m INFO:P0:[run 0], measurements: 125/206, expense: 7.18e+04
[36m(CaseRunnerActor pid=28851)[0m INFO:P0:[run 0], Boundary distances : {(0, 1): 86.934075520795, (1, 2): 28.43137567506442}
[36m(CaseRunnerActor pid=28851)[0m INFO:P0:[run 0 iter 119] Process RSS:   1.46 GB | 
[36m(CaseRunnerActor pid=28851)[0m 2025-10-24 12:41:47 - INFO - [evaluate.py] - Boundary (0, 1): 940 points
[36m(CaseRunnerActor pid=28851)[0m INFO:evaluate:Boundary (0, 1): 940 points
[36m(CaseRunnerActor pid=28851)[0m 2025-10-24 12:41:47 - INFO - [evaluate.py] - Boundary (1, 2): 654 points
[36m(CaseRunnerActor pid=28851)[0m INFO:evaluate:Boundary (1, 2): 654 points
[36m(CaseRunnerActor pid=28851)[0m 2025-10-24 12:41:47 - INFO - [evaluate.py] - Evaluating boundary (0, 1)
[36m(CaseRunnerActor pid=28851)[0m INFO:evaluate:Evaluating boundary (0, 1)
[36m(CaseRunnerActor pid=28851)[0m 2025-10-24 12:42:00 - INFO - [evaluate.py] - Evaluating boundary (1, 2)
[36m(CaseRunnerActor pid=28851)[0m INFO:evaluate:Evaluating boundary (1, 2)
[36m(CaseRunnerActor pid=28851)[0m INFO:P0:[run 0], measurements: 126/206, expense: 7.25e+04
[36m(CaseRunnerActor pid=28851)[0m INFO:P0:[run 0], Boundary distances : {(0, 1): 88.91178445589406, (1, 2): 27.942977182622954}
[36m(CaseRunnerActor pid=28851)[0m INFO:P0:[run 0 iter 120] Process RSS:   1.46 GB | 
[36m(CaseRunnerActor pid=28851)[0m 2025-10-24 12:42:46 - INFO - [evaluate.py] - Boundary (0, 1): 937 points
[36m(CaseRunnerActor pid=28851)[0m INFO:evaluate:Boundary (0, 1): 937 points
[36m(CaseRunnerActor pid=28851)[0m 2025-10-24 12:42:46 - INFO - [evaluate.py] - Boundary (1, 2): 635 points
[36m(CaseRunnerActor pid=28851)[0m INFO:evaluate:Boundary (1, 2): 635 points
[36m(CaseRunnerActor pid=28851)[0m 2025-10-24 12:42:46 - INFO - [evaluate.py] - Evaluating boundary (0, 1)
[36m(CaseRunnerActor pid=28851)[0m INFO:evaluate:Evaluating boundary (0, 1)
[36m(CaseRunnerActor pid=28851)[0m 2025-10-24 12:42:54 - INFO - [evaluate.py] - Evaluating boundary (1, 2)
[36m(CaseRunnerActor pid=28851)[0m INFO:evaluate:Evaluating boundary (1, 2)
[36m(CaseRunnerActor pid=28851)[0m INFO:P0:[run 0], measurements: 127/206, expense: 7.33e+04
[36m(CaseRunnerActor pid=28851)[0m INFO:P0:[run 0], Boundary distances : {(0, 1): 91.54101506908648, (1, 2): 19.211321117266678}
[36m(CaseRunnerActor pid=28851)[0m INFO:P0:[run 0 iter 121] Process RSS:   1.46 GB | 
[36m(CaseRunnerActor pid=28851)[0m 2025-10-24 12:43:44 - INFO - [evaluate.py] - Boundary (0, 1): 940 points
[36m(CaseRunnerActor pid=28851)[0m INFO:evaluate:Boundary (0, 1): 940 points
[36m(CaseRunnerActor pid=28851)[0m 2025-10-24 12:43:44 - INFO - [evaluate.py] - Boundary (1, 2): 655 points
[36m(CaseRunnerActor pid=28851)[0m INFO:evaluate:Boundary (1, 2): 655 points
[36m(CaseRunnerActor pid=28851)[0m 2025-10-24 12:43:44 - INFO - [evaluate.py] - Evaluating boundary (0, 1)
[36m(CaseRunnerActor pid=28851)[0m INFO:evaluate:Evaluating boundary (0, 1)
[36m(CaseRunnerActor pid=28851)[0m 2025-10-24 12:44:09 - INFO - [evaluate.py] - Evaluating boundary (1, 2)
[36m(CaseRunnerActor pid=28851)[0m INFO:evaluate:Evaluating boundary (1, 2)
[36m(CaseRunnerActor pid=28851)[0m INFO:P0:[run 0], measurements: 128/206, expense: 7.43e+04
[36m(CaseRunnerActor pid=28851)[0m INFO:P0:[run 0], Boundary distances : {(0, 1): 89.91745181878136, (1, 2): 23.916314426238948}
[36m(CaseRunnerActor pid=28851)[0m INFO:P0:[run 0 iter 122] Process RSS:   1.46 GB | 
[36m(CaseRunnerActor pid=28851)[0m 2025-10-24 12:44:57 - INFO - [evaluate.py] - Boundary (0, 1): 937 points
[36m(CaseRunnerActor pid=28851)[0m INFO:evaluate:Boundary (0, 1): 937 points
[36m(CaseRunnerActor pid=28851)[0m 2025-10-24 12:44:57 - INFO - [evaluate.py] - Boundary (1, 2): 677 points
[36m(CaseRunnerActor pid=28851)[0m INFO:evaluate:Boundary (1, 2): 677 points
[36m(CaseRunnerActor pid=28851)[0m 2025-10-24 12:44:57 - INFO - [evaluate.py] - Evaluating boundary (0, 1)
[36m(CaseRunnerActor pid=28851)[0m INFO:evaluate:Evaluating boundary (0, 1)
[36m(CaseRunnerActor pid=28851)[0m 2025-10-24 12:45:05 - INFO - [evaluate.py] - Evaluating boundary (1, 2)
[36m(CaseRunnerActor pid=28851)[0m INFO:evaluate:Evaluating boundary (1, 2)
[36m(CaseRunnerActor pid=28851)[0m INFO:P0:[run 0], measurements: 129/206, expense: 7.50e+04
[36m(CaseRunnerActor pid=28851)[0m INFO:P0:[run 0], Boundary distances : {(0, 1): 89.22268948437285, (1, 2): 21.78064750455494}
[36m(CaseRunnerActor pid=28851)[0m INFO:P0:[run 0 iter 123] Process RSS:   1.46 GB | 
[36m(CaseRunnerActor pid=28851)[0m 2025-10-24 12:45:50 - INFO - [evaluate.py] - Boundary (0, 1): 966 points
[36m(CaseRunnerActor pid=28851)[0m INFO:evaluate:Boundary (0, 1): 966 points
[36m(CaseRunnerActor pid=28851)[0m 2025-10-24 12:45:50 - INFO - [evaluate.py] - Boundary (1, 2): 677 points
[36m(CaseRunnerActor pid=28851)[0m INFO:evaluate:Boundary (1, 2): 677 points
[36m(CaseRunnerActor pid=28851)[0m 2025-10-24 12:45:50 - INFO - [evaluate.py] - Evaluating boundary (0, 1)
[36m(CaseRunnerActor pid=28851)[0m INFO:evaluate:Evaluating boundary (0, 1)
[36m(CaseRunnerActor pid=28851)[0m 2025-10-24 12:46:05 - INFO - [evaluate.py] - Evaluating boundary (1, 2)
[36m(CaseRunnerActor pid=28851)[0m INFO:evaluate:Evaluating boundary (1, 2)
[36m(CaseRunnerActor pid=28851)[0m INFO:P0:[run 0], measurements: 130/206, expense: 7.54e+04
[36m(CaseRunnerActor pid=28851)[0m INFO:P0:[run 0], Boundary distances : {(0, 1): 88.95637422448601, (1, 2): 21.78064750455494}
[36m(CaseRunnerActor pid=28851)[0m INFO:P0:[run 0 iter 124] Process RSS:   1.46 GB | 
[36m(CaseRunnerActor pid=28851)[0m 2025-10-24 12:46:48 - INFO - [evaluate.py] - Boundary (0, 1): 964 points
[36m(CaseRunnerActor pid=28851)[0m INFO:evaluate:Boundary (0, 1): 964 points
[36m(CaseRunnerActor pid=28851)[0m 2025-10-24 12:46:48 - INFO - [evaluate.py] - Boundary (1, 2): 696 points
[36m(CaseRunnerActor pid=28851)[0m INFO:evaluate:Boundary (1, 2): 696 points
[36m(CaseRunnerActor pid=28851)[0m 2025-10-24 12:46:48 - INFO - [evaluate.py] - Evaluating boundary (0, 1)
[36m(CaseRunnerActor pid=28851)[0m INFO:evaluate:Evaluating boundary (0, 1)
[36m(CaseRunnerActor pid=28851)[0m 2025-10-24 12:47:04 - INFO - [evaluate.py] - Evaluating boundary (1, 2)
[36m(CaseRunnerActor pid=28851)[0m INFO:evaluate:Evaluating boundary (1, 2)
[36m(CaseRunnerActor pid=28851)[0m INFO:P0:[run 0], measurements: 131/206, expense: 7.63e+04
[36m(CaseRunnerActor pid=28851)[0m INFO:P0:[run 0], Boundary distances : {(0, 1): 87.67261614330073, (1, 2): 27.698617921913637}
[36m(CaseRunnerActor pid=28851)[0m INFO:P0:[run 0 iter 125] Process RSS:   1.45 GB | 
[36m(CaseRunnerActor pid=28851)[0m 2025-10-24 12:47:59 - INFO - [evaluate.py] - Boundary (0, 1): 936 points
[36m(CaseRunnerActor pid=28851)[0m INFO:evaluate:Boundary (0, 1): 936 points
[36m(CaseRunnerActor pid=28851)[0m 2025-10-24 12:47:59 - INFO - [evaluate.py] - Boundary (1, 2): 680 points
[36m(CaseRunnerActor pid=28851)[0m INFO:evaluate:Boundary (1, 2): 680 points
[36m(CaseRunnerActor pid=28851)[0m 2025-10-24 12:47:59 - INFO - [evaluate.py] - Evaluating boundary (0, 1)
[36m(CaseRunnerActor pid=28851)[0m INFO:evaluate:Evaluating boundary (0, 1)
[36m(CaseRunnerActor pid=28851)[0m 2025-10-24 12:48:18 - INFO - [evaluate.py] - Evaluating boundary (1, 2)
[36m(CaseRunnerActor pid=28851)[0m INFO:evaluate:Evaluating boundary (1, 2)
[36m(CaseRunnerActor pid=28851)[0m INFO:P0:[run 0], measurements: 132/206, expense: 7.63e+04
[36m(CaseRunnerActor pid=28851)[0m INFO:P0:[run 0], Boundary distances : {(0, 1): 99.72566252046082, (1, 2): 27.421459338552566}
[36m(CaseRunnerActor pid=28851)[0m INFO:P0:[run 0 iter 126] Process RSS:   1.45 GB | 
[36m(CaseRunnerActor pid=28851)[0m 2025-10-24 12:49:23 - INFO - [evaluate.py] - Boundary (0, 1): 936 points
[36m(CaseRunnerActor pid=28851)[0m INFO:evaluate:Boundary (0, 1): 936 points
[36m(CaseRunnerActor pid=28851)[0m 2025-10-24 12:49:23 - INFO - [evaluate.py] - Boundary (1, 2): 716 points
[36m(CaseRunnerActor pid=28851)[0m INFO:evaluate:Boundary (1, 2): 716 points
[36m(CaseRunnerActor pid=28851)[0m 2025-10-24 12:49:23 - INFO - [evaluate.py] - Evaluating boundary (0, 1)
[36m(CaseRunnerActor pid=28851)[0m INFO:evaluate:Evaluating boundary (0, 1)
[36m(CaseRunnerActor pid=28851)[0m 2025-10-24 12:49:37 - INFO - [evaluate.py] - Evaluating boundary (1, 2)
[36m(CaseRunnerActor pid=28851)[0m INFO:evaluate:Evaluating boundary (1, 2)
[36m(CaseRunnerActor pid=28851)[0m INFO:P0:[run 0], measurements: 133/206, expense: 7.64e+04
[36m(CaseRunnerActor pid=28851)[0m INFO:P0:[run 0], Boundary distances : {(0, 1): 100.61525848254846, (1, 2): 29.995182630412486}
[36m(CaseRunnerActor pid=28851)[0m INFO:P0:[run 0 iter 127] Process RSS:   1.44 GB | 
[36m(CaseRunnerActor pid=28851)[0m 2025-10-24 12:50:35 - INFO - [evaluate.py] - Boundary (0, 1): 903 points
[36m(CaseRunnerActor pid=28851)[0m INFO:evaluate:Boundary (0, 1): 903 points
[36m(CaseRunnerActor pid=28851)[0m 2025-10-24 12:50:35 - INFO - [evaluate.py] - Boundary (1, 2): 700 points
[36m(CaseRunnerActor pid=28851)[0m INFO:evaluate:Boundary (1, 2): 700 points
[36m(CaseRunnerActor pid=28851)[0m 2025-10-24 12:50:35 - INFO - [evaluate.py] - Evaluating boundary (0, 1)
[36m(CaseRunnerActor pid=28851)[0m INFO:evaluate:Evaluating boundary (0, 1)
[36m(CaseRunnerActor pid=28851)[0m 2025-10-24 12:50:50 - INFO - [evaluate.py] - Evaluating boundary (1, 2)
[36m(CaseRunnerActor pid=28851)[0m INFO:evaluate:Evaluating boundary (1, 2)
[36m(CaseRunnerActor pid=28851)[0m INFO:P0:[run 0], measurements: 134/206, expense: 7.71e+04
[36m(CaseRunnerActor pid=28851)[0m INFO:P0:[run 0], Boundary distances : {(0, 1): 113.28065200765855, (1, 2): 25.195255661602605}
[36m(CaseRunnerActor pid=28851)[0m INFO:P0:[run 0 iter 128] Process RSS:   1.45 GB | 
[36m(CaseRunnerActor pid=28851)[0m 2025-10-24 12:51:43 - INFO - [evaluate.py] - Boundary (0, 1): 903 points
[36m(CaseRunnerActor pid=28851)[0m INFO:evaluate:Boundary (0, 1): 903 points
[36m(CaseRunnerActor pid=28851)[0m 2025-10-24 12:51:43 - INFO - [evaluate.py] - Boundary (1, 2): 698 points
[36m(CaseRunnerActor pid=28851)[0m INFO:evaluate:Boundary (1, 2): 698 points
[36m(CaseRunnerActor pid=28851)[0m 2025-10-24 12:51:43 - INFO - [evaluate.py] - Evaluating boundary (0, 1)
[36m(CaseRunnerActor pid=28851)[0m INFO:evaluate:Evaluating boundary (0, 1)
[36m(CaseRunnerActor pid=28851)[0m 2025-10-24 12:52:01 - INFO - [evaluate.py] - Evaluating boundary (1, 2)
[36m(CaseRunnerActor pid=28851)[0m INFO:evaluate:Evaluating boundary (1, 2)
[36m(CaseRunnerActor pid=28851)[0m INFO:P0:[run 0], measurements: 135/206, expense: 7.78e+04
[36m(CaseRunnerActor pid=28851)[0m INFO:P0:[run 0], Boundary distances : {(0, 1): 97.18958583763933, (1, 2): 25.853718124404367}
[36m(CaseRunnerActor pid=28851)[0m INFO:P0:[run 0 iter 129] Process RSS:   1.45 GB | 
[36m(CaseRunnerActor pid=28851)[0m 2025-10-24 12:52:58 - INFO - [evaluate.py] - Boundary (0, 1): 911 points
[36m(CaseRunnerActor pid=28851)[0m INFO:evaluate:Boundary (0, 1): 911 points
[36m(CaseRunnerActor pid=28851)[0m 2025-10-24 12:52:58 - INFO - [evaluate.py] - Boundary (1, 2): 713 points
[36m(CaseRunnerActor pid=28851)[0m INFO:evaluate:Boundary (1, 2): 713 points
[36m(CaseRunnerActor pid=28851)[0m 2025-10-24 12:52:58 - INFO - [evaluate.py] - Evaluating boundary (0, 1)
[36m(CaseRunnerActor pid=28851)[0m INFO:evaluate:Evaluating boundary (0, 1)
[36m(CaseRunnerActor pid=28851)[0m 2025-10-24 12:53:05 - INFO - [evaluate.py] - Evaluating boundary (1, 2)
[36m(CaseRunnerActor pid=28851)[0m INFO:evaluate:Evaluating boundary (1, 2)
[36m(CaseRunnerActor pid=28851)[0m INFO:P0:[run 0], measurements: 136/206, expense: 7.83e+04
[36m(CaseRunnerActor pid=28851)[0m INFO:P0:[run 0], Boundary distances : {(0, 1): 96.1964957230668, (1, 2): 29.96656505604546}
[36m(CaseRunnerActor pid=28851)[0m INFO:P0:[run 0 iter 130] Process RSS:   1.41 GB | 
[36m(CaseRunnerActor pid=28851)[0m 2025-10-24 12:53:56 - INFO - [evaluate.py] - Boundary (0, 1): 918 points
[36m(CaseRunnerActor pid=28851)[0m INFO:evaluate:Boundary (0, 1): 918 points
[36m(CaseRunnerActor pid=28851)[0m 2025-10-24 12:53:56 - INFO - [evaluate.py] - Boundary (1, 2): 675 points
[36m(CaseRunnerActor pid=28851)[0m INFO:evaluate:Boundary (1, 2): 675 points
[36m(CaseRunnerActor pid=28851)[0m 2025-10-24 12:53:56 - INFO - [evaluate.py] - Evaluating boundary (0, 1)
[36m(CaseRunnerActor pid=28851)[0m INFO:evaluate:Evaluating boundary (0, 1)
[36m(CaseRunnerActor pid=28851)[0m 2025-10-24 12:54:12 - INFO - [evaluate.py] - Evaluating boundary (1, 2)
[36m(CaseRunnerActor pid=28851)[0m INFO:evaluate:Evaluating boundary (1, 2)
[36m(CaseRunnerActor pid=28851)[0m INFO:P0:[run 0], measurements: 137/206, expense: 7.87e+04
[36m(CaseRunnerActor pid=28851)[0m INFO:P0:[run 0], Boundary distances : {(0, 1): 99.60302459249243, (1, 2): 26.49493909943166}
[36m(CaseRunnerActor pid=28851)[0m INFO:P0:[run 0 iter 131] Process RSS:   1.45 GB | 
[36m(CaseRunnerActor pid=28851)[0m 2025-10-24 12:54:59 - INFO - [evaluate.py] - Boundary (0, 1): 918 points
[36m(CaseRunnerActor pid=28851)[0m INFO:evaluate:Boundary (0, 1): 918 points
[36m(CaseRunnerActor pid=28851)[0m 2025-10-24 12:54:59 - INFO - [evaluate.py] - Boundary (1, 2): 714 points
[36m(CaseRunnerActor pid=28851)[0m INFO:evaluate:Boundary (1, 2): 714 points
[36m(CaseRunnerActor pid=28851)[0m 2025-10-24 12:54:59 - INFO - [evaluate.py] - Evaluating boundary (0, 1)
[36m(CaseRunnerActor pid=28851)[0m INFO:evaluate:Evaluating boundary (0, 1)
[36m(CaseRunnerActor pid=28851)[0m 2025-10-24 12:55:17 - INFO - [evaluate.py] - Evaluating boundary (1, 2)
[36m(CaseRunnerActor pid=28851)[0m INFO:evaluate:Evaluating boundary (1, 2)
[36m(CaseRunnerActor pid=28851)[0m INFO:P0:[run 0], measurements: 138/206, expense: 8.01e+04
[36m(CaseRunnerActor pid=28851)[0m INFO:P0:[run 0], Boundary distances : {(0, 1): 100.58950458798994, (1, 2): 30.5104839057177}
[36m(CaseRunnerActor pid=28851)[0m INFO:P0:[run 0 iter 132] Process RSS:   1.45 GB | 

[36m(CaseRunnerActor pid=28851)[0m [2025-10-24 12:13:53,028] [INFO] [run 0 iter 89] Process RSS:   1.45 GB | 
[36m(CaseRunnerActor pid=28851)[0m [2025-10-24 12:14:36,786] [INFO] [run 0], measurements: 96/206, expense: 5.29e+04
[36m(CaseRunnerActor pid=28851)[0m [2025-10-24 12:14:36,786] [INFO] [run 0], Boundary distances : {(0, 1): 98.46159469154519, (1, 2): 26.87233048770537}
[36m(CaseRunnerActor pid=28851)[0m [2025-10-24 12:14:36,819] [INFO] [run 0 iter 90] Process RSS:   1.45 GB | 
[36m(CaseRunnerActor pid=28851)[0m [2025-10-24 12:15:32,117] [INFO] [run 0], measurements: 97/206, expense: 5.30e+04
[36m(CaseRunnerActor pid=28851)[0m [2025-10-24 12:15:32,118] [INFO] [run 0], Boundary distances : {(0, 1): 96.71290579315672, (1, 2): 23.08755892883974}
[36m(CaseRunnerActor pid=28851)[0m [2025-10-24 12:15:32,155] [INFO] [run 0 iter 91] Process RSS:   1.45 GB | 
[36m(CaseRunnerActor pid=28851)[0m [2025-10-24 12:16:15,734] [INFO] [run 0], measurements: 98/206, expense: 5.33e+04
[36m(CaseRunnerActor pid=28851)[0m [2025-10-24 12:16:15,734] [INFO] [run 0], Boundary distances : {(0, 1): 91.04084144901873, (1, 2): 24.78063339379946}
[36m(CaseRunnerActor pid=28851)[0m [2025-10-24 12:16:15,768] [INFO] [run 0 iter 92] Process RSS:   1.45 GB | 
[36m(CaseRunnerActor pid=28851)[0m [2025-10-24 12:17:01,486] [INFO] [run 0], measurements: 99/206, expense: 5.44e+04
[36m(CaseRunnerActor pid=28851)[0m [2025-10-24 12:17:01,486] [INFO] [run 0], Boundary distances : {(0, 1): 101.3791050602059, (1, 2): 25.279070554138038}
[36m(CaseRunnerActor pid=28851)[0m [2025-10-24 12:17:01,519] [INFO] [run 0 iter 93] Process RSS:   1.45 GB | 
[36m(CaseRunnerActor pid=28851)[0m [2025-10-24 12:17:43,407] [INFO] [run 0], measurements: 100/206, expense: 5.57e+04
[36m(CaseRunnerActor pid=28851)[0m [2025-10-24 12:17:43,408] [INFO] [run 0], Boundary distances : {(0, 1): 102.38610249163703, (1, 2): 26.258989126987473}
[36m(CaseRunnerActor pid=28851)[0m [2025-10-24 12:17:43,446] [INFO] [run 0 iter 94] Process RSS:   1.45 GB | 
[36m(CaseRunnerActor pid=28851)[0m [2025-10-24 12:18:34,339] [INFO] [run 0], measurements: 101/206, expense: 5.72e+04
[36m(CaseRunnerActor pid=28851)[0m [2025-10-24 12:18:34,339] [INFO] [run 0], Boundary distances : {(0, 1): 91.06041827130585, (1, 2): 26.258989126987473}
[36m(CaseRunnerActor pid=28851)[0m [2025-10-24 12:18:34,369] [INFO] [run 0 iter 95] Process RSS:   1.45 GB | 
[36m(CaseRunnerActor pid=28851)[0m [2025-10-24 12:19:18,708] [INFO] [run 0], measurements: 102/206, expense: 5.87e+04
[36m(CaseRunnerActor pid=28851)[0m [2025-10-24 12:19:18,708] [INFO] [run 0], Boundary distances : {(0, 1): 95.65485643591128, (1, 2): 28.217117323960828}
[36m(CaseRunnerActor pid=28851)[0m [2025-10-24 12:19:18,742] [INFO] [run 0 iter 96] Process RSS:   1.45 GB | 
[36m(CaseRunnerActor pid=28851)[0m [2025-10-24 12:19:55,495] [INFO] [run 0], measurements: 103/206, expense: 5.96e+04
[36m(CaseRunnerActor pid=28851)[0m [2025-10-24 12:19:55,496] [INFO] [run 0], Boundary distances : {(0, 1): 93.15752278850317, (1, 2): 26.863008187610546}
[36m(CaseRunnerActor pid=28851)[0m [2025-10-24 12:19:55,531] [INFO] [run 0 iter 97] Process RSS:   1.45 GB | 
[36m(CaseRunnerActor pid=28851)[0m [2025-10-24 12:20:45,737] [INFO] [run 0], measurements: 104/206, expense: 5.97e+04
[36m(CaseRunnerActor pid=28851)[0m [2025-10-24 12:20:45,737] [INFO] [run 0], Boundary distances : {(0, 1): 93.53735011346667, (1, 2): 23.96071985855138}
[36m(CaseRunnerActor pid=28851)[0m [2025-10-24 12:20:45,772] [INFO] [run 0 iter 98] Process RSS:   1.45 GB | 
[36m(CaseRunnerActor pid=28851)[0m [2025-10-24 12:21:36,644] [INFO] [run 0], measurements: 105/206, expense: 6.12e+04
[36m(CaseRunnerActor pid=28851)[0m [2025-10-24 12:21:36,644] [INFO] [run 0], Boundary distances : {(0, 1): 88.38109731932374, (1, 2): 28.403024571565}
[36m(CaseRunnerActor pid=28851)[0m [2025-10-24 12:21:36,684] [INFO] [run 0 iter 99] Process RSS:   1.45 GB | 
[36m(CaseRunnerActor pid=28851)[0m [2025-10-24 12:22:29,524] [INFO] [run 0], measurements: 106/206, expense: 6.20e+04
[36m(CaseRunnerActor pid=28851)[0m [2025-10-24 12:22:29,524] [INFO] [run 0], Boundary distances : {(0, 1): 83.33420478278148, (1, 2): 29.591040187828614}
[36m(CaseRunnerActor pid=28851)[0m [2025-10-24 12:22:29,558] [INFO] [run 0 iter 100] Process RSS:   1.45 GB | 
[36m(CaseRunnerActor pid=28851)[0m [2025-10-24 12:23:33,735] [INFO] [run 0], measurements: 107/206, expense: 6.27e+04
[36m(CaseRunnerActor pid=28851)[0m [2025-10-24 12:23:33,735] [INFO] [run 0], Boundary distances : {(0, 1): 84.8336533130822, (1, 2): 19.363312024860708}
[36m(CaseRunnerActor pid=28851)[0m [2025-10-24 12:23:33,761] [INFO] [run 0 iter 101] Process RSS:   1.45 GB | 
[36m(CaseRunnerActor pid=28851)[0m [2025-10-24 12:24:20,685] [INFO] [run 0], measurements: 108/206, expense: 6.28e+04
[36m(CaseRunnerActor pid=28851)[0m [2025-10-24 12:24:20,685] [INFO] [run 0], Boundary distances : {(0, 1): 89.32988574896216, (1, 2): 19.500382841025555}
[36m(CaseRunnerActor pid=28851)[0m [2025-10-24 12:24:20,724] [INFO] [run 0 iter 102] Process RSS:   1.45 GB | 
[36m(CaseRunnerActor pid=28851)[0m [2025-10-24 12:25:19,869] [INFO] [run 0], measurements: 109/206, expense: 6.32e+04
[36m(CaseRunnerActor pid=28851)[0m [2025-10-24 12:25:19,869] [INFO] [run 0], Boundary distances : {(0, 1): 85.76255726086447, (1, 2): 18.843825677249207}
[36m(CaseRunnerActor pid=28851)[0m [2025-10-24 12:25:19,902] [INFO] [run 0 iter 103] Process RSS:   1.45 GB | 
[36m(CaseRunnerActor pid=28851)[0m [2025-10-24 12:25:59,854] [INFO] [run 0], measurements: 110/206, expense: 6.34e+04
[36m(CaseRunnerActor pid=28851)[0m [2025-10-24 12:25:59,855] [INFO] [run 0], Boundary distances : {(0, 1): 93.48412325743531, (1, 2): 18.717281475845397}
[36m(CaseRunnerActor pid=28851)[0m [2025-10-24 12:25:59,892] [INFO] [run 0 iter 104] Process RSS:   1.46 GB | 
[36m(CaseRunnerActor pid=28851)[0m [2025-10-24 12:26:46,127] [INFO] [run 0], measurements: 111/206, expense: 6.41e+04
[36m(CaseRunnerActor pid=28851)[0m [2025-10-24 12:26:46,127] [INFO] [run 0], Boundary distances : {(0, 1): 94.26828366248, (1, 2): 18.717281475845397}
[36m(CaseRunnerActor pid=28851)[0m [2025-10-24 12:26:46,161] [INFO] [run 0 iter 105] Process RSS:   1.45 GB | 
[36m(CaseRunnerActor pid=28851)[0m [2025-10-24 12:27:34,682] [INFO] [run 0], measurements: 112/206, expense: 6.46e+04
[36m(CaseRunnerActor pid=28851)[0m [2025-10-24 12:27:34,682] [INFO] [run 0], Boundary distances : {(0, 1): 93.25862742455499, (1, 2): 23.073971895287908}
[36m(CaseRunnerActor pid=28851)[0m [2025-10-24 12:27:34,718] [INFO] [run 0 iter 106] Process RSS:   1.45 GB | 
[36m(CaseRunnerActor pid=28851)[0m [2025-10-24 12:28:26,859] [INFO] [run 0], measurements: 113/206, expense: 6.48e+04
[36m(CaseRunnerActor pid=28851)[0m [2025-10-24 12:28:26,859] [INFO] [run 0], Boundary distances : {(0, 1): 127.64238103216348, (1, 2): 23.073971895287908}
[36m(CaseRunnerActor pid=28851)[0m [2025-10-24 12:28:26,895] [INFO] [run 0 iter 107] Process RSS:   1.45 GB | 
[36m(CaseRunnerActor pid=28851)[0m [2025-10-24 12:29:29,701] [INFO] [run 0], measurements: 114/206, expense: 6.59e+04
[36m(CaseRunnerActor pid=28851)[0m [2025-10-24 12:29:29,702] [INFO] [run 0], Boundary distances : {(0, 1): 99.21588395911175, (1, 2): 25.82772093660867}
[36m(CaseRunnerActor pid=28851)[0m [2025-10-24 12:29:29,729] [INFO] [run 0 iter 108] Process RSS:   1.46 GB | 
[36m(CaseRunnerActor pid=28851)[0m [2025-10-24 12:30:22,726] [INFO] [run 0], measurements: 115/206, expense: 6.65e+04
[36m(CaseRunnerActor pid=28851)[0m [2025-10-24 12:30:22,726] [INFO] [run 0], Boundary distances : {(0, 1): 104.82429200655282, (1, 2): 21.193128374347022}
[36m(CaseRunnerActor pid=28851)[0m [2025-10-24 12:30:22,759] [INFO] [run 0 iter 109] Process RSS:   1.46 GB | 
[36m(CaseRunnerActor pid=28851)[0m [2025-10-24 12:31:29,368] [INFO] [run 0], measurements: 116/206, expense: 6.68e+04
[36m(CaseRunnerActor pid=28851)[0m [2025-10-24 12:31:29,368] [INFO] [run 0], Boundary distances : {(0, 1): 121.66609030173706, (1, 2): 21.50204413025847}
[36m(CaseRunnerActor pid=28851)[0m [2025-10-24 12:31:29,404] [INFO] [run 0 iter 110] Process RSS:   1.46 GB | [36m(CaseRunnerActor pid=28851)[0m 2025-10-24 12:56:11 - INFO - [evaluate.py] - Boundary (0, 1): 926 points
[36m(CaseRunnerActor pid=28851)[0m INFO:evaluate:Boundary (0, 1): 926 points
[36m(CaseRunnerActor pid=28851)[0m 2025-10-24 12:56:11 - INFO - [evaluate.py] - Boundary (1, 2): 709 points
[36m(CaseRunnerActor pid=28851)[0m INFO:evaluate:Boundary (1, 2): 709 points
[36m(CaseRunnerActor pid=28851)[0m 2025-10-24 12:56:11 - INFO - [evaluate.py] - Evaluating boundary (0, 1)
[36m(CaseRunnerActor pid=28851)[0m INFO:evaluate:Evaluating boundary (0, 1)
[36m(CaseRunnerActor pid=28851)[0m 2025-10-24 12:56:26 - INFO - [evaluate.py] - Evaluating boundary (1, 2)
[36m(CaseRunnerActor pid=28851)[0m INFO:evaluate:Evaluating boundary (1, 2)
[36m(CaseRunnerActor pid=28851)[0m INFO:P0:[run 0], measurements: 139/206, expense: 8.02e+04
[36m(CaseRunnerActor pid=28851)[0m INFO:P0:[run 0], Boundary distances : {(0, 1): 89.59505370072128, (1, 2): 27.274299964214528}
[36m(CaseRunnerActor pid=28851)[0m INFO:P0:[run 0 iter 133] Process RSS:   1.45 GB | 
[36m(CaseRunnerActor pid=28851)[0m 2025-10-24 12:57:16 - INFO - [evaluate.py] - Boundary (0, 1): 934 points
[36m(CaseRunnerActor pid=28851)[0m INFO:evaluate:Boundary (0, 1): 934 points
[36m(CaseRunnerActor pid=28851)[0m 2025-10-24 12:57:16 - INFO - [evaluate.py] - Boundary (1, 2): 708 points
[36m(CaseRunnerActor pid=28851)[0m INFO:evaluate:Boundary (1, 2): 708 points
[36m(CaseRunnerActor pid=28851)[0m 2025-10-24 12:57:16 - INFO - [evaluate.py] - Evaluating boundary (0, 1)
[36m(CaseRunnerActor pid=28851)[0m INFO:evaluate:Evaluating boundary (0, 1)
[36m(CaseRunnerActor pid=28851)[0m 2025-10-24 12:57:28 - INFO - [evaluate.py] - Evaluating boundary (1, 2)
[36m(CaseRunnerActor pid=28851)[0m INFO:evaluate:Evaluating boundary (1, 2)
[36m(CaseRunnerActor pid=28851)[0m INFO:P0:[run 0], measurements: 140/206, expense: 8.11e+04
[36m(CaseRunnerActor pid=28851)[0m INFO:P0:[run 0], Boundary distances : {(0, 1): 94.14829734748682, (1, 2): 26.00249492562127}
[36m(CaseRunnerActor pid=28851)[0m INFO:P0:[run 0 iter 134] Process RSS:   1.41 GB | 
[36m(CaseRunnerActor pid=28851)[0m 2025-10-24 12:58:15 - INFO - [evaluate.py] - Boundary (0, 1): 935 points
[36m(CaseRunnerActor pid=28851)[0m INFO:evaluate:Boundary (0, 1): 935 points
[36m(CaseRunnerActor pid=28851)[0m 2025-10-24 12:58:15 - INFO - [evaluate.py] - Boundary (1, 2): 709 points
[36m(CaseRunnerActor pid=28851)[0m INFO:evaluate:Boundary (1, 2): 709 points
[36m(CaseRunnerActor pid=28851)[0m 2025-10-24 12:58:15 - INFO - [evaluate.py] - Evaluating boundary (0, 1)
[36m(CaseRunnerActor pid=28851)[0m INFO:evaluate:Evaluating boundary (0, 1)
[36m(CaseRunnerActor pid=28851)[0m 2025-10-24 12:58:27 - INFO - [evaluate.py] - Evaluating boundary (1, 2)
[36m(CaseRunnerActor pid=28851)[0m INFO:evaluate:Evaluating boundary (1, 2)
[36m(CaseRunnerActor pid=28851)[0m INFO:P0:[run 0], measurements: 141/206, expense: 8.20e+04
[36m(CaseRunnerActor pid=28851)[0m INFO:P0:[run 0], Boundary distances : {(0, 1): 93.52635457026118, (1, 2): 28.543299805828525}
[36m(CaseRunnerActor pid=28851)[0m INFO:P0:[run 0 iter 135] Process RSS:   1.45 GB | 
[36m(CaseRunnerActor pid=28851)[0m 2025-10-24 12:59:27 - INFO - [evaluate.py] - Boundary (0, 1): 931 points
[36m(CaseRunnerActor pid=28851)[0m INFO:evaluate:Boundary (0, 1): 931 points
[36m(CaseRunnerActor pid=28851)[0m 2025-10-24 12:59:27 - INFO - [evaluate.py] - Boundary (1, 2): 687 points
[36m(CaseRunnerActor pid=28851)[0m INFO:evaluate:Boundary (1, 2): 687 points
[36m(CaseRunnerActor pid=28851)[0m 2025-10-24 12:59:27 - INFO - [evaluate.py] - Evaluating boundary (0, 1)
[36m(CaseRunnerActor pid=28851)[0m INFO:evaluate:Evaluating boundary (0, 1)
[36m(CaseRunnerActor pid=28851)[0m 2025-10-24 12:59:36 - INFO - [evaluate.py] - Evaluating boundary (1, 2)
[36m(CaseRunnerActor pid=28851)[0m INFO:evaluate:Evaluating boundary (1, 2)
[36m(CaseRunnerActor pid=28851)[0m INFO:P0:[run 0], measurements: 142/206, expense: 8.25e+04
[36m(CaseRunnerActor pid=28851)[0m INFO:P0:[run 0], Boundary distances : {(0, 1): 92.61144772817313, (1, 2): 30.735746327150125}
[36m(CaseRunnerActor pid=28851)[0m INFO:P0:[run 0 iter 136] Process RSS:   1.45 GB | 
[36m(CaseRunnerActor pid=28851)[0m 2025-10-24 13:00:37 - INFO - [evaluate.py] - Boundary (0, 1): 947 points
[36m(CaseRunnerActor pid=28851)[0m INFO:evaluate:Boundary (0, 1): 947 points
[36m(CaseRunnerActor pid=28851)[0m 2025-10-24 13:00:37 - INFO - [evaluate.py] - Boundary (1, 2): 689 points
[36m(CaseRunnerActor pid=28851)[0m INFO:evaluate:Boundary (1, 2): 689 points
[36m(CaseRunnerActor pid=28851)[0m 2025-10-24 13:00:37 - INFO - [evaluate.py] - Evaluating boundary (0, 1)
[36m(CaseRunnerActor pid=28851)[0m INFO:evaluate:Evaluating boundary (0, 1)
[36m(CaseRunnerActor pid=28851)[0m 2025-10-24 13:00:58 - INFO - [evaluate.py] - Evaluating boundary (1, 2)
[36m(CaseRunnerActor pid=28851)[0m INFO:evaluate:Evaluating boundary (1, 2)
[36m(CaseRunnerActor pid=28851)[0m INFO:P0:[run 0], measurements: 143/206, expense: 8.28e+04
[36m(CaseRunnerActor pid=28851)[0m INFO:P0:[run 0], Boundary distances : {(0, 1): 85.57427315767286, (1, 2): 30.13127688557309}
[36m(CaseRunnerActor pid=28851)[0m INFO:P0:[run 0 iter 137] Process RSS:   1.45 GB | 
[36m(CaseRunnerActor pid=28851)[0m 2025-10-24 13:01:53 - INFO - [evaluate.py] - Boundary (0, 1): 926 points
[36m(CaseRunnerActor pid=28851)[0m INFO:evaluate:Boundary (0, 1): 926 points
[36m(CaseRunnerActor pid=28851)[0m 2025-10-24 13:01:53 - INFO - [evaluate.py] - Boundary (1, 2): 687 points
[36m(CaseRunnerActor pid=28851)[0m INFO:evaluate:Boundary (1, 2): 687 points
[36m(CaseRunnerActor pid=28851)[0m 2025-10-24 13:01:53 - INFO - [evaluate.py] - Evaluating boundary (0, 1)
[36m(CaseRunnerActor pid=28851)[0m INFO:evaluate:Evaluating boundary (0, 1)
[36m(CaseRunnerActor pid=28851)[0m 2025-10-24 13:02:15 - INFO - [evaluate.py] - Evaluating boundary (1, 2)
[36m(CaseRunnerActor pid=28851)[0m INFO:evaluate:Evaluating boundary (1, 2)
[36m(CaseRunnerActor pid=28851)[0m INFO:P0:[run 0], measurements: 144/206, expense: 8.30e+04
[36m(CaseRunnerActor pid=28851)[0m INFO:P0:[run 0], Boundary distances : {(0, 1): 81.38488047959717, (1, 2): 30.735746327150125}
[36m(CaseRunnerActor pid=28851)[0m INFO:P0:[run 0 iter 138] Process RSS:   1.45 GB | 
[36m(CaseRunnerActor pid=28851)[0m 2025-10-24 13:03:16 - INFO - [evaluate.py] - Boundary (0, 1): 943 points
[36m(CaseRunnerActor pid=28851)[0m INFO:evaluate:Boundary (0, 1): 943 points
[36m(CaseRunnerActor pid=28851)[0m 2025-10-24 13:03:16 - INFO - [evaluate.py] - Boundary (1, 2): 689 points
[36m(CaseRunnerActor pid=28851)[0m INFO:evaluate:Boundary (1, 2): 689 points
[36m(CaseRunnerActor pid=28851)[0m 2025-10-24 13:03:16 - INFO - [evaluate.py] - Evaluating boundary (0, 1)
[36m(CaseRunnerActor pid=28851)[0m INFO:evaluate:Evaluating boundary (0, 1)
[36m(CaseRunnerActor pid=28851)[0m 2025-10-24 13:03:38 - INFO - [evaluate.py] - Evaluating boundary (1, 2)
[36m(CaseRunnerActor pid=28851)[0m INFO:evaluate:Evaluating boundary (1, 2)
[36m(CaseRunnerActor pid=28851)[0m INFO:P0:[run 0], measurements: 145/206, expense: 8.31e+04
[36m(CaseRunnerActor pid=28851)[0m INFO:P0:[run 0], Boundary distances : {(0, 1): 87.60545643208941, (1, 2): 30.13127688557309}
[36m(CaseRunnerActor pid=28851)[0m INFO:P0:[run 0 iter 139] Process RSS:   1.45 GB | 
[36m(CaseRunnerActor pid=28851)[0m 2025-10-24 13:04:30 - INFO - [evaluate.py] - Boundary (0, 1): 928 points
[36m(CaseRunnerActor pid=28851)[0m INFO:evaluate:Boundary (0, 1): 928 points
[36m(CaseRunnerActor pid=28851)[0m 2025-10-24 13:04:30 - INFO - [evaluate.py] - Boundary (1, 2): 688 points
[36m(CaseRunnerActor pid=28851)[0m INFO:evaluate:Boundary (1, 2): 688 points
[36m(CaseRunnerActor pid=28851)[0m 2025-10-24 13:04:30 - INFO - [evaluate.py] - Evaluating boundary (0, 1)
[36m(CaseRunnerActor pid=28851)[0m INFO:evaluate:Evaluating boundary (0, 1)
[36m(CaseRunnerActor pid=28851)[0m 2025-10-24 13:04:37 - INFO - [evaluate.py] - Evaluating boundary (1, 2)
[36m(CaseRunnerActor pid=28851)[0m INFO:evaluate:Evaluating boundary (1, 2)
[36m(CaseRunnerActor pid=28851)[0m INFO:P0:[run 0], measurements: 146/206, expense: 8.33e+04
[36m(CaseRunnerActor pid=28851)[0m INFO:P0:[run 0], Boundary distances : {(0, 1): 90.98624381072875, (1, 2): 30.15865398782676}
[36m(CaseRunnerActor pid=28851)[0m INFO:P0:[run 0 iter 140] Process RSS:   1.45 GB | 
[36m(CaseRunnerActor pid=28851)[0m 2025-10-24 13:05:29 - INFO - [evaluate.py] - Boundary (0, 1): 949 points
[36m(CaseRunnerActor pid=28851)[0m INFO:evaluate:Boundary (0, 1): 949 points
[36m(CaseRunnerActor pid=28851)[0m 2025-10-24 13:05:29 - INFO - [evaluate.py] - Boundary (1, 2): 686 points
[36m(CaseRunnerActor pid=28851)[0m INFO:evaluate:Boundary (1, 2): 686 points
[36m(CaseRunnerActor pid=28851)[0m 2025-10-24 13:05:29 - INFO - [evaluate.py] - Evaluating boundary (0, 1)
[36m(CaseRunnerActor pid=28851)[0m INFO:evaluate:Evaluating boundary (0, 1)
[36m(CaseRunnerActor pid=28851)[0m 2025-10-24 13:05:46 - INFO - [evaluate.py] - Evaluating boundary (1, 2)
[36m(CaseRunnerActor pid=28851)[0m INFO:evaluate:Evaluating boundary (1, 2)
[36m(CaseRunnerActor pid=28851)[0m INFO:P0:[run 0], measurements: 147/206, expense: 8.34e+04
[36m(CaseRunnerActor pid=28851)[0m INFO:P0:[run 0], Boundary distances : {(0, 1): 101.39014804727792, (1, 2): 30.765861808441052}
[36m(CaseRunnerActor pid=28851)[0m INFO:P0:[run 0 iter 141] Process RSS:   1.45 GB | 
[36m(CaseRunnerActor pid=28851)[0m 2025-10-24 13:06:44 - INFO - [evaluate.py] - Boundary (0, 1): 933 points
[36m(CaseRunnerActor pid=28851)[0m INFO:evaluate:Boundary (0, 1): 933 points
[36m(CaseRunnerActor pid=28851)[0m 2025-10-24 13:06:44 - INFO - [evaluate.py] - Boundary (1, 2): 686 points
[36m(CaseRunnerActor pid=28851)[0m INFO:evaluate:Boundary (1, 2): 686 points
[36m(CaseRunnerActor pid=28851)[0m 2025-10-24 13:06:44 - INFO - [evaluate.py] - Evaluating boundary (0, 1)
[36m(CaseRunnerActor pid=28851)[0m INFO:evaluate:Evaluating boundary (0, 1)
[36m(CaseRunnerActor pid=28851)[0m 2025-10-24 13:06:52 - INFO - [evaluate.py] - Evaluating boundary (1, 2)
[36m(CaseRunnerActor pid=28851)[0m INFO:evaluate:Evaluating boundary (1, 2)
[36m(CaseRunnerActor pid=28851)[0m INFO:P0:[run 0], measurements: 148/206, expense: 8.42e+04
[36m(CaseRunnerActor pid=28851)[0m INFO:P0:[run 0], Boundary distances : {(0, 1): 91.6799689198703, (1, 2): 30.765861808441052}
[36m(CaseRunnerActor pid=28851)[0m INFO:P0:[run 0 iter 142] Process RSS:   1.45 GB | 
[36m(CaseRunnerActor pid=28851)[0m 2025-10-24 13:07:43 - INFO - [evaluate.py] - Boundary (0, 1): 932 points
[36m(CaseRunnerActor pid=28851)[0m INFO:evaluate:Boundary (0, 1): 932 points
[36m(CaseRunnerActor pid=28851)[0m 2025-10-24 13:07:43 - INFO - [evaluate.py] - Boundary (1, 2): 723 points
[36m(CaseRunnerActor pid=28851)[0m INFO:evaluate:Boundary (1, 2): 723 points
[36m(CaseRunnerActor pid=28851)[0m 2025-10-24 13:07:43 - INFO - [evaluate.py] - Evaluating boundary (0, 1)
[36m(CaseRunnerActor pid=28851)[0m INFO:evaluate:Evaluating boundary (0, 1)
[36m(CaseRunnerActor pid=28851)[0m 2025-10-24 13:07:52 - INFO - [evaluate.py] - Evaluating boundary (1, 2)
[36m(CaseRunnerActor pid=28851)[0m INFO:evaluate:Evaluating boundary (1, 2)
[36m(CaseRunnerActor pid=28851)[0m INFO:P0:[run 0], measurements: 149/206, expense: 8.51e+04
[36m(CaseRunnerActor pid=28851)[0m INFO:P0:[run 0], Boundary distances : {(0, 1): 91.69356613927965, (1, 2): 28.434690603049333}
[36m(CaseRunnerActor pid=28851)[0m INFO:P0:[run 0 iter 143] Process RSS:   1.45 GB | 
[36m(CaseRunnerActor pid=28851)[0m 2025-10-24 13:08:47 - INFO - [evaluate.py] - Boundary (0, 1): 932 points
[36m(CaseRunnerActor pid=28851)[0m INFO:evaluate:Boundary (0, 1): 932 points
[36m(CaseRunnerActor pid=28851)[0m 2025-10-24 13:08:47 - INFO - [evaluate.py] - Boundary (1, 2): 723 points
[36m(CaseRunnerActor pid=28851)[0m INFO:evaluate:Boundary (1, 2): 723 points
[36m(CaseRunnerActor pid=28851)[0m 2025-10-24 13:08:47 - INFO - [evaluate.py] - Evaluating boundary (0, 1)
[36m(CaseRunnerActor pid=28851)[0m INFO:evaluate:Evaluating boundary (0, 1)
[36m(CaseRunnerActor pid=28851)[0m 2025-10-24 13:09:12 - INFO - [evaluate.py] - Evaluating boundary (1, 2)
[36m(CaseRunnerActor pid=28851)[0m INFO:evaluate:Evaluating boundary (1, 2)
[36m(CaseRunnerActor pid=28851)[0m INFO:P0:[run 0], measurements: 150/206, expense: 8.59e+04
[36m(CaseRunnerActor pid=28851)[0m INFO:P0:[run 0], Boundary distances : {(0, 1): 104.91678245341157, (1, 2): 28.434690603049333}
[36m(CaseRunnerActor pid=28851)[0m INFO:P0:[run 0 iter 144] Process RSS:   1.45 GB | 
[36m(CaseRunnerActor pid=28851)[0m 2025-10-24 13:10:13 - INFO - [evaluate.py] - Boundary (0, 1): 913 points
[36m(CaseRunnerActor pid=28851)[0m INFO:evaluate:Boundary (0, 1): 913 points
[36m(CaseRunnerActor pid=28851)[0m 2025-10-24 13:10:13 - INFO - [evaluate.py] - Boundary (1, 2): 723 points
[36m(CaseRunnerActor pid=28851)[0m INFO:evaluate:Boundary (1, 2): 723 points
[36m(CaseRunnerActor pid=28851)[0m 2025-10-24 13:10:13 - INFO - [evaluate.py] - Evaluating boundary (0, 1)
[36m(CaseRunnerActor pid=28851)[0m INFO:evaluate:Evaluating boundary (0, 1)
[36m(CaseRunnerActor pid=28851)[0m 2025-10-24 13:10:30 - INFO - [evaluate.py] - Evaluating boundary (1, 2)
[36m(CaseRunnerActor pid=28851)[0m INFO:evaluate:Evaluating boundary (1, 2)
[36m(CaseRunnerActor pid=28851)[0m INFO:P0:[run 0], measurements: 151/206, expense: 8.64e+04
[36m(CaseRunnerActor pid=28851)[0m INFO:P0:[run 0], Boundary distances : {(0, 1): 117.19579387649996, (1, 2): 28.434690603049333}
[36m(CaseRunnerActor pid=28851)[0m INFO:P0:[run 0 iter 145] Process RSS:   1.45 GB | 
[36m(CaseRunnerActor pid=28851)[0m 2025-10-24 13:11:28 - INFO - [evaluate.py] - Boundary (0, 1): 905 points
[36m(CaseRunnerActor pid=28851)[0m INFO:evaluate:Boundary (0, 1): 905 points
[36m(CaseRunnerActor pid=28851)[0m 2025-10-24 13:11:28 - INFO - [evaluate.py] - Boundary (1, 2): 723 points
[36m(CaseRunnerActor pid=28851)[0m INFO:evaluate:Boundary (1, 2): 723 points
[36m(CaseRunnerActor pid=28851)[0m 2025-10-24 13:11:28 - INFO - [evaluate.py] - Evaluating boundary (0, 1)
[36m(CaseRunnerActor pid=28851)[0m INFO:evaluate:Evaluating boundary (0, 1)
[36m(CaseRunnerActor pid=28851)[0m 2025-10-24 13:11:44 - INFO - [evaluate.py] - Evaluating boundary (1, 2)
[36m(CaseRunnerActor pid=28851)[0m INFO:evaluate:Evaluating boundary (1, 2)
[36m(CaseRunnerActor pid=28851)[0m INFO:P0:[run 0], measurements: 152/206, expense: 8.64e+04
[36m(CaseRunnerActor pid=28851)[0m INFO:P0:[run 0], Boundary distances : {(0, 1): 95.93497466866964, (1, 2): 28.443538905046005}
[36m(CaseRunnerActor pid=28851)[0m INFO:P0:[run 0 iter 146] Process RSS:   1.45 GB | 
[36m(CaseRunnerActor pid=28851)[0m 2025-10-24 13:12:40 - INFO - [evaluate.py] - Boundary (0, 1): 915 points
[36m(CaseRunnerActor pid=28851)[0m INFO:evaluate:Boundary (0, 1): 915 points
[36m(CaseRunnerActor pid=28851)[0m 2025-10-24 13:12:40 - INFO - [evaluate.py] - Boundary (1, 2): 721 points
[36m(CaseRunnerActor pid=28851)[0m INFO:evaluate:Boundary (1, 2): 721 points
[36m(CaseRunnerActor pid=28851)[0m 2025-10-24 13:12:40 - INFO - [evaluate.py] - Evaluating boundary (0, 1)
[36m(CaseRunnerActor pid=28851)[0m INFO:evaluate:Evaluating boundary (0, 1)
[36m(CaseRunnerActor pid=28851)[0m 2025-10-24 13:12:54 - INFO - [evaluate.py] - Evaluating boundary (1, 2)
[36m(CaseRunnerActor pid=28851)[0m INFO:evaluate:Evaluating boundary (1, 2)
[36m(CaseRunnerActor pid=28851)[0m INFO:P0:[run 0], measurements: 153/206, expense: 8.72e+04
[36m(CaseRunnerActor pid=28851)[0m INFO:P0:[run 0], Boundary distances : {(0, 1): 88.69362953358421, (1, 2): 28.26465040580107}
[36m(CaseRunnerActor pid=28851)[0m INFO:P0:[run 0 iter 147] Process RSS:   1.45 GB | 
[36m(CaseRunnerActor pid=28851)[0m 2025-10-24 13:13:47 - INFO - [evaluate.py] - Boundary (0, 1): 912 points
[36m(CaseRunnerActor pid=28851)[0m INFO:evaluate:Boundary (0, 1): 912 points
[36m(CaseRunnerActor pid=28851)[0m 2025-10-24 13:13:47 - INFO - [evaluate.py] - Boundary (1, 2): 752 points
[36m(CaseRunnerActor pid=28851)[0m INFO:evaluate:Boundary (1, 2): 752 points
[36m(CaseRunnerActor pid=28851)[0m 2025-10-24 13:13:47 - INFO - [evaluate.py] - Evaluating boundary (0, 1)
[36m(CaseRunnerActor pid=28851)[0m INFO:evaluate:Evaluating boundary (0, 1)
[36m(CaseRunnerActor pid=28851)[0m 2025-10-24 13:14:06 - INFO - [evaluate.py] - Evaluating boundary (1, 2)
[36m(CaseRunnerActor pid=28851)[0m INFO:evaluate:Evaluating boundary (1, 2)
[36m(CaseRunnerActor pid=28851)[0m INFO:P0:[run 0], measurements: 154/206, expense: 8.73e+04
[36m(CaseRunnerActor pid=28851)[0m INFO:P0:[run 0], Boundary distances : {(0, 1): 89.72091864153668, (1, 2): 35.70797761987775}
[36m(CaseRunnerActor pid=28851)[0m INFO:P0:[run 0 iter 148] Process RSS:   1.45 GB | 
[36m(CaseRunnerActor pid=28851)[0m 2025-10-24 13:15:19 - INFO - [evaluate.py] - Boundary (0, 1): 913 points
[36m(CaseRunnerActor pid=28851)[0m INFO:evaluate:Boundary (0, 1): 913 points
[36m(CaseRunnerActor pid=28851)[0m 2025-10-24 13:15:19 - INFO - [evaluate.py] - Boundary (1, 2): 731 points
[36m(CaseRunnerActor pid=28851)[0m INFO:evaluate:Boundary (1, 2): 731 points
[36m(CaseRunnerActor pid=28851)[0m 2025-10-24 13:15:19 - INFO - [evaluate.py] - Evaluating boundary (0, 1)
[36m(CaseRunnerActor pid=28851)[0m INFO:evaluate:Evaluating boundary (0, 1)
[36m(CaseRunnerActor pid=28851)[0m 2025-10-24 13:15:42 - INFO - [evaluate.py] - Evaluating boundary (1, 2)
[36m(CaseRunnerActor pid=28851)[0m INFO:evaluate:Evaluating boundary (1, 2)
[36m(CaseRunnerActor pid=28851)[0m INFO:P0:[run 0], measurements: 155/206, expense: 8.76e+04
[36m(CaseRunnerActor pid=28851)[0m INFO:P0:[run 0], Boundary distances : {(0, 1): 88.43491123138313, (1, 2): 34.40560317162999}
[36m(CaseRunnerActor pid=28851)[0m INFO:P0:[run 0 iter 149] Process RSS:   1.45 GB | 
[36m(CaseRunnerActor pid=28851)[0m 2025-10-24 13:16:49 - INFO - [evaluate.py] - Boundary (0, 1): 912 points
[36m(CaseRunnerActor pid=28851)[0m INFO:evaluate:Boundary (0, 1): 912 points
[36m(CaseRunnerActor pid=28851)[0m 2025-10-24 13:16:49 - INFO - [evaluate.py] - Boundary (1, 2): 759 points
[36m(CaseRunnerActor pid=28851)[0m INFO:evaluate:Boundary (1, 2): 759 points
[36m(CaseRunnerActor pid=28851)[0m 2025-10-24 13:16:49 - INFO - [evaluate.py] - Evaluating boundary (0, 1)
[36m(CaseRunnerActor pid=28851)[0m INFO:evaluate:Evaluating boundary (0, 1)
[36m(CaseRunnerActor pid=28851)[0m 2025-10-24 13:17:10 - INFO - [evaluate.py] - Evaluating boundary (1, 2)
[36m(CaseRunnerActor pid=28851)[0m INFO:evaluate:Evaluating boundary (1, 2)
[36m(CaseRunnerActor pid=28851)[0m INFO:P0:[run 0], measurements: 156/206, expense: 8.79e+04
[36m(CaseRunnerActor pid=28851)[0m INFO:P0:[run 0], Boundary distances : {(0, 1): 88.4746500656392, (1, 2): 32.90292981416158}
[36m(CaseRunnerActor pid=28851)[0m INFO:P0:[run 0 iter 150] Process RSS:   1.45 GB | 
[36m(CaseRunnerActor pid=28851)[0m 2025-10-24 13:18:07 - INFO - [evaluate.py] - Boundary (0, 1): 913 points
[36m(CaseRunnerActor pid=28851)[0m INFO:evaluate:Boundary (0, 1): 913 points
[36m(CaseRunnerActor pid=28851)[0m 2025-10-24 13:18:07 - INFO - [evaluate.py] - Boundary (1, 2): 737 points
[36m(CaseRunnerActor pid=28851)[0m INFO:evaluate:Boundary (1, 2): 737 points
[36m(CaseRunnerActor pid=28851)[0m 2025-10-24 13:18:07 - INFO - [evaluate.py] - Evaluating boundary (0, 1)
[36m(CaseRunnerActor pid=28851)[0m INFO:evaluate:Evaluating boundary (0, 1)
[36m(CaseRunnerActor pid=28851)[0m 2025-10-24 13:18:23 - INFO - [evaluate.py] - Evaluating boundary (1, 2)
[36m(CaseRunnerActor pid=28851)[0m INFO:evaluate:Evaluating boundary (1, 2)
[36m(CaseRunnerActor pid=28851)[0m INFO:P0:[run 0], measurements: 157/206, expense: 8.93e+04
[36m(CaseRunnerActor pid=28851)[0m INFO:P0:[run 0], Boundary distances : {(0, 1): 88.51853615406353, (1, 2): 31.70261587520121}
[36m(CaseRunnerActor pid=28851)[0m INFO:P0:[run 0 iter 151] Process RSS:   1.45 GB | 
[36m(CaseRunnerActor pid=28851)[0m 2025-10-24 13:19:27 - INFO - [evaluate.py] - Boundary (0, 1): 919 points
[36m(CaseRunnerActor pid=28851)[0m INFO:evaluate:Boundary (0, 1): 919 points
[36m(CaseRunnerActor pid=28851)[0m 2025-10-24 13:19:27 - INFO - [evaluate.py] - Boundary (1, 2): 737 points
[36m(CaseRunnerActor pid=28851)[0m INFO:evaluate:Boundary (1, 2): 737 points
[36m(CaseRunnerActor pid=28851)[0m 2025-10-24 13:19:27 - INFO - [evaluate.py] - Evaluating boundary (0, 1)
[36m(CaseRunnerActor pid=28851)[0m INFO:evaluate:Evaluating boundary (0, 1)
[36m(CaseRunnerActor pid=28851)[0m 2025-10-24 13:19:47 - INFO - [evaluate.py] - Evaluating boundary (1, 2)
[36m(CaseRunnerActor pid=28851)[0m INFO:evaluate:Evaluating boundary (1, 2)
[36m(CaseRunnerActor pid=28851)[0m INFO:P0:[run 0], measurements: 158/206, expense: 8.94e+04
[36m(CaseRunnerActor pid=28851)[0m INFO:P0:[run 0], Boundary distances : {(0, 1): 130.44853232466, (1, 2): 33.8786919846098}
[36m(CaseRunnerActor pid=28851)[0m INFO:P0:[run 0 iter 152] Process RSS:   1.45 GB | 
[36m(CaseRunnerActor pid=28851)[0m 2025-10-24 13:20:41 - INFO - [evaluate.py] - Boundary (0, 1): 924 points
[36m(CaseRunnerActor pid=28851)[0m INFO:evaluate:Boundary (0, 1): 924 points
[36m(CaseRunnerActor pid=28851)[0m 2025-10-24 13:20:41 - INFO - [evaluate.py] - Boundary (1, 2): 737 points
[36m(CaseRunnerActor pid=28851)[0m INFO:evaluate:Boundary (1, 2): 737 points
[36m(CaseRunnerActor pid=28851)[0m 2025-10-24 13:20:41 - INFO - [evaluate.py] - Evaluating boundary (0, 1)
[36m(CaseRunnerActor pid=28851)[0m INFO:evaluate:Evaluating boundary (0, 1)
[36m(CaseRunnerActor pid=28851)[0m 2025-10-24 13:20:54 - INFO - [evaluate.py] - Evaluating boundary (1, 2)
[36m(CaseRunnerActor pid=28851)[0m INFO:evaluate:Evaluating boundary (1, 2)
[36m(CaseRunnerActor pid=28851)[0m INFO:P0:[run 0], measurements: 159/206, expense: 8.94e+04
[36m(CaseRunnerActor pid=28851)[0m INFO:P0:[run 0], Boundary distances : {(0, 1): 131.5229701592753, (1, 2): 33.8786919846098}
[36m(CaseRunnerActor pid=28851)[0m INFO:P0:[run 0 iter 153] Process RSS:   1.45 GB | 

[36m(CaseRunnerActor pid=28851)[0m [2025-10-24 12:32:31,029] [INFO] [run 0], measurements: 117/206, expense: 6.74e+04
[36m(CaseRunnerActor pid=28851)[0m [2025-10-24 12:32:31,029] [INFO] [run 0], Boundary distances : {(0, 1): 88.91355251628715, (1, 2): 23.27665112903538}
[36m(CaseRunnerActor pid=28851)[0m [2025-10-24 12:32:31,069] [INFO] [run 0 iter 111] Process RSS:   1.46 GB | 
[36m(CaseRunnerActor pid=28851)[0m [2025-10-24 12:33:32,566] [INFO] [run 0], measurements: 118/206, expense: 6.76e+04
[36m(CaseRunnerActor pid=28851)[0m [2025-10-24 12:33:32,566] [INFO] [run 0], Boundary distances : {(0, 1): 87.8974104304911, (1, 2): 20.063883830003178}
[36m(CaseRunnerActor pid=28851)[0m [2025-10-24 12:33:32,603] [INFO] [run 0 iter 112] Process RSS:   1.46 GB | 
[36m(CaseRunnerActor pid=28851)[0m [2025-10-24 12:34:35,929] [INFO] [run 0], measurements: 119/206, expense: 6.85e+04
[36m(CaseRunnerActor pid=28851)[0m [2025-10-24 12:34:35,929] [INFO] [run 0], Boundary distances : {(0, 1): 93.45510933183763, (1, 2): 22.484128604139364}
[36m(CaseRunnerActor pid=28851)[0m [2025-10-24 12:34:35,970] [INFO] [run 0 iter 113] Process RSS:   1.46 GB | 
[36m(CaseRunnerActor pid=28851)[0m [2025-10-24 12:35:47,440] [INFO] [run 0], measurements: 120/206, expense: 6.89e+04
[36m(CaseRunnerActor pid=28851)[0m [2025-10-24 12:35:47,441] [INFO] [run 0], Boundary distances : {(0, 1): 91.12656324685396, (1, 2): 22.23619541946984}
[36m(CaseRunnerActor pid=28851)[0m [2025-10-24 12:35:47,481] [INFO] [run 0 iter 114] Process RSS:   1.46 GB | 
[36m(CaseRunnerActor pid=28851)[0m [2025-10-24 12:36:58,871] [INFO] [run 0], measurements: 121/206, expense: 6.91e+04
[36m(CaseRunnerActor pid=28851)[0m [2025-10-24 12:36:58,871] [INFO] [run 0], Boundary distances : {(0, 1): 109.08564901176499, (1, 2): 23.265280483968734}
[36m(CaseRunnerActor pid=28851)[0m [2025-10-24 12:36:58,897] [INFO] [run 0 iter 115] Process RSS:   1.46 GB | 
[36m(CaseRunnerActor pid=28851)[0m [2025-10-24 12:38:00,754] [INFO] [run 0], measurements: 122/206, expense: 6.92e+04
[36m(CaseRunnerActor pid=28851)[0m [2025-10-24 12:38:00,754] [INFO] [run 0], Boundary distances : {(0, 1): 137.47863084773235, (1, 2): 23.265280483968734}
[36m(CaseRunnerActor pid=28851)[0m [2025-10-24 12:38:00,794] [INFO] [run 0 iter 116] Process RSS:   1.46 GB | 
[36m(CaseRunnerActor pid=28851)[0m [2025-10-24 12:39:08,118] [INFO] [run 0], measurements: 123/206, expense: 7.03e+04
[36m(CaseRunnerActor pid=28851)[0m [2025-10-24 12:39:08,118] [INFO] [run 0], Boundary distances : {(0, 1): 104.5250797244519, (1, 2): 23.69163010925586}
[36m(CaseRunnerActor pid=28851)[0m [2025-10-24 12:39:08,155] [INFO] [run 0 iter 117] Process RSS:   1.46 GB | 
[36m(CaseRunnerActor pid=28851)[0m [2025-10-24 12:40:09,047] [INFO] [run 0], measurements: 124/206, expense: 7.18e+04
[36m(CaseRunnerActor pid=28851)[0m [2025-10-24 12:40:09,047] [INFO] [run 0], Boundary distances : {(0, 1): 93.85037343766604, (1, 2): 28.43137567506442}
[36m(CaseRunnerActor pid=28851)[0m [2025-10-24 12:40:09,073] [INFO] [run 0 iter 118] Process RSS:   1.46 GB | 
[36m(CaseRunnerActor pid=28851)[0m [2025-10-24 12:41:12,149] [INFO] [run 0], measurements: 125/206, expense: 7.18e+04
[36m(CaseRunnerActor pid=28851)[0m [2025-10-24 12:41:12,149] [INFO] [run 0], Boundary distances : {(0, 1): 86.934075520795, (1, 2): 28.43137567506442}
[36m(CaseRunnerActor pid=28851)[0m [2025-10-24 12:41:12,183] [INFO] [run 0 iter 119] Process RSS:   1.46 GB | 
[36m(CaseRunnerActor pid=28851)[0m [2025-10-24 12:42:16,554] [INFO] [run 0], measurements: 126/206, expense: 7.25e+04
[36m(CaseRunnerActor pid=28851)[0m [2025-10-24 12:42:16,554] [INFO] [run 0], Boundary distances : {(0, 1): 88.91178445589406, (1, 2): 27.942977182622954}
[36m(CaseRunnerActor pid=28851)[0m [2025-10-24 12:42:16,581] [INFO] [run 0 iter 120] Process RSS:   1.46 GB | 
[36m(CaseRunnerActor pid=28851)[0m [2025-10-24 12:43:06,706] [INFO] [run 0], measurements: 127/206, expense: 7.33e+04
[36m(CaseRunnerActor pid=28851)[0m [2025-10-24 12:43:06,707] [INFO] [run 0], Boundary distances : {(0, 1): 91.54101506908648, (1, 2): 19.211321117266678}
[36m(CaseRunnerActor pid=28851)[0m [2025-10-24 12:43:06,742] [INFO] [run 0 iter 121] Process RSS:   1.46 GB | 
[36m(CaseRunnerActor pid=28851)[0m [2025-10-24 12:44:25,393] [INFO] [run 0], measurements: 128/206, expense: 7.43e+04
[36m(CaseRunnerActor pid=28851)[0m [2025-10-24 12:44:25,393] [INFO] [run 0], Boundary distances : {(0, 1): 89.91745181878136, (1, 2): 23.916314426238948}
[36m(CaseRunnerActor pid=28851)[0m [2025-10-24 12:44:25,426] [INFO] [run 0 iter 122] Process RSS:   1.46 GB | 
[36m(CaseRunnerActor pid=28851)[0m [2025-10-24 12:45:13,033] [INFO] [run 0], measurements: 129/206, expense: 7.50e+04
[36m(CaseRunnerActor pid=28851)[0m [2025-10-24 12:45:13,034] [INFO] [run 0], Boundary distances : {(0, 1): 89.22268948437285, (1, 2): 21.78064750455494}
[36m(CaseRunnerActor pid=28851)[0m [2025-10-24 12:45:13,068] [INFO] [run 0 iter 123] Process RSS:   1.46 GB | 
[36m(CaseRunnerActor pid=28851)[0m [2025-10-24 12:46:13,215] [INFO] [run 0], measurements: 130/206, expense: 7.54e+04
[36m(CaseRunnerActor pid=28851)[0m [2025-10-24 12:46:13,215] [INFO] [run 0], Boundary distances : {(0, 1): 88.95637422448601, (1, 2): 21.78064750455494}
[36m(CaseRunnerActor pid=28851)[0m [2025-10-24 12:46:13,243] [INFO] [run 0 iter 124] Process RSS:   1.46 GB | 
[36m(CaseRunnerActor pid=28851)[0m [2025-10-24 12:47:17,910] [INFO] [run 0], measurements: 131/206, expense: 7.63e+04
[36m(CaseRunnerActor pid=28851)[0m [2025-10-24 12:47:17,910] [INFO] [run 0], Boundary distances : {(0, 1): 87.67261614330073, (1, 2): 27.698617921913637}
[36m(CaseRunnerActor pid=28851)[0m [2025-10-24 12:47:17,940] [INFO] [run 0 iter 125] Process RSS:   1.45 GB | 
[36m(CaseRunnerActor pid=28851)[0m [2025-10-24 12:48:43,513] [INFO] [run 0], measurements: 132/206, expense: 7.63e+04
[36m(CaseRunnerActor pid=28851)[0m [2025-10-24 12:48:43,513] [INFO] [run 0], Boundary distances : {(0, 1): 99.72566252046082, (1, 2): 27.421459338552566}
[36m(CaseRunnerActor pid=28851)[0m [2025-10-24 12:48:43,545] [INFO] [run 0 iter 126] Process RSS:   1.45 GB | 
[36m(CaseRunnerActor pid=28851)[0m [2025-10-24 12:49:50,857] [INFO] [run 0], measurements: 133/206, expense: 7.64e+04
[36m(CaseRunnerActor pid=28851)[0m [2025-10-24 12:49:50,857] [INFO] [run 0], Boundary distances : {(0, 1): 100.61525848254846, (1, 2): 29.995182630412486}
[36m(CaseRunnerActor pid=28851)[0m [2025-10-24 12:49:50,891] [INFO] [run 0 iter 127] Process RSS:   1.44 GB | 
[36m(CaseRunnerActor pid=28851)[0m [2025-10-24 12:50:57,669] [INFO] [run 0], measurements: 134/206, expense: 7.71e+04
[36m(CaseRunnerActor pid=28851)[0m [2025-10-24 12:50:57,669] [INFO] [run 0], Boundary distances : {(0, 1): 113.28065200765855, (1, 2): 25.195255661602605}
[36m(CaseRunnerActor pid=28851)[0m [2025-10-24 12:50:57,711] [INFO] [run 0 iter 128] Process RSS:   1.45 GB | 
[36m(CaseRunnerActor pid=28851)[0m [2025-10-24 12:52:20,787] [INFO] [run 0], measurements: 135/206, expense: 7.78e+04
[36m(CaseRunnerActor pid=28851)[0m [2025-10-24 12:52:20,787] [INFO] [run 0], Boundary distances : {(0, 1): 97.18958583763933, (1, 2): 25.853718124404367}
[36m(CaseRunnerActor pid=28851)[0m [2025-10-24 12:52:20,821] [INFO] [run 0 iter 129] Process RSS:   1.45 GB | 
[36m(CaseRunnerActor pid=28851)[0m [2025-10-24 12:53:20,191] [INFO] [run 0], measurements: 136/206, expense: 7.83e+04
[36m(CaseRunnerActor pid=28851)[0m [2025-10-24 12:53:20,192] [INFO] [run 0], Boundary distances : {(0, 1): 96.1964957230668, (1, 2): 29.96656505604546}
[36m(CaseRunnerActor pid=28851)[0m [2025-10-24 12:53:20,234] [INFO] [run 0 iter 130] Process RSS:   1.41 GB | 
[36m(CaseRunnerActor pid=28851)[0m [2025-10-24 12:54:21,422] [INFO] [run 0], measurements: 137/206, expense: 7.87e+04
[36m(CaseRunnerActor pid=28851)[0m [2025-10-24 12:54:21,422] [INFO] [run 0], Boundary distances : {(0, 1): 99.60302459249243, (1, 2): 26.49493909943166}
[36m(CaseRunnerActor pid=28851)[0m [2025-10-24 12:54:21,464] [INFO] [run 0 iter 131] Process RSS:   1.45 GB | 
[36m(CaseRunnerActor pid=28851)[0m [2025-10-24 12:55:35,499] [INFO] [run 0], measurements: 138/206, expense: 8.01e+04[36m(CaseRunnerActor pid=28851)[0m 2025-10-24 13:21:51 - INFO - [evaluate.py] - Boundary (0, 1): 909 points
[36m(CaseRunnerActor pid=28851)[0m INFO:evaluate:Boundary (0, 1): 909 points
[36m(CaseRunnerActor pid=28851)[0m 2025-10-24 13:21:51 - INFO - [evaluate.py] - Boundary (1, 2): 735 points
[36m(CaseRunnerActor pid=28851)[0m INFO:evaluate:Boundary (1, 2): 735 points
[36m(CaseRunnerActor pid=28851)[0m 2025-10-24 13:21:51 - INFO - [evaluate.py] - Evaluating boundary (0, 1)
[36m(CaseRunnerActor pid=28851)[0m INFO:evaluate:Evaluating boundary (0, 1)
[36m(CaseRunnerActor pid=28851)[0m 2025-10-24 13:21:59 - INFO - [evaluate.py] - Evaluating boundary (1, 2)
[36m(CaseRunnerActor pid=28851)[0m INFO:evaluate:Evaluating boundary (1, 2)
[36m(CaseRunnerActor pid=28851)[0m INFO:P0:[run 0], measurements: 160/206, expense: 8.95e+04
[36m(CaseRunnerActor pid=28851)[0m INFO:P0:[run 0], Boundary distances : {(0, 1): 126.47899288083757, (1, 2): 28.86586640359561}
[36m(CaseRunnerActor pid=28851)[0m INFO:P0:[run 0 iter 154] Process RSS:   1.45 GB | 
[36m(CaseRunnerActor pid=28851)[0m 2025-10-24 13:23:02 - INFO - [evaluate.py] - Boundary (0, 1): 913 points
[36m(CaseRunnerActor pid=28851)[0m INFO:evaluate:Boundary (0, 1): 913 points
[36m(CaseRunnerActor pid=28851)[0m 2025-10-24 13:23:02 - INFO - [evaluate.py] - Boundary (1, 2): 736 points
[36m(CaseRunnerActor pid=28851)[0m INFO:evaluate:Boundary (1, 2): 736 points
[36m(CaseRunnerActor pid=28851)[0m 2025-10-24 13:23:02 - INFO - [evaluate.py] - Evaluating boundary (0, 1)
[36m(CaseRunnerActor pid=28851)[0m INFO:evaluate:Evaluating boundary (0, 1)
[36m(CaseRunnerActor pid=28851)[0m 2025-10-24 13:23:22 - INFO - [evaluate.py] - Evaluating boundary (1, 2)
[36m(CaseRunnerActor pid=28851)[0m INFO:evaluate:Evaluating boundary (1, 2)
[36m(CaseRunnerActor pid=28851)[0m INFO:P0:[run 0], measurements: 161/206, expense: 9.04e+04
[36m(CaseRunnerActor pid=28851)[0m INFO:P0:[run 0], Boundary distances : {(0, 1): 105.36886596710767, (1, 2): 28.851232634725257}
[36m(CaseRunnerActor pid=28851)[0m INFO:P0:[run 0 iter 155] Process RSS:   1.40 GB | 
[36m(CaseRunnerActor pid=28851)[0m 2025-10-24 13:24:28 - INFO - [evaluate.py] - Boundary (0, 1): 919 points
[36m(CaseRunnerActor pid=28851)[0m INFO:evaluate:Boundary (0, 1): 919 points
[36m(CaseRunnerActor pid=28851)[0m 2025-10-24 13:24:28 - INFO - [evaluate.py] - Boundary (1, 2): 733 points
[36m(CaseRunnerActor pid=28851)[0m INFO:evaluate:Boundary (1, 2): 733 points
[36m(CaseRunnerActor pid=28851)[0m 2025-10-24 13:24:28 - INFO - [evaluate.py] - Evaluating boundary (0, 1)
[36m(CaseRunnerActor pid=28851)[0m INFO:evaluate:Evaluating boundary (0, 1)
[36m(CaseRunnerActor pid=28851)[0m 2025-10-24 13:24:41 - INFO - [evaluate.py] - Evaluating boundary (1, 2)
[36m(CaseRunnerActor pid=28851)[0m INFO:evaluate:Evaluating boundary (1, 2)
[36m(CaseRunnerActor pid=28851)[0m INFO:P0:[run 0], measurements: 162/206, expense: 9.12e+04
[36m(CaseRunnerActor pid=28851)[0m INFO:P0:[run 0], Boundary distances : {(0, 1): 87.86408969660616, (1, 2): 26.661538364608667}
[36m(CaseRunnerActor pid=28851)[0m INFO:P0:[run 0 iter 156] Process RSS:   1.45 GB | 
[36m(CaseRunnerActor pid=28851)[0m 2025-10-24 13:25:37 - INFO - [evaluate.py] - Boundary (0, 1): 918 points
[36m(CaseRunnerActor pid=28851)[0m INFO:evaluate:Boundary (0, 1): 918 points
[36m(CaseRunnerActor pid=28851)[0m 2025-10-24 13:25:37 - INFO - [evaluate.py] - Boundary (1, 2): 712 points
[36m(CaseRunnerActor pid=28851)[0m INFO:evaluate:Boundary (1, 2): 712 points
[36m(CaseRunnerActor pid=28851)[0m 2025-10-24 13:25:37 - INFO - [evaluate.py] - Evaluating boundary (0, 1)
[36m(CaseRunnerActor pid=28851)[0m INFO:evaluate:Evaluating boundary (0, 1)
[36m(CaseRunnerActor pid=28851)[0m 2025-10-24 13:26:00 - INFO - [evaluate.py] - Evaluating boundary (1, 2)
[36m(CaseRunnerActor pid=28851)[0m INFO:evaluate:Evaluating boundary (1, 2)
[36m(CaseRunnerActor pid=28851)[0m INFO:P0:[run 0], measurements: 163/206, expense: 9.16e+04
[36m(CaseRunnerActor pid=28851)[0m INFO:P0:[run 0], Boundary distances : {(0, 1): 88.22546885110395, (1, 2): 26.97277297390046}
[36m(CaseRunnerActor pid=28851)[0m INFO:P0:[run 0 iter 157] Process RSS:   1.45 GB | 
[36m(CaseRunnerActor pid=28851)[0m 2025-10-24 13:27:00 - INFO - [evaluate.py] - Boundary (0, 1): 918 points
[36m(CaseRunnerActor pid=28851)[0m INFO:evaluate:Boundary (0, 1): 918 points
[36m(CaseRunnerActor pid=28851)[0m 2025-10-24 13:27:00 - INFO - [evaluate.py] - Boundary (1, 2): 741 points
[36m(CaseRunnerActor pid=28851)[0m INFO:evaluate:Boundary (1, 2): 741 points
[36m(CaseRunnerActor pid=28851)[0m 2025-10-24 13:27:00 - INFO - [evaluate.py] - Evaluating boundary (0, 1)
[36m(CaseRunnerActor pid=28851)[0m INFO:evaluate:Evaluating boundary (0, 1)
[36m(CaseRunnerActor pid=28851)[0m 2025-10-24 13:27:17 - INFO - [evaluate.py] - Evaluating boundary (1, 2)
[36m(CaseRunnerActor pid=28851)[0m INFO:evaluate:Evaluating boundary (1, 2)
[36m(CaseRunnerActor pid=28851)[0m INFO:P0:[run 0], measurements: 164/206, expense: 9.18e+04
[36m(CaseRunnerActor pid=28851)[0m INFO:P0:[run 0], Boundary distances : {(0, 1): 87.62983772123947, (1, 2): 29.407354654361693}
[36m(CaseRunnerActor pid=28851)[0m INFO:P0:[run 0 iter 158] Process RSS:   1.45 GB | 
[36m(CaseRunnerActor pid=28851)[0m 2025-10-24 13:28:22 - INFO - [evaluate.py] - Boundary (0, 1): 919 points
[36m(CaseRunnerActor pid=28851)[0m INFO:evaluate:Boundary (0, 1): 919 points
[36m(CaseRunnerActor pid=28851)[0m 2025-10-24 13:28:22 - INFO - [evaluate.py] - Boundary (1, 2): 713 points
[36m(CaseRunnerActor pid=28851)[0m INFO:evaluate:Boundary (1, 2): 713 points
[36m(CaseRunnerActor pid=28851)[0m 2025-10-24 13:28:22 - INFO - [evaluate.py] - Evaluating boundary (0, 1)
[36m(CaseRunnerActor pid=28851)[0m INFO:evaluate:Evaluating boundary (0, 1)
[36m(CaseRunnerActor pid=28851)[0m 2025-10-24 13:28:32 - INFO - [evaluate.py] - Evaluating boundary (1, 2)
[36m(CaseRunnerActor pid=28851)[0m INFO:evaluate:Evaluating boundary (1, 2)
[36m(CaseRunnerActor pid=28851)[0m INFO:P0:[run 0], measurements: 165/206, expense: 9.28e+04
[36m(CaseRunnerActor pid=28851)[0m INFO:P0:[run 0], Boundary distances : {(0, 1): 90.30950408060914, (1, 2): 27.244746264776808}
[36m(CaseRunnerActor pid=28851)[0m INFO:P0:[run 0 iter 159] Process RSS:   1.45 GB | 
[36m(CaseRunnerActor pid=28851)[0m 2025-10-24 13:29:39 - INFO - [evaluate.py] - Boundary (0, 1): 919 points
[36m(CaseRunnerActor pid=28851)[0m INFO:evaluate:Boundary (0, 1): 919 points
[36m(CaseRunnerActor pid=28851)[0m 2025-10-24 13:29:39 - INFO - [evaluate.py] - Boundary (1, 2): 735 points
[36m(CaseRunnerActor pid=28851)[0m INFO:evaluate:Boundary (1, 2): 735 points
[36m(CaseRunnerActor pid=28851)[0m 2025-10-24 13:29:39 - INFO - [evaluate.py] - Evaluating boundary (0, 1)
[36m(CaseRunnerActor pid=28851)[0m INFO:evaluate:Evaluating boundary (0, 1)
[36m(CaseRunnerActor pid=28851)[0m 2025-10-24 13:29:58 - INFO - [evaluate.py] - Evaluating boundary (1, 2)
[36m(CaseRunnerActor pid=28851)[0m INFO:evaluate:Evaluating boundary (1, 2)
[36m(CaseRunnerActor pid=28851)[0m INFO:P0:[run 0], measurements: 166/206, expense: 9.32e+04
[36m(CaseRunnerActor pid=28851)[0m INFO:P0:[run 0], Boundary distances : {(0, 1): 89.46802123709381, (1, 2): 26.60789974589246}
[36m(CaseRunnerActor pid=28851)[0m INFO:P0:[run 0 iter 160] Process RSS:   1.44 GB | 
[36m(CaseRunnerActor pid=28851)[0m 2025-10-24 13:31:07 - INFO - [evaluate.py] - Boundary (0, 1): 919 points
[36m(CaseRunnerActor pid=28851)[0m INFO:evaluate:Boundary (0, 1): 919 points
[36m(CaseRunnerActor pid=28851)[0m 2025-10-24 13:31:07 - INFO - [evaluate.py] - Boundary (1, 2): 745 points
[36m(CaseRunnerActor pid=28851)[0m INFO:evaluate:Boundary (1, 2): 745 points
[36m(CaseRunnerActor pid=28851)[0m 2025-10-24 13:31:07 - INFO - [evaluate.py] - Evaluating boundary (0, 1)
[36m(CaseRunnerActor pid=28851)[0m INFO:evaluate:Evaluating boundary (0, 1)
[36m(CaseRunnerActor pid=28851)[0m 2025-10-24 13:31:21 - INFO - [evaluate.py] - Evaluating boundary (1, 2)
[36m(CaseRunnerActor pid=28851)[0m INFO:evaluate:Evaluating boundary (1, 2)
[36m(CaseRunnerActor pid=28851)[0m INFO:P0:[run 0], measurements: 167/206, expense: 9.33e+04
[36m(CaseRunnerActor pid=28851)[0m INFO:P0:[run 0], Boundary distances : {(0, 1): 89.80525901421257, (1, 2): 27.13540387229542}
[36m(CaseRunnerActor pid=28851)[0m INFO:P0:[run 0 iter 161] Process RSS:   1.45 GB | 
[36m(CaseRunnerActor pid=28851)[0m 2025-10-24 13:32:26 - INFO - [evaluate.py] - Boundary (0, 1): 924 points
[36m(CaseRunnerActor pid=28851)[0m INFO:evaluate:Boundary (0, 1): 924 points
[36m(CaseRunnerActor pid=28851)[0m 2025-10-24 13:32:26 - INFO - [evaluate.py] - Boundary (1, 2): 730 points
[36m(CaseRunnerActor pid=28851)[0m INFO:evaluate:Boundary (1, 2): 730 points
[36m(CaseRunnerActor pid=28851)[0m 2025-10-24 13:32:26 - INFO - [evaluate.py] - Evaluating boundary (0, 1)
[36m(CaseRunnerActor pid=28851)[0m INFO:evaluate:Evaluating boundary (0, 1)
[36m(CaseRunnerActor pid=28851)[0m 2025-10-24 13:32:39 - INFO - [evaluate.py] - Evaluating boundary (1, 2)
[36m(CaseRunnerActor pid=28851)[0m INFO:evaluate:Evaluating boundary (1, 2)
[36m(CaseRunnerActor pid=28851)[0m INFO:P0:[run 0], measurements: 168/206, expense: 9.39e+04
[36m(CaseRunnerActor pid=28851)[0m INFO:P0:[run 0], Boundary distances : {(0, 1): 87.6191312974557, (1, 2): 23.225630587075734}
[36m(CaseRunnerActor pid=28851)[0m INFO:P0:[run 0 iter 162] Process RSS:   1.31 GB | 
[36m(CaseRunnerActor pid=28851)[0m 2025-10-24 13:33:43 - INFO - [evaluate.py] - Boundary (0, 1): 934 points
[36m(CaseRunnerActor pid=28851)[0m INFO:evaluate:Boundary (0, 1): 934 points
[36m(CaseRunnerActor pid=28851)[0m 2025-10-24 13:33:43 - INFO - [evaluate.py] - Boundary (1, 2): 730 points
[36m(CaseRunnerActor pid=28851)[0m INFO:evaluate:Boundary (1, 2): 730 points
[36m(CaseRunnerActor pid=28851)[0m 2025-10-24 13:33:43 - INFO - [evaluate.py] - Evaluating boundary (0, 1)
[36m(CaseRunnerActor pid=28851)[0m INFO:evaluate:Evaluating boundary (0, 1)
[36m(CaseRunnerActor pid=28851)[0m 2025-10-24 13:34:02 - INFO - [evaluate.py] - Evaluating boundary (1, 2)
[36m(CaseRunnerActor pid=28851)[0m INFO:evaluate:Evaluating boundary (1, 2)
[36m(CaseRunnerActor pid=28851)[0m INFO:P0:[run 0], measurements: 169/206, expense: 9.43e+04
[36m(CaseRunnerActor pid=28851)[0m INFO:P0:[run 0], Boundary distances : {(0, 1): 84.8806984795566, (1, 2): 23.350365425994404}
[36m(CaseRunnerActor pid=28851)[0m INFO:P0:[run 0 iter 163] Process RSS:   1.45 GB | 
[36m(CaseRunnerActor pid=28851)[0m 2025-10-24 13:35:24 - INFO - [evaluate.py] - Boundary (0, 1): 938 points
[36m(CaseRunnerActor pid=28851)[0m INFO:evaluate:Boundary (0, 1): 938 points
[36m(CaseRunnerActor pid=28851)[0m 2025-10-24 13:35:24 - INFO - [evaluate.py] - Boundary (1, 2): 736 points
[36m(CaseRunnerActor pid=28851)[0m INFO:evaluate:Boundary (1, 2): 736 points
[36m(CaseRunnerActor pid=28851)[0m 2025-10-24 13:35:24 - INFO - [evaluate.py] - Evaluating boundary (0, 1)
[36m(CaseRunnerActor pid=28851)[0m INFO:evaluate:Evaluating boundary (0, 1)
[36m(CaseRunnerActor pid=28851)[0m 2025-10-24 13:35:33 - INFO - [evaluate.py] - Evaluating boundary (1, 2)
[36m(CaseRunnerActor pid=28851)[0m INFO:evaluate:Evaluating boundary (1, 2)
[36m(CaseRunnerActor pid=28851)[0m INFO:P0:[run 0], measurements: 170/206, expense: 9.44e+04
[36m(CaseRunnerActor pid=28851)[0m INFO:P0:[run 0], Boundary distances : {(0, 1): 86.63117877052267, (1, 2): 29.60383166647623}
[36m(CaseRunnerActor pid=28851)[0m INFO:P0:[run 0 iter 164] Process RSS:   1.45 GB | 
[36m(CaseRunnerActor pid=28851)[0m 2025-10-24 13:36:42 - INFO - [evaluate.py] - Boundary (0, 1): 937 points
[36m(CaseRunnerActor pid=28851)[0m INFO:evaluate:Boundary (0, 1): 937 points
[36m(CaseRunnerActor pid=28851)[0m 2025-10-24 13:36:42 - INFO - [evaluate.py] - Boundary (1, 2): 725 points
[36m(CaseRunnerActor pid=28851)[0m INFO:evaluate:Boundary (1, 2): 725 points
[36m(CaseRunnerActor pid=28851)[0m 2025-10-24 13:36:42 - INFO - [evaluate.py] - Evaluating boundary (0, 1)
[36m(CaseRunnerActor pid=28851)[0m INFO:evaluate:Evaluating boundary (0, 1)
[36m(CaseRunnerActor pid=28851)[0m 2025-10-24 13:37:06 - INFO - [evaluate.py] - Evaluating boundary (1, 2)
[36m(CaseRunnerActor pid=28851)[0m INFO:evaluate:Evaluating boundary (1, 2)
[36m(CaseRunnerActor pid=28851)[0m INFO:P0:[run 0], measurements: 171/206, expense: 9.48e+04
[36m(CaseRunnerActor pid=28851)[0m INFO:P0:[run 0], Boundary distances : {(0, 1): 82.20863743064184, (1, 2): 26.428904864032987}
[36m(CaseRunnerActor pid=28851)[0m INFO:P0:[run 0 iter 165] Process RSS:   1.45 GB | 
[36m(CaseRunnerActor pid=28851)[0m 2025-10-24 13:38:05 - INFO - [evaluate.py] - Boundary (0, 1): 945 points
[36m(CaseRunnerActor pid=28851)[0m INFO:evaluate:Boundary (0, 1): 945 points
[36m(CaseRunnerActor pid=28851)[0m 2025-10-24 13:38:05 - INFO - [evaluate.py] - Boundary (1, 2): 734 points
[36m(CaseRunnerActor pid=28851)[0m INFO:evaluate:Boundary (1, 2): 734 points
[36m(CaseRunnerActor pid=28851)[0m 2025-10-24 13:38:05 - INFO - [evaluate.py] - Evaluating boundary (0, 1)
[36m(CaseRunnerActor pid=28851)[0m INFO:evaluate:Evaluating boundary (0, 1)
[36m(CaseRunnerActor pid=28851)[0m 2025-10-24 13:38:20 - INFO - [evaluate.py] - Evaluating boundary (1, 2)
[36m(CaseRunnerActor pid=28851)[0m INFO:evaluate:Evaluating boundary (1, 2)
[36m(CaseRunnerActor pid=28851)[0m INFO:P0:[run 0], measurements: 172/206, expense: 9.52e+04
[36m(CaseRunnerActor pid=28851)[0m INFO:P0:[run 0], Boundary distances : {(0, 1): 84.73091738543462, (1, 2): 27.18782020001526}
[36m(CaseRunnerActor pid=28851)[0m INFO:P0:[run 0 iter 166] Process RSS:   1.44 GB | 
[36m(CaseRunnerActor pid=28851)[0m 2025-10-24 13:39:33 - INFO - [evaluate.py] - Boundary (0, 1): 940 points
[36m(CaseRunnerActor pid=28851)[0m INFO:evaluate:Boundary (0, 1): 940 points
[36m(CaseRunnerActor pid=28851)[0m 2025-10-24 13:39:33 - INFO - [evaluate.py] - Boundary (1, 2): 760 points
[36m(CaseRunnerActor pid=28851)[0m INFO:evaluate:Boundary (1, 2): 760 points
[36m(CaseRunnerActor pid=28851)[0m 2025-10-24 13:39:33 - INFO - [evaluate.py] - Evaluating boundary (0, 1)
[36m(CaseRunnerActor pid=28851)[0m INFO:evaluate:Evaluating boundary (0, 1)
[36m(CaseRunnerActor pid=28851)[0m 2025-10-24 13:39:42 - INFO - [evaluate.py] - Evaluating boundary (1, 2)
[36m(CaseRunnerActor pid=28851)[0m INFO:evaluate:Evaluating boundary (1, 2)
[36m(CaseRunnerActor pid=28851)[0m INFO:P0:[run 0], measurements: 173/206, expense: 9.67e+04
[36m(CaseRunnerActor pid=28851)[0m INFO:P0:[run 0], Boundary distances : {(0, 1): 83.0722603618089, (1, 2): 33.431995875214184}
[36m(CaseRunnerActor pid=28851)[0m INFO:P0:[run 0 iter 167] Process RSS:   1.44 GB | 
[36m(CaseRunnerActor pid=28851)[0m 2025-10-24 13:40:48 - INFO - [evaluate.py] - Boundary (0, 1): 920 points
[36m(CaseRunnerActor pid=28851)[0m INFO:evaluate:Boundary (0, 1): 920 points
[36m(CaseRunnerActor pid=28851)[0m 2025-10-24 13:40:48 - INFO - [evaluate.py] - Boundary (1, 2): 760 points
[36m(CaseRunnerActor pid=28851)[0m INFO:evaluate:Boundary (1, 2): 760 points
[36m(CaseRunnerActor pid=28851)[0m 2025-10-24 13:40:48 - INFO - [evaluate.py] - Evaluating boundary (0, 1)
[36m(CaseRunnerActor pid=28851)[0m INFO:evaluate:Evaluating boundary (0, 1)
[36m(CaseRunnerActor pid=28851)[0m 2025-10-24 13:41:08 - INFO - [evaluate.py] - Evaluating boundary (1, 2)
[36m(CaseRunnerActor pid=28851)[0m INFO:evaluate:Evaluating boundary (1, 2)
[36m(CaseRunnerActor pid=28851)[0m INFO:P0:[run 0], measurements: 174/206, expense: 9.75e+04
[36m(CaseRunnerActor pid=28851)[0m INFO:P0:[run 0], Boundary distances : {(0, 1): 85.98684106669003, (1, 2): 33.922132183886184}
[36m(CaseRunnerActor pid=28851)[0m INFO:P0:[run 0 iter 168] Process RSS:   1.44 GB | 
[36m(CaseRunnerActor pid=28851)[0m 2025-10-24 13:42:03 - INFO - [evaluate.py] - Boundary (0, 1): 916 points
[36m(CaseRunnerActor pid=28851)[0m INFO:evaluate:Boundary (0, 1): 916 points
[36m(CaseRunnerActor pid=28851)[0m 2025-10-24 13:42:03 - INFO - [evaluate.py] - Boundary (1, 2): 764 points
[36m(CaseRunnerActor pid=28851)[0m INFO:evaluate:Boundary (1, 2): 764 points
[36m(CaseRunnerActor pid=28851)[0m 2025-10-24 13:42:03 - INFO - [evaluate.py] - Evaluating boundary (0, 1)
[36m(CaseRunnerActor pid=28851)[0m INFO:evaluate:Evaluating boundary (0, 1)
[36m(CaseRunnerActor pid=28851)[0m 2025-10-24 13:42:29 - INFO - [evaluate.py] - Evaluating boundary (1, 2)
[36m(CaseRunnerActor pid=28851)[0m INFO:evaluate:Evaluating boundary (1, 2)
[36m(CaseRunnerActor pid=28851)[0m INFO:P0:[run 0], measurements: 175/206, expense: 9.75e+04
[36m(CaseRunnerActor pid=28851)[0m INFO:P0:[run 0], Boundary distances : {(0, 1): 118.09908870435777, (1, 2): 31.957074439166284}
[36m(CaseRunnerActor pid=28851)[0m INFO:P0:[run 0 iter 169] Process RSS:   1.45 GB | 
[36m(CaseRunnerActor pid=28851)[0m 2025-10-24 13:43:48 - INFO - [evaluate.py] - Boundary (0, 1): 917 points
[36m(CaseRunnerActor pid=28851)[0m INFO:evaluate:Boundary (0, 1): 917 points
[36m(CaseRunnerActor pid=28851)[0m 2025-10-24 13:43:48 - INFO - [evaluate.py] - Boundary (1, 2): 760 points
[36m(CaseRunnerActor pid=28851)[0m INFO:evaluate:Boundary (1, 2): 760 points
[36m(CaseRunnerActor pid=28851)[0m 2025-10-24 13:43:48 - INFO - [evaluate.py] - Evaluating boundary (0, 1)
[36m(CaseRunnerActor pid=28851)[0m INFO:evaluate:Evaluating boundary (0, 1)
[36m(CaseRunnerActor pid=28851)[0m 2025-10-24 13:44:00 - INFO - [evaluate.py] - Evaluating boundary (1, 2)
[36m(CaseRunnerActor pid=28851)[0m INFO:evaluate:Evaluating boundary (1, 2)
[36m(CaseRunnerActor pid=28851)[0m INFO:P0:[run 0], measurements: 176/206, expense: 9.84e+04
[36m(CaseRunnerActor pid=28851)[0m INFO:P0:[run 0], Boundary distances : {(0, 1): 84.05658925134433, (1, 2): 33.431995875214184}
[36m(CaseRunnerActor pid=28851)[0m INFO:P0:[run 0 iter 170] Process RSS:   1.44 GB | 
[36m(CaseRunnerActor pid=28851)[0m 2025-10-24 13:45:03 - INFO - [evaluate.py] - Boundary (0, 1): 917 points
[36m(CaseRunnerActor pid=28851)[0m INFO:evaluate:Boundary (0, 1): 917 points
[36m(CaseRunnerActor pid=28851)[0m 2025-10-24 13:45:03 - INFO - [evaluate.py] - Boundary (1, 2): 796 points
[36m(CaseRunnerActor pid=28851)[0m INFO:evaluate:Boundary (1, 2): 796 points
[36m(CaseRunnerActor pid=28851)[0m 2025-10-24 13:45:03 - INFO - [evaluate.py] - Evaluating boundary (0, 1)
[36m(CaseRunnerActor pid=28851)[0m INFO:evaluate:Evaluating boundary (0, 1)
[36m(CaseRunnerActor pid=28851)[0m 2025-10-24 13:45:16 - INFO - [evaluate.py] - Evaluating boundary (1, 2)
[36m(CaseRunnerActor pid=28851)[0m INFO:evaluate:Evaluating boundary (1, 2)
[36m(CaseRunnerActor pid=28851)[0m INFO:P0:[run 0], measurements: 177/206, expense: 9.89e+04
[36m(CaseRunnerActor pid=28851)[0m INFO:P0:[run 0], Boundary distances : {(0, 1): 85.93818750093413, (1, 2): 33.16142577855998}
[36m(CaseRunnerActor pid=28851)[0m INFO:P0:[run 0 iter 171] Process RSS:   1.43 GB | 
[36m(CaseRunnerActor pid=28851)[0m 2025-10-24 13:46:21 - INFO - [evaluate.py] - Boundary (0, 1): 934 points
[36m(CaseRunnerActor pid=28851)[0m INFO:evaluate:Boundary (0, 1): 934 points
[36m(CaseRunnerActor pid=28851)[0m 2025-10-24 13:46:21 - INFO - [evaluate.py] - Boundary (1, 2): 796 points
[36m(CaseRunnerActor pid=28851)[0m INFO:evaluate:Boundary (1, 2): 796 points
[36m(CaseRunnerActor pid=28851)[0m 2025-10-24 13:46:21 - INFO - [evaluate.py] - Evaluating boundary (0, 1)
[36m(CaseRunnerActor pid=28851)[0m INFO:evaluate:Evaluating boundary (0, 1)
[36m(CaseRunnerActor pid=28851)[0m 2025-10-24 13:46:31 - INFO - [evaluate.py] - Evaluating boundary (1, 2)
[36m(CaseRunnerActor pid=28851)[0m INFO:evaluate:Evaluating boundary (1, 2)
[36m(CaseRunnerActor pid=28851)[0m INFO:P0:[run 0], measurements: 178/206, expense: 1.00e+05
[36m(CaseRunnerActor pid=28851)[0m INFO:P0:[run 0], Boundary distances : {(0, 1): 91.91677872628928, (1, 2): 33.16142577855998}
[36m(CaseRunnerActor pid=28851)[0m INFO:P0:[run 0 iter 172] Process RSS:   1.45 GB | 
[36m(CaseRunnerActor pid=28851)[0m 2025-10-24 13:47:32 - INFO - [evaluate.py] - Boundary (0, 1): 931 points
[36m(CaseRunnerActor pid=28851)[0m INFO:evaluate:Boundary (0, 1): 931 points
[36m(CaseRunnerActor pid=28851)[0m 2025-10-24 13:47:32 - INFO - [evaluate.py] - Boundary (1, 2): 768 points
[36m(CaseRunnerActor pid=28851)[0m INFO:evaluate:Boundary (1, 2): 768 points
[36m(CaseRunnerActor pid=28851)[0m 2025-10-24 13:47:32 - INFO - [evaluate.py] - Evaluating boundary (0, 1)
[36m(CaseRunnerActor pid=28851)[0m INFO:evaluate:Evaluating boundary (0, 1)
[36m(CaseRunnerActor pid=28851)[0m 2025-10-24 13:47:48 - INFO - [evaluate.py] - Evaluating boundary (1, 2)
[36m(CaseRunnerActor pid=28851)[0m INFO:evaluate:Evaluating boundary (1, 2)
[36m(CaseRunnerActor pid=28851)[0m INFO:P0:[run 0], measurements: 179/206, expense: 1.00e+05
[36m(CaseRunnerActor pid=28851)[0m INFO:P0:[run 0], Boundary distances : {(0, 1): 93.40017724289568, (1, 2): 27.817092060181935}
[36m(CaseRunnerActor pid=28851)[0m INFO:P0:[run 0 iter 173] Process RSS:   1.44 GB | 
[36m(CaseRunnerActor pid=28851)[0m 2025-10-24 13:48:55 - INFO - [evaluate.py] - Boundary (0, 1): 929 points
[36m(CaseRunnerActor pid=28851)[0m INFO:evaluate:Boundary (0, 1): 929 points
[36m(CaseRunnerActor pid=28851)[0m 2025-10-24 13:48:55 - INFO - [evaluate.py] - Boundary (1, 2): 752 points
[36m(CaseRunnerActor pid=28851)[0m INFO:evaluate:Boundary (1, 2): 752 points
[36m(CaseRunnerActor pid=28851)[0m 2025-10-24 13:48:55 - INFO - [evaluate.py] - Evaluating boundary (0, 1)
[36m(CaseRunnerActor pid=28851)[0m INFO:evaluate:Evaluating boundary (0, 1)
[36m(CaseRunnerActor pid=28851)[0m 2025-10-24 13:49:08 - INFO - [evaluate.py] - Evaluating boundary (1, 2)
[36m(CaseRunnerActor pid=28851)[0m INFO:evaluate:Evaluating boundary (1, 2)
[36m(CaseRunnerActor pid=28851)[0m INFO:P0:[run 0], measurements: 180/206, expense: 1.01e+05
[36m(CaseRunnerActor pid=28851)[0m INFO:P0:[run 0], Boundary distances : {(0, 1): 94.15066812010036, (1, 2): 27.115590115185235}
[36m(CaseRunnerActor pid=28851)[0m INFO:P0:[run 0 iter 174] Process RSS:   1.44 GB | 

[36m(CaseRunnerActor pid=28851)[0m [2025-10-24 12:55:35,499] [INFO] [run 0], Boundary distances : {(0, 1): 100.58950458798994, (1, 2): 30.5104839057177}
[36m(CaseRunnerActor pid=28851)[0m [2025-10-24 12:55:35,533] [INFO] [run 0 iter 132] Process RSS:   1.45 GB | 
[36m(CaseRunnerActor pid=28851)[0m [2025-10-24 12:56:33,785] [INFO] [run 0], measurements: 139/206, expense: 8.02e+04
[36m(CaseRunnerActor pid=28851)[0m [2025-10-24 12:56:33,786] [INFO] [run 0], Boundary distances : {(0, 1): 89.59505370072128, (1, 2): 27.274299964214528}
[36m(CaseRunnerActor pid=28851)[0m [2025-10-24 12:56:33,822] [INFO] [run 0 iter 133] Process RSS:   1.45 GB | 
[36m(CaseRunnerActor pid=28851)[0m [2025-10-24 12:57:38,014] [INFO] [run 0], measurements: 140/206, expense: 8.11e+04
[36m(CaseRunnerActor pid=28851)[0m [2025-10-24 12:57:38,014] [INFO] [run 0], Boundary distances : {(0, 1): 94.14829734748682, (1, 2): 26.00249492562127}
[36m(CaseRunnerActor pid=28851)[0m [2025-10-24 12:57:38,052] [INFO] [run 0 iter 134] Process RSS:   1.41 GB | 
[36m(CaseRunnerActor pid=28851)[0m [2025-10-24 12:58:47,896] [INFO] [run 0], measurements: 141/206, expense: 8.20e+04
[36m(CaseRunnerActor pid=28851)[0m [2025-10-24 12:58:47,896] [INFO] [run 0], Boundary distances : {(0, 1): 93.52635457026118, (1, 2): 28.543299805828525}
[36m(CaseRunnerActor pid=28851)[0m [2025-10-24 12:58:47,953] [INFO] [run 0 iter 135] Process RSS:   1.45 GB | 
[36m(CaseRunnerActor pid=28851)[0m [2025-10-24 12:59:52,110] [INFO] [run 0], measurements: 142/206, expense: 8.25e+04
[36m(CaseRunnerActor pid=28851)[0m [2025-10-24 12:59:52,111] [INFO] [run 0], Boundary distances : {(0, 1): 92.61144772817313, (1, 2): 30.735746327150125}
[36m(CaseRunnerActor pid=28851)[0m [2025-10-24 12:59:52,166] [INFO] [run 0 iter 136] Process RSS:   1.45 GB | 
[36m(CaseRunnerActor pid=28851)[0m [2025-10-24 13:01:07,728] [INFO] [run 0], measurements: 143/206, expense: 8.28e+04
[36m(CaseRunnerActor pid=28851)[0m [2025-10-24 13:01:07,728] [INFO] [run 0], Boundary distances : {(0, 1): 85.57427315767286, (1, 2): 30.13127688557309}
[36m(CaseRunnerActor pid=28851)[0m [2025-10-24 13:01:07,780] [INFO] [run 0 iter 137] Process RSS:   1.45 GB | 
[36m(CaseRunnerActor pid=28851)[0m [2025-10-24 13:02:30,348] [INFO] [run 0], measurements: 144/206, expense: 8.30e+04
[36m(CaseRunnerActor pid=28851)[0m [2025-10-24 13:02:30,348] [INFO] [run 0], Boundary distances : {(0, 1): 81.38488047959717, (1, 2): 30.735746327150125}
[36m(CaseRunnerActor pid=28851)[0m [2025-10-24 13:02:30,384] [INFO] [run 0 iter 138] Process RSS:   1.45 GB | 
[36m(CaseRunnerActor pid=28851)[0m [2025-10-24 13:03:47,429] [INFO] [run 0], measurements: 145/206, expense: 8.31e+04
[36m(CaseRunnerActor pid=28851)[0m [2025-10-24 13:03:47,429] [INFO] [run 0], Boundary distances : {(0, 1): 87.60545643208941, (1, 2): 30.13127688557309}
[36m(CaseRunnerActor pid=28851)[0m [2025-10-24 13:03:47,469] [INFO] [run 0 iter 139] Process RSS:   1.45 GB | 
[36m(CaseRunnerActor pid=28851)[0m [2025-10-24 13:04:49,580] [INFO] [run 0], measurements: 146/206, expense: 8.33e+04
[36m(CaseRunnerActor pid=28851)[0m [2025-10-24 13:04:49,580] [INFO] [run 0], Boundary distances : {(0, 1): 90.98624381072875, (1, 2): 30.15865398782676}
[36m(CaseRunnerActor pid=28851)[0m [2025-10-24 13:04:49,615] [INFO] [run 0 iter 140] Process RSS:   1.45 GB | 
[36m(CaseRunnerActor pid=28851)[0m [2025-10-24 13:05:55,741] [INFO] [run 0], measurements: 147/206, expense: 8.34e+04
[36m(CaseRunnerActor pid=28851)[0m [2025-10-24 13:05:55,741] [INFO] [run 0], Boundary distances : {(0, 1): 101.39014804727792, (1, 2): 30.765861808441052}
[36m(CaseRunnerActor pid=28851)[0m [2025-10-24 13:05:55,795] [INFO] [run 0 iter 141] Process RSS:   1.45 GB | 
[36m(CaseRunnerActor pid=28851)[0m [2025-10-24 13:07:01,893] [INFO] [run 0], measurements: 148/206, expense: 8.42e+04
[36m(CaseRunnerActor pid=28851)[0m [2025-10-24 13:07:01,893] [INFO] [run 0], Boundary distances : {(0, 1): 91.6799689198703, (1, 2): 30.765861808441052}
[36m(CaseRunnerActor pid=28851)[0m [2025-10-24 13:07:01,948] [INFO] [run 0 iter 142] Process RSS:   1.45 GB | 
[36m(CaseRunnerActor pid=28851)[0m [2025-10-24 13:08:06,469] [INFO] [run 0], measurements: 149/206, expense: 8.51e+04
[36m(CaseRunnerActor pid=28851)[0m [2025-10-24 13:08:06,469] [INFO] [run 0], Boundary distances : {(0, 1): 91.69356613927965, (1, 2): 28.434690603049333}
[36m(CaseRunnerActor pid=28851)[0m [2025-10-24 13:08:06,520] [INFO] [run 0 iter 143] Process RSS:   1.45 GB | 
[36m(CaseRunnerActor pid=28851)[0m [2025-10-24 13:09:26,054] [INFO] [run 0], measurements: 150/206, expense: 8.59e+04
[36m(CaseRunnerActor pid=28851)[0m [2025-10-24 13:09:26,054] [INFO] [run 0], Boundary distances : {(0, 1): 104.91678245341157, (1, 2): 28.434690603049333}
[36m(CaseRunnerActor pid=28851)[0m [2025-10-24 13:09:26,084] [INFO] [run 0 iter 144] Process RSS:   1.45 GB | 
[36m(CaseRunnerActor pid=28851)[0m [2025-10-24 13:10:44,770] [INFO] [run 0], measurements: 151/206, expense: 8.64e+04
[36m(CaseRunnerActor pid=28851)[0m [2025-10-24 13:10:44,770] [INFO] [run 0], Boundary distances : {(0, 1): 117.19579387649996, (1, 2): 28.434690603049333}
[36m(CaseRunnerActor pid=28851)[0m [2025-10-24 13:10:44,802] [INFO] [run 0 iter 145] Process RSS:   1.45 GB | 
[36m(CaseRunnerActor pid=28851)[0m [2025-10-24 13:11:58,959] [INFO] [run 0], measurements: 152/206, expense: 8.64e+04
[36m(CaseRunnerActor pid=28851)[0m [2025-10-24 13:11:58,959] [INFO] [run 0], Boundary distances : {(0, 1): 95.93497466866964, (1, 2): 28.443538905046005}
[36m(CaseRunnerActor pid=28851)[0m [2025-10-24 13:11:58,994] [INFO] [run 0 iter 146] Process RSS:   1.45 GB | 
[36m(CaseRunnerActor pid=28851)[0m [2025-10-24 13:13:06,185] [INFO] [run 0], measurements: 153/206, expense: 8.72e+04
[36m(CaseRunnerActor pid=28851)[0m [2025-10-24 13:13:06,185] [INFO] [run 0], Boundary distances : {(0, 1): 88.69362953358421, (1, 2): 28.26465040580107}
[36m(CaseRunnerActor pid=28851)[0m [2025-10-24 13:13:06,234] [INFO] [run 0 iter 147] Process RSS:   1.45 GB | 
[36m(CaseRunnerActor pid=28851)[0m [2025-10-24 13:14:30,245] [INFO] [run 0], measurements: 154/206, expense: 8.73e+04
[36m(CaseRunnerActor pid=28851)[0m [2025-10-24 13:14:30,245] [INFO] [run 0], Boundary distances : {(0, 1): 89.72091864153668, (1, 2): 35.70797761987775}
[36m(CaseRunnerActor pid=28851)[0m [2025-10-24 13:14:30,308] [INFO] [run 0 iter 148] Process RSS:   1.45 GB | 
[36m(CaseRunnerActor pid=28851)[0m [2025-10-24 13:16:06,324] [INFO] [run 0], measurements: 155/206, expense: 8.76e+04
[36m(CaseRunnerActor pid=28851)[0m [2025-10-24 13:16:06,324] [INFO] [run 0], Boundary distances : {(0, 1): 88.43491123138313, (1, 2): 34.40560317162999}
[36m(CaseRunnerActor pid=28851)[0m [2025-10-24 13:16:06,368] [INFO] [run 0 iter 149] Process RSS:   1.45 GB | 
[36m(CaseRunnerActor pid=28851)[0m [2025-10-24 13:17:22,348] [INFO] [run 0], measurements: 156/206, expense: 8.79e+04
[36m(CaseRunnerActor pid=28851)[0m [2025-10-24 13:17:22,348] [INFO] [run 0], Boundary distances : {(0, 1): 88.4746500656392, (1, 2): 32.90292981416158}
[36m(CaseRunnerActor pid=28851)[0m [2025-10-24 13:17:22,382] [INFO] [run 0 iter 150] Process RSS:   1.45 GB | 
[36m(CaseRunnerActor pid=28851)[0m [2025-10-24 13:18:37,366] [INFO] [run 0], measurements: 157/206, expense: 8.93e+04
[36m(CaseRunnerActor pid=28851)[0m [2025-10-24 13:18:37,366] [INFO] [run 0], Boundary distances : {(0, 1): 88.51853615406353, (1, 2): 31.70261587520121}
[36m(CaseRunnerActor pid=28851)[0m [2025-10-24 13:18:37,402] [INFO] [run 0 iter 151] Process RSS:   1.45 GB | 
[36m(CaseRunnerActor pid=28851)[0m [2025-10-24 13:19:58,245] [INFO] [run 0], measurements: 158/206, expense: 8.94e+04
[36m(CaseRunnerActor pid=28851)[0m [2025-10-24 13:19:58,246] [INFO] [run 0], Boundary distances : {(0, 1): 130.44853232466, (1, 2): 33.8786919846098}
[36m(CaseRunnerActor pid=28851)[0m [2025-10-24 13:19:58,279] [INFO] [run 0 iter 152] Process RSS:   1.45 GB | 
[36m(CaseRunnerActor pid=28851)[0m [2025-10-24 13:21:05,811] [INFO] [run 0], measurements: 159/206, expense: 8.94e+04
[36m(CaseRunnerActor pid=28851)[0m [2025-10-24 13:21:05,811] [INFO] [run 0], Boundary distances : {(0, 1): 131.5229701592753, (1, 2): 33.8786919846098}[36m(CaseRunnerActor pid=28851)[0m 2025-10-24 13:50:18 - INFO - [evaluate.py] - Boundary (0, 1): 948 points
[36m(CaseRunnerActor pid=28851)[0m INFO:evaluate:Boundary (0, 1): 948 points
[36m(CaseRunnerActor pid=28851)[0m 2025-10-24 13:50:18 - INFO - [evaluate.py] - Boundary (1, 2): 756 points
[36m(CaseRunnerActor pid=28851)[0m INFO:evaluate:Boundary (1, 2): 756 points
[36m(CaseRunnerActor pid=28851)[0m 2025-10-24 13:50:18 - INFO - [evaluate.py] - Evaluating boundary (0, 1)
[36m(CaseRunnerActor pid=28851)[0m INFO:evaluate:Evaluating boundary (0, 1)
[36m(CaseRunnerActor pid=28851)[0m 2025-10-24 13:50:28 - INFO - [evaluate.py] - Evaluating boundary (1, 2)
[36m(CaseRunnerActor pid=28851)[0m INFO:evaluate:Evaluating boundary (1, 2)
[36m(CaseRunnerActor pid=28851)[0m INFO:P0:[run 0], measurements: 181/206, expense: 1.01e+05
[36m(CaseRunnerActor pid=28851)[0m INFO:P0:[run 0], Boundary distances : {(0, 1): 129.5476347078891, (1, 2): 24.022878904098043}
[36m(CaseRunnerActor pid=28851)[0m INFO:P0:[run 0 iter 175] Process RSS:   1.44 GB | 
[36m(CaseRunnerActor pid=28851)[0m 2025-10-24 13:51:36 - INFO - [evaluate.py] - Boundary (0, 1): 937 points
[36m(CaseRunnerActor pid=28851)[0m INFO:evaluate:Boundary (0, 1): 937 points
[36m(CaseRunnerActor pid=28851)[0m 2025-10-24 13:51:36 - INFO - [evaluate.py] - Boundary (1, 2): 754 points
[36m(CaseRunnerActor pid=28851)[0m INFO:evaluate:Boundary (1, 2): 754 points
[36m(CaseRunnerActor pid=28851)[0m 2025-10-24 13:51:36 - INFO - [evaluate.py] - Evaluating boundary (0, 1)
[36m(CaseRunnerActor pid=28851)[0m INFO:evaluate:Evaluating boundary (0, 1)
[36m(CaseRunnerActor pid=28851)[0m 2025-10-24 13:51:59 - INFO - [evaluate.py] - Evaluating boundary (1, 2)
[36m(CaseRunnerActor pid=28851)[0m INFO:evaluate:Evaluating boundary (1, 2)
[36m(CaseRunnerActor pid=28851)[0m INFO:P0:[run 0], measurements: 182/206, expense: 1.02e+05
[36m(CaseRunnerActor pid=28851)[0m INFO:P0:[run 0], Boundary distances : {(0, 1): 115.07889576643983, (1, 2): 26.563655652708334}
[36m(CaseRunnerActor pid=28851)[0m INFO:P0:[run 0 iter 176] Process RSS:   1.45 GB | 
[36m(CaseRunnerActor pid=28851)[0m 2025-10-24 13:53:06 - INFO - [evaluate.py] - Boundary (0, 1): 937 points
[36m(CaseRunnerActor pid=28851)[0m INFO:evaluate:Boundary (0, 1): 937 points
[36m(CaseRunnerActor pid=28851)[0m 2025-10-24 13:53:06 - INFO - [evaluate.py] - Boundary (1, 2): 736 points
[36m(CaseRunnerActor pid=28851)[0m INFO:evaluate:Boundary (1, 2): 736 points
[36m(CaseRunnerActor pid=28851)[0m 2025-10-24 13:53:06 - INFO - [evaluate.py] - Evaluating boundary (0, 1)
[36m(CaseRunnerActor pid=28851)[0m INFO:evaluate:Evaluating boundary (0, 1)
[36m(CaseRunnerActor pid=28851)[0m 2025-10-24 13:53:22 - INFO - [evaluate.py] - Evaluating boundary (1, 2)
[36m(CaseRunnerActor pid=28851)[0m INFO:evaluate:Evaluating boundary (1, 2)
[36m(CaseRunnerActor pid=28851)[0m INFO:P0:[run 0], measurements: 183/206, expense: 1.02e+05
[36m(CaseRunnerActor pid=28851)[0m INFO:P0:[run 0], Boundary distances : {(0, 1): 112.61275305992953, (1, 2): 20.326842637565846}
[36m(CaseRunnerActor pid=28851)[0m INFO:P0:[run 0 iter 177] Process RSS:   1.45 GB | 
[36m(CaseRunnerActor pid=28851)[0m 2025-10-24 13:54:34 - INFO - [evaluate.py] - Boundary (0, 1): 935 points
[36m(CaseRunnerActor pid=28851)[0m INFO:evaluate:Boundary (0, 1): 935 points
[36m(CaseRunnerActor pid=28851)[0m 2025-10-24 13:54:34 - INFO - [evaluate.py] - Boundary (1, 2): 719 points
[36m(CaseRunnerActor pid=28851)[0m INFO:evaluate:Boundary (1, 2): 719 points
[36m(CaseRunnerActor pid=28851)[0m 2025-10-24 13:54:34 - INFO - [evaluate.py] - Evaluating boundary (0, 1)
[36m(CaseRunnerActor pid=28851)[0m INFO:evaluate:Evaluating boundary (0, 1)
[36m(CaseRunnerActor pid=28851)[0m 2025-10-24 13:54:49 - INFO - [evaluate.py] - Evaluating boundary (1, 2)
[36m(CaseRunnerActor pid=28851)[0m INFO:evaluate:Evaluating boundary (1, 2)
[36m(CaseRunnerActor pid=28851)[0m INFO:P0:[run 0], measurements: 184/206, expense: 1.02e+05
[36m(CaseRunnerActor pid=28851)[0m INFO:P0:[run 0], Boundary distances : {(0, 1): 114.42634144571677, (1, 2): 20.550226883650986}
[36m(CaseRunnerActor pid=28851)[0m INFO:P0:[run 0 iter 178] Process RSS:   1.44 GB | 
[36m(CaseRunnerActor pid=28851)[0m 2025-10-24 13:55:49 - INFO - [evaluate.py] - Boundary (0, 1): 934 points
[36m(CaseRunnerActor pid=28851)[0m INFO:evaluate:Boundary (0, 1): 934 points
[36m(CaseRunnerActor pid=28851)[0m 2025-10-24 13:55:49 - INFO - [evaluate.py] - Boundary (1, 2): 691 points
[36m(CaseRunnerActor pid=28851)[0m INFO:evaluate:Boundary (1, 2): 691 points
[36m(CaseRunnerActor pid=28851)[0m 2025-10-24 13:55:49 - INFO - [evaluate.py] - Evaluating boundary (0, 1)
[36m(CaseRunnerActor pid=28851)[0m INFO:evaluate:Evaluating boundary (0, 1)
[36m(CaseRunnerActor pid=28851)[0m 2025-10-24 13:56:02 - INFO - [evaluate.py] - Evaluating boundary (1, 2)
[36m(CaseRunnerActor pid=28851)[0m INFO:evaluate:Evaluating boundary (1, 2)
[36m(CaseRunnerActor pid=28851)[0m INFO:P0:[run 0], measurements: 185/206, expense: 1.03e+05
[36m(CaseRunnerActor pid=28851)[0m INFO:P0:[run 0], Boundary distances : {(0, 1): 107.73015944612742, (1, 2): 20.46101643570743}
[36m(CaseRunnerActor pid=28851)[0m INFO:P0:[run 0 iter 179] Process RSS:   1.44 GB | 
[36m(CaseRunnerActor pid=28851)[0m 2025-10-24 13:57:18 - INFO - [evaluate.py] - Boundary (0, 1): 917 points
[36m(CaseRunnerActor pid=28851)[0m INFO:evaluate:Boundary (0, 1): 917 points
[36m(CaseRunnerActor pid=28851)[0m 2025-10-24 13:57:18 - INFO - [evaluate.py] - Boundary (1, 2): 694 points
[36m(CaseRunnerActor pid=28851)[0m INFO:evaluate:Boundary (1, 2): 694 points
[36m(CaseRunnerActor pid=28851)[0m 2025-10-24 13:57:18 - INFO - [evaluate.py] - Evaluating boundary (0, 1)
[36m(CaseRunnerActor pid=28851)[0m INFO:evaluate:Evaluating boundary (0, 1)
[36m(CaseRunnerActor pid=28851)[0m 2025-10-24 13:57:28 - INFO - [evaluate.py] - Evaluating boundary (1, 2)
[36m(CaseRunnerActor pid=28851)[0m INFO:evaluate:Evaluating boundary (1, 2)
[36m(CaseRunnerActor pid=28851)[0m INFO:P0:[run 0], measurements: 186/206, expense: 1.04e+05
[36m(CaseRunnerActor pid=28851)[0m INFO:P0:[run 0], Boundary distances : {(0, 1): 119.0167453567242, (1, 2): 19.98154740036631}
[36m(CaseRunnerActor pid=28851)[0m INFO:P0:[run 0 iter 180] Process RSS:   1.44 GB | 
[36m(CaseRunnerActor pid=28851)[0m 2025-10-24 13:58:34 - INFO - [evaluate.py] - Boundary (0, 1): 933 points
[36m(CaseRunnerActor pid=28851)[0m INFO:evaluate:Boundary (0, 1): 933 points
[36m(CaseRunnerActor pid=28851)[0m 2025-10-24 13:58:34 - INFO - [evaluate.py] - Boundary (1, 2): 691 points
[36m(CaseRunnerActor pid=28851)[0m INFO:evaluate:Boundary (1, 2): 691 points
[36m(CaseRunnerActor pid=28851)[0m 2025-10-24 13:58:34 - INFO - [evaluate.py] - Evaluating boundary (0, 1)
[36m(CaseRunnerActor pid=28851)[0m INFO:evaluate:Evaluating boundary (0, 1)
[36m(CaseRunnerActor pid=28851)[0m 2025-10-24 13:58:51 - INFO - [evaluate.py] - Evaluating boundary (1, 2)
[36m(CaseRunnerActor pid=28851)[0m INFO:evaluate:Evaluating boundary (1, 2)
[36m(CaseRunnerActor pid=28851)[0m INFO:P0:[run 0], measurements: 187/206, expense: 1.04e+05
[36m(CaseRunnerActor pid=28851)[0m INFO:P0:[run 0], Boundary distances : {(0, 1): 137.57684015669335, (1, 2): 20.244496301425848}
[36m(CaseRunnerActor pid=28851)[0m INFO:P0:[run 0 iter 181] Process RSS:   1.44 GB | 
[36m(CaseRunnerActor pid=28851)[0m 2025-10-24 14:00:05 - INFO - [evaluate.py] - Boundary (0, 1): 944 points
[36m(CaseRunnerActor pid=28851)[0m INFO:evaluate:Boundary (0, 1): 944 points
[36m(CaseRunnerActor pid=28851)[0m 2025-10-24 14:00:05 - INFO - [evaluate.py] - Boundary (1, 2): 690 points
[36m(CaseRunnerActor pid=28851)[0m INFO:evaluate:Boundary (1, 2): 690 points
[36m(CaseRunnerActor pid=28851)[0m 2025-10-24 14:00:05 - INFO - [evaluate.py] - Evaluating boundary (0, 1)
[36m(CaseRunnerActor pid=28851)[0m INFO:evaluate:Evaluating boundary (0, 1)
[36m(CaseRunnerActor pid=28851)[0m 2025-10-24 14:00:24 - INFO - [evaluate.py] - Evaluating boundary (1, 2)
[36m(CaseRunnerActor pid=28851)[0m INFO:evaluate:Evaluating boundary (1, 2)
[36m(CaseRunnerActor pid=28851)[0m INFO:P0:[run 0], measurements: 188/206, expense: 1.05e+05
[36m(CaseRunnerActor pid=28851)[0m INFO:P0:[run 0], Boundary distances : {(0, 1): 125.42323168916371, (1, 2): 19.716506021794522}
[36m(CaseRunnerActor pid=28851)[0m INFO:P0:[run 0 iter 182] Process RSS:   1.45 GB | 
[36m(CaseRunnerActor pid=28851)[0m 2025-10-24 14:01:46 - INFO - [evaluate.py] - Boundary (0, 1): 942 points
[36m(CaseRunnerActor pid=28851)[0m INFO:evaluate:Boundary (0, 1): 942 points
[36m(CaseRunnerActor pid=28851)[0m 2025-10-24 14:01:46 - INFO - [evaluate.py] - Boundary (1, 2): 717 points
[36m(CaseRunnerActor pid=28851)[0m INFO:evaluate:Boundary (1, 2): 717 points
[36m(CaseRunnerActor pid=28851)[0m 2025-10-24 14:01:46 - INFO - [evaluate.py] - Evaluating boundary (0, 1)
[36m(CaseRunnerActor pid=28851)[0m INFO:evaluate:Evaluating boundary (0, 1)
[36m(CaseRunnerActor pid=28851)[0m 2025-10-24 14:02:04 - INFO - [evaluate.py] - Evaluating boundary (1, 2)
[36m(CaseRunnerActor pid=28851)[0m INFO:evaluate:Evaluating boundary (1, 2)
[36m(CaseRunnerActor pid=28851)[0m INFO:P0:[run 0], measurements: 189/206, expense: 1.06e+05
[36m(CaseRunnerActor pid=28851)[0m INFO:P0:[run 0], Boundary distances : {(0, 1): 129.11153956016818, (1, 2): 18.624681262808856}
[36m(CaseRunnerActor pid=28851)[0m INFO:P0:[run 0 iter 183] Process RSS:   1.44 GB | 
[36m(CaseRunnerActor pid=28851)[0m 2025-10-24 14:03:33 - INFO - [evaluate.py] - Boundary (0, 1): 934 points
[36m(CaseRunnerActor pid=28851)[0m INFO:evaluate:Boundary (0, 1): 934 points
[36m(CaseRunnerActor pid=28851)[0m 2025-10-24 14:03:33 - INFO - [evaluate.py] - Boundary (1, 2): 715 points
[36m(CaseRunnerActor pid=28851)[0m INFO:evaluate:Boundary (1, 2): 715 points
[36m(CaseRunnerActor pid=28851)[0m 2025-10-24 14:03:33 - INFO - [evaluate.py] - Evaluating boundary (0, 1)
[36m(CaseRunnerActor pid=28851)[0m INFO:evaluate:Evaluating boundary (0, 1)
[36m(CaseRunnerActor pid=28851)[0m 2025-10-24 14:03:42 - INFO - [evaluate.py] - Evaluating boundary (1, 2)
[36m(CaseRunnerActor pid=28851)[0m INFO:evaluate:Evaluating boundary (1, 2)
[36m(CaseRunnerActor pid=28851)[0m INFO:P0:[run 0], measurements: 190/206, expense: 1.07e+05
[36m(CaseRunnerActor pid=28851)[0m INFO:P0:[run 0], Boundary distances : {(0, 1): 98.92701340580814, (1, 2): 20.090480910665697}
[36m(CaseRunnerActor pid=28851)[0m INFO:P0:[run 0 iter 184] Process RSS:   1.44 GB | 
[36m(CaseRunnerActor pid=28851)[0m 2025-10-24 14:04:53 - INFO - [evaluate.py] - Boundary (0, 1): 935 points
[36m(CaseRunnerActor pid=28851)[0m INFO:evaluate:Boundary (0, 1): 935 points
[36m(CaseRunnerActor pid=28851)[0m 2025-10-24 14:04:53 - INFO - [evaluate.py] - Boundary (1, 2): 715 points
[36m(CaseRunnerActor pid=28851)[0m INFO:evaluate:Boundary (1, 2): 715 points
[36m(CaseRunnerActor pid=28851)[0m 2025-10-24 14:04:53 - INFO - [evaluate.py] - Evaluating boundary (0, 1)
[36m(CaseRunnerActor pid=28851)[0m INFO:evaluate:Evaluating boundary (0, 1)
[36m(CaseRunnerActor pid=28851)[0m 2025-10-24 14:05:17 - INFO - [evaluate.py] - Evaluating boundary (1, 2)
[36m(CaseRunnerActor pid=28851)[0m INFO:evaluate:Evaluating boundary (1, 2)
[36m(CaseRunnerActor pid=28851)[0m INFO:P0:[run 0], measurements: 191/206, expense: 1.07e+05
[36m(CaseRunnerActor pid=28851)[0m INFO:P0:[run 0], Boundary distances : {(0, 1): 104.33811525988503, (1, 2): 20.090480910665697}
[36m(CaseRunnerActor pid=28851)[0m INFO:P0:[run 0 iter 185] Process RSS:   1.39 GB | 
[36m(CaseRunnerActor pid=28851)[0m 2025-10-24 14:06:24 - INFO - [evaluate.py] - Boundary (0, 1): 935 points
[36m(CaseRunnerActor pid=28851)[0m INFO:evaluate:Boundary (0, 1): 935 points
[36m(CaseRunnerActor pid=28851)[0m 2025-10-24 14:06:24 - INFO - [evaluate.py] - Boundary (1, 2): 745 points
[36m(CaseRunnerActor pid=28851)[0m INFO:evaluate:Boundary (1, 2): 745 points
[36m(CaseRunnerActor pid=28851)[0m 2025-10-24 14:06:24 - INFO - [evaluate.py] - Evaluating boundary (0, 1)
[36m(CaseRunnerActor pid=28851)[0m INFO:evaluate:Evaluating boundary (0, 1)
[36m(CaseRunnerActor pid=28851)[0m 2025-10-24 14:06:46 - INFO - [evaluate.py] - Evaluating boundary (1, 2)
[36m(CaseRunnerActor pid=28851)[0m INFO:evaluate:Evaluating boundary (1, 2)
[36m(CaseRunnerActor pid=28851)[0m INFO:P0:[run 0], measurements: 192/206, expense: 1.08e+05
[36m(CaseRunnerActor pid=28851)[0m INFO:P0:[run 0], Boundary distances : {(0, 1): 104.93155908626917, (1, 2): 19.08558729096883}
[36m(CaseRunnerActor pid=28851)[0m INFO:P0:[run 0 iter 186] Process RSS:   1.44 GB | 
[36m(CaseRunnerActor pid=28851)[0m 2025-10-24 14:07:54 - INFO - [evaluate.py] - Boundary (0, 1): 925 points
[36m(CaseRunnerActor pid=28851)[0m INFO:evaluate:Boundary (0, 1): 925 points
[36m(CaseRunnerActor pid=28851)[0m 2025-10-24 14:07:54 - INFO - [evaluate.py] - Boundary (1, 2): 743 points
[36m(CaseRunnerActor pid=28851)[0m INFO:evaluate:Boundary (1, 2): 743 points
[36m(CaseRunnerActor pid=28851)[0m 2025-10-24 14:07:54 - INFO - [evaluate.py] - Evaluating boundary (0, 1)
[36m(CaseRunnerActor pid=28851)[0m INFO:evaluate:Evaluating boundary (0, 1)
[36m(CaseRunnerActor pid=28851)[0m 2025-10-24 14:08:06 - INFO - [evaluate.py] - Evaluating boundary (1, 2)
[36m(CaseRunnerActor pid=28851)[0m INFO:evaluate:Evaluating boundary (1, 2)
[36m(CaseRunnerActor pid=28851)[0m INFO:P0:[run 0], measurements: 193/206, expense: 1.08e+05
[36m(CaseRunnerActor pid=28851)[0m INFO:P0:[run 0], Boundary distances : {(0, 1): 117.13015419765806, (1, 2): 19.98883427165083}
[36m(CaseRunnerActor pid=28851)[0m INFO:P0:[run 0 iter 187] Process RSS:   1.44 GB | 
[36m(CaseRunnerActor pid=28851)[0m 2025-10-24 14:09:16 - INFO - [evaluate.py] - Boundary (0, 1): 936 points
[36m(CaseRunnerActor pid=28851)[0m INFO:evaluate:Boundary (0, 1): 936 points
[36m(CaseRunnerActor pid=28851)[0m 2025-10-24 14:09:16 - INFO - [evaluate.py] - Boundary (1, 2): 743 points
[36m(CaseRunnerActor pid=28851)[0m INFO:evaluate:Boundary (1, 2): 743 points
[36m(CaseRunnerActor pid=28851)[0m 2025-10-24 14:09:16 - INFO - [evaluate.py] - Evaluating boundary (0, 1)
[36m(CaseRunnerActor pid=28851)[0m INFO:evaluate:Evaluating boundary (0, 1)
[36m(CaseRunnerActor pid=28851)[0m 2025-10-24 14:09:25 - INFO - [evaluate.py] - Evaluating boundary (1, 2)
[36m(CaseRunnerActor pid=28851)[0m INFO:evaluate:Evaluating boundary (1, 2)
[36m(CaseRunnerActor pid=28851)[0m INFO:P0:[run 0], measurements: 194/206, expense: 1.09e+05
[36m(CaseRunnerActor pid=28851)[0m INFO:P0:[run 0], Boundary distances : {(0, 1): 120.65478055978608, (1, 2): 19.98883427165083}
[36m(CaseRunnerActor pid=28851)[0m INFO:P0:[run 0 iter 188] Process RSS:   1.44 GB | 
[36m(CaseRunnerActor pid=28851)[0m 2025-10-24 14:10:40 - INFO - [evaluate.py] - Boundary (0, 1): 936 points
[36m(CaseRunnerActor pid=28851)[0m INFO:evaluate:Boundary (0, 1): 936 points
[36m(CaseRunnerActor pid=28851)[0m 2025-10-24 14:10:40 - INFO - [evaluate.py] - Boundary (1, 2): 758 points
[36m(CaseRunnerActor pid=28851)[0m INFO:evaluate:Boundary (1, 2): 758 points
[36m(CaseRunnerActor pid=28851)[0m 2025-10-24 14:10:40 - INFO - [evaluate.py] - Evaluating boundary (0, 1)
[36m(CaseRunnerActor pid=28851)[0m INFO:evaluate:Evaluating boundary (0, 1)
[36m(CaseRunnerActor pid=28851)[0m 2025-10-24 14:10:54 - INFO - [evaluate.py] - Evaluating boundary (1, 2)
[36m(CaseRunnerActor pid=28851)[0m INFO:evaluate:Evaluating boundary (1, 2)
[36m(CaseRunnerActor pid=28851)[0m INFO:P0:[run 0], measurements: 195/206, expense: 1.09e+05
[36m(CaseRunnerActor pid=28851)[0m INFO:P0:[run 0], Boundary distances : {(0, 1): 123.71027074518958, (1, 2): 27.68211965846752}
[36m(CaseRunnerActor pid=28851)[0m INFO:P0:[run 0 iter 189] Process RSS:   1.44 GB | 
[36m(CaseRunnerActor pid=28851)[0m 2025-10-24 14:12:15 - INFO - [evaluate.py] - Boundary (0, 1): 953 points
[36m(CaseRunnerActor pid=28851)[0m INFO:evaluate:Boundary (0, 1): 953 points
[36m(CaseRunnerActor pid=28851)[0m 2025-10-24 14:12:15 - INFO - [evaluate.py] - Boundary (1, 2): 789 points
[36m(CaseRunnerActor pid=28851)[0m INFO:evaluate:Boundary (1, 2): 789 points
[36m(CaseRunnerActor pid=28851)[0m 2025-10-24 14:12:15 - INFO - [evaluate.py] - Evaluating boundary (0, 1)
[36m(CaseRunnerActor pid=28851)[0m INFO:evaluate:Evaluating boundary (0, 1)
[36m(CaseRunnerActor pid=28851)[0m 2025-10-24 14:12:27 - INFO - [evaluate.py] - Evaluating boundary (1, 2)
[36m(CaseRunnerActor pid=28851)[0m INFO:evaluate:Evaluating boundary (1, 2)
[36m(CaseRunnerActor pid=28851)[0m INFO:P0:[run 0], measurements: 196/206, expense: 1.09e+05
[36m(CaseRunnerActor pid=28851)[0m INFO:P0:[run 0], Boundary distances : {(0, 1): 111.3910829967011, (1, 2): 28.043221253068065}
[36m(CaseRunnerActor pid=28851)[0m INFO:P0:[run 0 iter 190] Process RSS:   1.40 GB | 
[36m(CaseRunnerActor pid=28851)[0m 2025-10-24 14:13:49 - INFO - [evaluate.py] - Boundary (0, 1): 954 points
[36m(CaseRunnerActor pid=28851)[0m INFO:evaluate:Boundary (0, 1): 954 points
[36m(CaseRunnerActor pid=28851)[0m 2025-10-24 14:13:49 - INFO - [evaluate.py] - Boundary (1, 2): 808 points
[36m(CaseRunnerActor pid=28851)[0m INFO:evaluate:Boundary (1, 2): 808 points
[36m(CaseRunnerActor pid=28851)[0m 2025-10-24 14:13:49 - INFO - [evaluate.py] - Evaluating boundary (0, 1)
[36m(CaseRunnerActor pid=28851)[0m INFO:evaluate:Evaluating boundary (0, 1)
[36m(CaseRunnerActor pid=28851)[0m 2025-10-24 14:13:57 - INFO - [evaluate.py] - Evaluating boundary (1, 2)
[36m(CaseRunnerActor pid=28851)[0m INFO:evaluate:Evaluating boundary (1, 2)
[36m(CaseRunnerActor pid=28851)[0m INFO:P0:[run 0], measurements: 197/206, expense: 1.09e+05
[36m(CaseRunnerActor pid=28851)[0m INFO:P0:[run 0], Boundary distances : {(0, 1): 113.80364292226012, (1, 2): 35.11579241920299}
[36m(CaseRunnerActor pid=28851)[0m INFO:P0:[run 0 iter 191] Process RSS:   1.44 GB | 
[36m(CaseRunnerActor pid=28851)[0m 2025-10-24 14:15:03 - INFO - [evaluate.py] - Boundary (0, 1): 952 points
[36m(CaseRunnerActor pid=28851)[0m INFO:evaluate:Boundary (0, 1): 952 points
[36m(CaseRunnerActor pid=28851)[0m 2025-10-24 14:15:03 - INFO - [evaluate.py] - Boundary (1, 2): 799 points
[36m(CaseRunnerActor pid=28851)[0m INFO:evaluate:Boundary (1, 2): 799 points
[36m(CaseRunnerActor pid=28851)[0m 2025-10-24 14:15:03 - INFO - [evaluate.py] - Evaluating boundary (0, 1)
[36m(CaseRunnerActor pid=28851)[0m INFO:evaluate:Evaluating boundary (0, 1)
[36m(CaseRunnerActor pid=28851)[0m 2025-10-24 14:15:12 - INFO - [evaluate.py] - Evaluating boundary (1, 2)
[36m(CaseRunnerActor pid=28851)[0m INFO:evaluate:Evaluating boundary (1, 2)
[36m(CaseRunnerActor pid=28851)[0m INFO:P0:[run 0], measurements: 198/206, expense: 1.10e+05
[36m(CaseRunnerActor pid=28851)[0m INFO:P0:[run 0], Boundary distances : {(0, 1): 112.15009465340266, (1, 2): 32.212121149057666}
[36m(CaseRunnerActor pid=28851)[0m INFO:P0:[run 0 iter 192] Process RSS:   1.44 GB | 
[36m(CaseRunnerActor pid=28851)[0m 2025-10-24 14:16:24 - INFO - [evaluate.py] - Boundary (0, 1): 956 points
[36m(CaseRunnerActor pid=28851)[0m INFO:evaluate:Boundary (0, 1): 956 points
[36m(CaseRunnerActor pid=28851)[0m 2025-10-24 14:16:24 - INFO - [evaluate.py] - Boundary (1, 2): 812 points
[36m(CaseRunnerActor pid=28851)[0m INFO:evaluate:Boundary (1, 2): 812 points
[36m(CaseRunnerActor pid=28851)[0m 2025-10-24 14:16:24 - INFO - [evaluate.py] - Evaluating boundary (0, 1)
[36m(CaseRunnerActor pid=28851)[0m INFO:evaluate:Evaluating boundary (0, 1)
[36m(CaseRunnerActor pid=28851)[0m 2025-10-24 14:16:38 - INFO - [evaluate.py] - Evaluating boundary (1, 2)
[36m(CaseRunnerActor pid=28851)[0m INFO:evaluate:Evaluating boundary (1, 2)
[36m(CaseRunnerActor pid=28851)[0m INFO:P0:[run 0], measurements: 199/206, expense: 1.10e+05
[36m(CaseRunnerActor pid=28851)[0m INFO:P0:[run 0], Boundary distances : {(0, 1): 108.4429708853136, (1, 2): 33.52070397675402}
[36m(CaseRunnerActor pid=28851)[0m INFO:P0:[run 0 iter 193] Process RSS:   1.44 GB | 
[36m(CaseRunnerActor pid=28851)[0m 2025-10-24 14:17:48 - INFO - [evaluate.py] - Boundary (0, 1): 953 points
[36m(CaseRunnerActor pid=28851)[0m INFO:evaluate:Boundary (0, 1): 953 points
[36m(CaseRunnerActor pid=28851)[0m 2025-10-24 14:17:48 - INFO - [evaluate.py] - Boundary (1, 2): 787 points
[36m(CaseRunnerActor pid=28851)[0m INFO:evaluate:Boundary (1, 2): 787 points
[36m(CaseRunnerActor pid=28851)[0m 2025-10-24 14:17:48 - INFO - [evaluate.py] - Evaluating boundary (0, 1)
[36m(CaseRunnerActor pid=28851)[0m INFO:evaluate:Evaluating boundary (0, 1)
[36m(CaseRunnerActor pid=28851)[0m 2025-10-24 14:17:56 - INFO - [evaluate.py] - Evaluating boundary (1, 2)
[36m(CaseRunnerActor pid=28851)[0m INFO:evaluate:Evaluating boundary (1, 2)
[36m(CaseRunnerActor pid=28851)[0m INFO:P0:[run 0], measurements: 200/206, expense: 1.10e+05
[36m(CaseRunnerActor pid=28851)[0m INFO:P0:[run 0], Boundary distances : {(0, 1): 110.91863941462358, (1, 2): 26.179440893359804}
[36m(CaseRunnerActor pid=28851)[0m INFO:P0:[run 0 iter 194] Process RSS:   1.44 GB | 
[36m(CaseRunnerActor pid=28851)[0m 2025-10-24 14:19:16 - INFO - [evaluate.py] - Boundary (0, 1): 954 points
[36m(CaseRunnerActor pid=28851)[0m INFO:evaluate:Boundary (0, 1): 954 points
[36m(CaseRunnerActor pid=28851)[0m 2025-10-24 14:19:16 - INFO - [evaluate.py] - Boundary (1, 2): 830 points
[36m(CaseRunnerActor pid=28851)[0m INFO:evaluate:Boundary (1, 2): 830 points
[36m(CaseRunnerActor pid=28851)[0m 2025-10-24 14:19:16 - INFO - [evaluate.py] - Evaluating boundary (0, 1)
[36m(CaseRunnerActor pid=28851)[0m INFO:evaluate:Evaluating boundary (0, 1)
[36m(CaseRunnerActor pid=28851)[0m 2025-10-24 14:19:30 - INFO - [evaluate.py] - Evaluating boundary (1, 2)
[36m(CaseRunnerActor pid=28851)[0m INFO:evaluate:Evaluating boundary (1, 2)
[36m(CaseRunnerActor pid=28851)[0m INFO:P0:[run 0], measurements: 201/206, expense: 1.12e+05
[36m(CaseRunnerActor pid=28851)[0m INFO:P0:[run 0], Boundary distances : {(0, 1): 105.61351176844171, (1, 2): 34.221078686459705}
[36m(CaseRunnerActor pid=28851)[0m INFO:P0:[run 0 iter 195] Process RSS:   1.44 GB | 
[36m(CaseRunnerActor pid=28851)[0m 2025-10-24 14:20:44 - INFO - [evaluate.py] - Boundary (0, 1): 969 points
[36m(CaseRunnerActor pid=28851)[0m INFO:evaluate:Boundary (0, 1): 969 points
[36m(CaseRunnerActor pid=28851)[0m 2025-10-24 14:20:44 - INFO - [evaluate.py] - Boundary (1, 2): 829 points
[36m(CaseRunnerActor pid=28851)[0m INFO:evaluate:Boundary (1, 2): 829 points
[36m(CaseRunnerActor pid=28851)[0m 2025-10-24 14:20:44 - INFO - [evaluate.py] - Evaluating boundary (0, 1)
[36m(CaseRunnerActor pid=28851)[0m INFO:evaluate:Evaluating boundary (0, 1)
[36m(CaseRunnerActor pid=28851)[0m 2025-10-24 14:21:03 - INFO - [evaluate.py] - Evaluating boundary (1, 2)
[36m(CaseRunnerActor pid=28851)[0m INFO:evaluate:Evaluating boundary (1, 2)
[36m(CaseRunnerActor pid=28851)[0m INFO:P0:[run 0], measurements: 202/206, expense: 1.13e+05
[36m(CaseRunnerActor pid=28851)[0m INFO:P0:[run 0], Boundary distances : {(0, 1): 105.74925310006469, (1, 2): 34.96196209266912}
[36m(CaseRunnerActor pid=28851)[0m INFO:P0:[run 0 iter 196] Process RSS:   1.43 GB | 

[36m(CaseRunnerActor pid=28851)[0m [2025-10-24 13:21:05,866] [INFO] [run 0 iter 153] Process RSS:   1.45 GB | 
[36m(CaseRunnerActor pid=28851)[0m [2025-10-24 13:22:14,561] [INFO] [run 0], measurements: 160/206, expense: 8.95e+04
[36m(CaseRunnerActor pid=28851)[0m [2025-10-24 13:22:14,561] [INFO] [run 0], Boundary distances : {(0, 1): 126.47899288083757, (1, 2): 28.86586640359561}
[36m(CaseRunnerActor pid=28851)[0m [2025-10-24 13:22:14,613] [INFO] [run 0 iter 154] Process RSS:   1.45 GB | 
[36m(CaseRunnerActor pid=28851)[0m [2025-10-24 13:23:39,361] [INFO] [run 0], measurements: 161/206, expense: 9.04e+04
[36m(CaseRunnerActor pid=28851)[0m [2025-10-24 13:23:39,361] [INFO] [run 0], Boundary distances : {(0, 1): 105.36886596710767, (1, 2): 28.851232634725257}
[36m(CaseRunnerActor pid=28851)[0m [2025-10-24 13:23:39,393] [INFO] [run 0 iter 155] Process RSS:   1.40 GB | 
[36m(CaseRunnerActor pid=28851)[0m [2025-10-24 13:24:54,559] [INFO] [run 0], measurements: 162/206, expense: 9.12e+04
[36m(CaseRunnerActor pid=28851)[0m [2025-10-24 13:24:54,559] [INFO] [run 0], Boundary distances : {(0, 1): 87.86408969660616, (1, 2): 26.661538364608667}
[36m(CaseRunnerActor pid=28851)[0m [2025-10-24 13:24:54,589] [INFO] [run 0 iter 156] Process RSS:   1.45 GB | 
[36m(CaseRunnerActor pid=28851)[0m [2025-10-24 13:26:15,589] [INFO] [run 0], measurements: 163/206, expense: 9.16e+04
[36m(CaseRunnerActor pid=28851)[0m [2025-10-24 13:26:15,590] [INFO] [run 0], Boundary distances : {(0, 1): 88.22546885110395, (1, 2): 26.97277297390046}
[36m(CaseRunnerActor pid=28851)[0m [2025-10-24 13:26:15,630] [INFO] [run 0 iter 157] Process RSS:   1.45 GB | 
[36m(CaseRunnerActor pid=28851)[0m [2025-10-24 13:27:35,730] [INFO] [run 0], measurements: 164/206, expense: 9.18e+04
[36m(CaseRunnerActor pid=28851)[0m [2025-10-24 13:27:35,730] [INFO] [run 0], Boundary distances : {(0, 1): 87.62983772123947, (1, 2): 29.407354654361693}
[36m(CaseRunnerActor pid=28851)[0m [2025-10-24 13:27:35,788] [INFO] [run 0 iter 158] Process RSS:   1.45 GB | 
[36m(CaseRunnerActor pid=28851)[0m [2025-10-24 13:28:44,912] [INFO] [run 0], measurements: 165/206, expense: 9.28e+04
[36m(CaseRunnerActor pid=28851)[0m [2025-10-24 13:28:44,912] [INFO] [run 0], Boundary distances : {(0, 1): 90.30950408060914, (1, 2): 27.244746264776808}
[36m(CaseRunnerActor pid=28851)[0m [2025-10-24 13:28:44,968] [INFO] [run 0 iter 159] Process RSS:   1.45 GB | 
[36m(CaseRunnerActor pid=28851)[0m [2025-10-24 13:30:15,106] [INFO] [run 0], measurements: 166/206, expense: 9.32e+04
[36m(CaseRunnerActor pid=28851)[0m [2025-10-24 13:30:15,106] [INFO] [run 0], Boundary distances : {(0, 1): 89.46802123709381, (1, 2): 26.60789974589246}
[36m(CaseRunnerActor pid=28851)[0m [2025-10-24 13:30:15,159] [INFO] [run 0 iter 160] Process RSS:   1.44 GB | 
[36m(CaseRunnerActor pid=28851)[0m [2025-10-24 13:31:35,741] [INFO] [run 0], measurements: 167/206, expense: 9.33e+04
[36m(CaseRunnerActor pid=28851)[0m [2025-10-24 13:31:35,742] [INFO] [run 0], Boundary distances : {(0, 1): 89.80525901421257, (1, 2): 27.13540387229542}
[36m(CaseRunnerActor pid=28851)[0m [2025-10-24 13:31:35,780] [INFO] [run 0 iter 161] Process RSS:   1.45 GB | 
[36m(CaseRunnerActor pid=28851)[0m [2025-10-24 13:32:55,891] [INFO] [run 0], measurements: 168/206, expense: 9.39e+04
[36m(CaseRunnerActor pid=28851)[0m [2025-10-24 13:32:55,892] [INFO] [run 0], Boundary distances : {(0, 1): 87.6191312974557, (1, 2): 23.225630587075734}
[36m(CaseRunnerActor pid=28851)[0m [2025-10-24 13:32:55,927] [INFO] [run 0 iter 162] Process RSS:   1.31 GB | 
[36m(CaseRunnerActor pid=28851)[0m [2025-10-24 13:34:21,924] [INFO] [run 0], measurements: 169/206, expense: 9.43e+04
[36m(CaseRunnerActor pid=28851)[0m [2025-10-24 13:34:21,925] [INFO] [run 0], Boundary distances : {(0, 1): 84.8806984795566, (1, 2): 23.350365425994404}
[36m(CaseRunnerActor pid=28851)[0m [2025-10-24 13:34:21,962] [INFO] [run 0 iter 163] Process RSS:   1.45 GB | 
[36m(CaseRunnerActor pid=28851)[0m [2025-10-24 13:35:47,441] [INFO] [run 0], measurements: 170/206, expense: 9.44e+04
[36m(CaseRunnerActor pid=28851)[0m [2025-10-24 13:35:47,441] [INFO] [run 0], Boundary distances : {(0, 1): 86.63117877052267, (1, 2): 29.60383166647623}
[36m(CaseRunnerActor pid=28851)[0m [2025-10-24 13:35:47,498] [INFO] [run 0 iter 164] Process RSS:   1.45 GB | 
[36m(CaseRunnerActor pid=28851)[0m [2025-10-24 13:37:17,507] [INFO] [run 0], measurements: 171/206, expense: 9.48e+04
[36m(CaseRunnerActor pid=28851)[0m [2025-10-24 13:37:17,507] [INFO] [run 0], Boundary distances : {(0, 1): 82.20863743064184, (1, 2): 26.428904864032987}
[36m(CaseRunnerActor pid=28851)[0m [2025-10-24 13:37:17,555] [INFO] [run 0 iter 165] Process RSS:   1.45 GB | 
[36m(CaseRunnerActor pid=28851)[0m [2025-10-24 13:38:36,576] [INFO] [run 0], measurements: 172/206, expense: 9.52e+04
[36m(CaseRunnerActor pid=28851)[0m [2025-10-24 13:38:36,576] [INFO] [run 0], Boundary distances : {(0, 1): 84.73091738543462, (1, 2): 27.18782020001526}
[36m(CaseRunnerActor pid=28851)[0m [2025-10-24 13:38:36,613] [INFO] [run 0 iter 166] Process RSS:   1.44 GB | 
[36m(CaseRunnerActor pid=28851)[0m [2025-10-24 13:39:49,828] [INFO] [run 0], measurements: 173/206, expense: 9.67e+04
[36m(CaseRunnerActor pid=28851)[0m [2025-10-24 13:39:49,828] [INFO] [run 0], Boundary distances : {(0, 1): 83.0722603618089, (1, 2): 33.431995875214184}
[36m(CaseRunnerActor pid=28851)[0m [2025-10-24 13:39:49,863] [INFO] [run 0 iter 167] Process RSS:   1.44 GB | 
[36m(CaseRunnerActor pid=28851)[0m [2025-10-24 13:41:16,559] [INFO] [run 0], measurements: 174/206, expense: 9.75e+04
[36m(CaseRunnerActor pid=28851)[0m [2025-10-24 13:41:16,559] [INFO] [run 0], Boundary distances : {(0, 1): 85.98684106669003, (1, 2): 33.922132183886184}
[36m(CaseRunnerActor pid=28851)[0m [2025-10-24 13:41:16,597] [INFO] [run 0 iter 168] Process RSS:   1.44 GB | 
[36m(CaseRunnerActor pid=28851)[0m [2025-10-24 13:42:45,794] [INFO] [run 0], measurements: 175/206, expense: 9.75e+04
[36m(CaseRunnerActor pid=28851)[0m [2025-10-24 13:42:45,795] [INFO] [run 0], Boundary distances : {(0, 1): 118.09908870435777, (1, 2): 31.957074439166284}
[36m(CaseRunnerActor pid=28851)[0m [2025-10-24 13:42:45,857] [INFO] [run 0 iter 169] Process RSS:   1.45 GB | 
[36m(CaseRunnerActor pid=28851)[0m [2025-10-24 13:44:08,318] [INFO] [run 0], measurements: 176/206, expense: 9.84e+04
[36m(CaseRunnerActor pid=28851)[0m [2025-10-24 13:44:08,318] [INFO] [run 0], Boundary distances : {(0, 1): 84.05658925134433, (1, 2): 33.431995875214184}
[36m(CaseRunnerActor pid=28851)[0m [2025-10-24 13:44:08,378] [INFO] [run 0 iter 170] Process RSS:   1.44 GB | 
[36m(CaseRunnerActor pid=28851)[0m [2025-10-24 13:45:26,609] [INFO] [run 0], measurements: 177/206, expense: 9.89e+04
[36m(CaseRunnerActor pid=28851)[0m [2025-10-24 13:45:26,609] [INFO] [run 0], Boundary distances : {(0, 1): 85.93818750093413, (1, 2): 33.16142577855998}
[36m(CaseRunnerActor pid=28851)[0m [2025-10-24 13:45:26,644] [INFO] [run 0 iter 171] Process RSS:   1.43 GB | 
[36m(CaseRunnerActor pid=28851)[0m [2025-10-24 13:46:41,745] [INFO] [run 0], measurements: 178/206, expense: 1.00e+05
[36m(CaseRunnerActor pid=28851)[0m [2025-10-24 13:46:41,745] [INFO] [run 0], Boundary distances : {(0, 1): 91.91677872628928, (1, 2): 33.16142577855998}
[36m(CaseRunnerActor pid=28851)[0m [2025-10-24 13:46:41,787] [INFO] [run 0 iter 172] Process RSS:   1.45 GB | 
[36m(CaseRunnerActor pid=28851)[0m [2025-10-24 13:47:59,769] [INFO] [run 0], measurements: 179/206, expense: 1.00e+05
[36m(CaseRunnerActor pid=28851)[0m [2025-10-24 13:47:59,769] [INFO] [run 0], Boundary distances : {(0, 1): 93.40017724289568, (1, 2): 27.817092060181935}
[36m(CaseRunnerActor pid=28851)[0m [2025-10-24 13:47:59,808] [INFO] [run 0 iter 173] Process RSS:   1.44 GB | 
[36m(CaseRunnerActor pid=28851)[0m [2025-10-24 13:49:26,484] [INFO] [run 0], measurements: 180/206, expense: 1.01e+05
[36m(CaseRunnerActor pid=28851)[0m [2025-10-24 13:49:26,484] [INFO] [run 0], Boundary distances : {(0, 1): 94.15066812010036, (1, 2): 27.115590115185235}
[36m(CaseRunnerActor pid=28851)[0m [2025-10-24 13:49:26,526] [INFO] [run 0 iter 174] Process RSS:   1.44 GB | [36m(CaseRunnerActor pid=28851)[0m 2025-10-24 14:22:18 - INFO - [evaluate.py] - Boundary (0, 1): 963 points
[36m(CaseRunnerActor pid=28851)[0m INFO:evaluate:Boundary (0, 1): 963 points
[36m(CaseRunnerActor pid=28851)[0m 2025-10-24 14:22:18 - INFO - [evaluate.py] - Boundary (1, 2): 798 points
[36m(CaseRunnerActor pid=28851)[0m INFO:evaluate:Boundary (1, 2): 798 points
[36m(CaseRunnerActor pid=28851)[0m 2025-10-24 14:22:18 - INFO - [evaluate.py] - Evaluating boundary (0, 1)
[36m(CaseRunnerActor pid=28851)[0m INFO:evaluate:Evaluating boundary (0, 1)
[36m(CaseRunnerActor pid=28851)[0m 2025-10-24 14:22:40 - INFO - [evaluate.py] - Evaluating boundary (1, 2)
[36m(CaseRunnerActor pid=28851)[0m INFO:evaluate:Evaluating boundary (1, 2)
[36m(CaseRunnerActor pid=28851)[0m INFO:P0:[run 0], measurements: 203/206, expense: 1.14e+05
[36m(CaseRunnerActor pid=28851)[0m INFO:P0:[run 0], Boundary distances : {(0, 1): 105.46514022370368, (1, 2): 27.034783876166692}
[36m(CaseRunnerActor pid=28851)[0m INFO:P0:[run 0 iter 197] Process RSS:   1.44 GB | 
[36m(CaseRunnerActor pid=28851)[0m 2025-10-24 14:24:21 - INFO - [evaluate.py] - Boundary (0, 1): 933 points
[36m(CaseRunnerActor pid=28851)[0m INFO:evaluate:Boundary (0, 1): 933 points
[36m(CaseRunnerActor pid=28851)[0m 2025-10-24 14:24:21 - INFO - [evaluate.py] - Boundary (1, 2): 795 points
[36m(CaseRunnerActor pid=28851)[0m INFO:evaluate:Boundary (1, 2): 795 points
[36m(CaseRunnerActor pid=28851)[0m 2025-10-24 14:24:21 - INFO - [evaluate.py] - Evaluating boundary (0, 1)
[36m(CaseRunnerActor pid=28851)[0m INFO:evaluate:Evaluating boundary (0, 1)
[36m(CaseRunnerActor pid=28851)[0m 2025-10-24 14:24:32 - INFO - [evaluate.py] - Evaluating boundary (1, 2)
[36m(CaseRunnerActor pid=28851)[0m INFO:evaluate:Evaluating boundary (1, 2)
[36m(CaseRunnerActor pid=28851)[0m INFO:P0:[run 0], measurements: 204/206, expense: 1.15e+05
[36m(CaseRunnerActor pid=28851)[0m INFO:P0:[run 0], Boundary distances : {(0, 1): 102.97520736623517, (1, 2): 23.2694375459326}
[36m(CaseRunnerActor pid=28851)[0m INFO:P0:[run 0 iter 198] Process RSS:   1.43 GB | 
[36m(CaseRunnerActor pid=28851)[0m 2025-10-24 14:25:41 - INFO - [evaluate.py] - Boundary (0, 1): 934 points
[36m(CaseRunnerActor pid=28851)[0m INFO:evaluate:Boundary (0, 1): 934 points
[36m(CaseRunnerActor pid=28851)[0m 2025-10-24 14:25:41 - INFO - [evaluate.py] - Boundary (1, 2): 816 points
[36m(CaseRunnerActor pid=28851)[0m INFO:evaluate:Boundary (1, 2): 816 points
[36m(CaseRunnerActor pid=28851)[0m 2025-10-24 14:25:41 - INFO - [evaluate.py] - Evaluating boundary (0, 1)
[36m(CaseRunnerActor pid=28851)[0m INFO:evaluate:Evaluating boundary (0, 1)
[36m(CaseRunnerActor pid=28851)[0m 2025-10-24 14:25:48 - INFO - [evaluate.py] - Evaluating boundary (1, 2)
[36m(CaseRunnerActor pid=28851)[0m INFO:evaluate:Evaluating boundary (1, 2)
[36m(CaseRunnerActor pid=28851)[0m INFO:P0:[run 0], measurements: 205/206, expense: 1.15e+05
[36m(CaseRunnerActor pid=28851)[0m INFO:P0:[run 0], Boundary distances : {(0, 1): 102.14179162611316, (1, 2): 26.67758775030975}
[36m(CaseRunnerActor pid=28851)[0m INFO:P0:[run 0 iter 199] Process RSS:   1.43 GB | 
[36m(CaseRunnerActor pid=28851)[0m 2025-10-24 14:27:04 - INFO - [evaluate.py] - Boundary (0, 1): 935 points
[36m(CaseRunnerActor pid=28851)[0m INFO:evaluate:Boundary (0, 1): 935 points
[36m(CaseRunnerActor pid=28851)[0m 2025-10-24 14:27:04 - INFO - [evaluate.py] - Boundary (1, 2): 790 points
[36m(CaseRunnerActor pid=28851)[0m INFO:evaluate:Boundary (1, 2): 790 points
[36m(CaseRunnerActor pid=28851)[0m 2025-10-24 14:27:04 - INFO - [evaluate.py] - Evaluating boundary (0, 1)
[36m(CaseRunnerActor pid=28851)[0m INFO:evaluate:Evaluating boundary (0, 1)
[36m(CaseRunnerActor pid=28851)[0m 2025-10-24 14:27:23 - INFO - [evaluate.py] - Evaluating boundary (1, 2)
[36m(CaseRunnerActor pid=28851)[0m INFO:evaluate:Evaluating boundary (1, 2)
[36m(CaseRunnerActor pid=28851)[0m INFO:P0:[run 0], measurements: 206/206, expense: 1.16e+05
[36m(CaseRunnerActor pid=28851)[0m INFO:P0:[run 0], Boundary distances : {(0, 1): 100.4997023141445, (1, 2): 21.242070046605242}
[36m(CaseRunnerActor pid=28851)[0m INFO:P0:[run 0 iter 200] Process RSS:   1.44 GB | 
[36m(CaseRunnerActor pid=28851)[0m INFO:P0:Finished run 0 for case P0
Runs finished: 100%|██████████| 3/3 [4:36:49<00:00, 5798.44s/it, last=P3-0, 6.85e+04]Runs finished: 100%|██████████| 3/3 [4:36:49<00:00, 5798.44s/it, last=P0-0, 1.16e+05][36m(CaseRunnerActor pid=28851)[0m /Users/knv2/Documents/codebase/envs/3DPhaseDiag/lib/python3.11/multiprocessing/resource_tracker.py:254: UserWarning: resource_tracker: There appear to be 1 leaked semaphore objects to clean up at shutdown
[36m(CaseRunnerActor pid=28851)[0m   warnings.warn('resource_tracker: There appear to be %d '
Runs finished: 100%|██████████| 3/3 [4:36:49<00:00, 5536.64s/it, last=P0-0, 1.16e+05]

[36m(CaseRunnerActor pid=28851)[0m [2025-10-24 13:50:38,722] [INFO] [run 0], measurements: 181/206, expense: 1.01e+05
[36m(CaseRunnerActor pid=28851)[0m [2025-10-24 13:50:38,722] [INFO] [run 0], Boundary distances : {(0, 1): 129.5476347078891, (1, 2): 24.022878904098043}
[36m(CaseRunnerActor pid=28851)[0m [2025-10-24 13:50:38,781] [INFO] [run 0 iter 175] Process RSS:   1.44 GB | 
[36m(CaseRunnerActor pid=28851)[0m [2025-10-24 13:52:08,174] [INFO] [run 0], measurements: 182/206, expense: 1.02e+05
[36m(CaseRunnerActor pid=28851)[0m [2025-10-24 13:52:08,174] [INFO] [run 0], Boundary distances : {(0, 1): 115.07889576643983, (1, 2): 26.563655652708334}
[36m(CaseRunnerActor pid=28851)[0m [2025-10-24 13:52:08,222] [INFO] [run 0 iter 176] Process RSS:   1.45 GB | 
[36m(CaseRunnerActor pid=28851)[0m [2025-10-24 13:53:39,523] [INFO] [run 0], measurements: 183/206, expense: 1.02e+05
[36m(CaseRunnerActor pid=28851)[0m [2025-10-24 13:53:39,523] [INFO] [run 0], Boundary distances : {(0, 1): 112.61275305992953, (1, 2): 20.326842637565846}
[36m(CaseRunnerActor pid=28851)[0m [2025-10-24 13:53:39,559] [INFO] [run 0 iter 177] Process RSS:   1.45 GB | 
[36m(CaseRunnerActor pid=28851)[0m [2025-10-24 13:54:57,876] [INFO] [run 0], measurements: 184/206, expense: 1.02e+05
[36m(CaseRunnerActor pid=28851)[0m [2025-10-24 13:54:57,876] [INFO] [run 0], Boundary distances : {(0, 1): 114.42634144571677, (1, 2): 20.550226883650986}
[36m(CaseRunnerActor pid=28851)[0m [2025-10-24 13:54:57,910] [INFO] [run 0 iter 178] Process RSS:   1.44 GB | 
[36m(CaseRunnerActor pid=28851)[0m [2025-10-24 13:56:17,142] [INFO] [run 0], measurements: 185/206, expense: 1.03e+05
[36m(CaseRunnerActor pid=28851)[0m [2025-10-24 13:56:17,142] [INFO] [run 0], Boundary distances : {(0, 1): 107.73015944612742, (1, 2): 20.46101643570743}
[36m(CaseRunnerActor pid=28851)[0m [2025-10-24 13:56:17,180] [INFO] [run 0 iter 179] Process RSS:   1.44 GB | 
[36m(CaseRunnerActor pid=28851)[0m [2025-10-24 13:57:36,608] [INFO] [run 0], measurements: 186/206, expense: 1.04e+05
[36m(CaseRunnerActor pid=28851)[0m [2025-10-24 13:57:36,608] [INFO] [run 0], Boundary distances : {(0, 1): 119.0167453567242, (1, 2): 19.98154740036631}
[36m(CaseRunnerActor pid=28851)[0m [2025-10-24 13:57:36,665] [INFO] [run 0 iter 180] Process RSS:   1.44 GB | 
[36m(CaseRunnerActor pid=28851)[0m [2025-10-24 13:59:04,898] [INFO] [run 0], measurements: 187/206, expense: 1.04e+05
[36m(CaseRunnerActor pid=28851)[0m [2025-10-24 13:59:04,898] [INFO] [run 0], Boundary distances : {(0, 1): 137.57684015669335, (1, 2): 20.244496301425848}
[36m(CaseRunnerActor pid=28851)[0m [2025-10-24 13:59:04,951] [INFO] [run 0 iter 181] Process RSS:   1.44 GB | 
[36m(CaseRunnerActor pid=28851)[0m [2025-10-24 14:00:41,833] [INFO] [run 0], measurements: 188/206, expense: 1.05e+05
[36m(CaseRunnerActor pid=28851)[0m [2025-10-24 14:00:41,833] [INFO] [run 0], Boundary distances : {(0, 1): 125.42323168916371, (1, 2): 19.716506021794522}
[36m(CaseRunnerActor pid=28851)[0m [2025-10-24 14:00:41,871] [INFO] [run 0 iter 182] Process RSS:   1.45 GB | 
[36m(CaseRunnerActor pid=28851)[0m [2025-10-24 14:02:25,303] [INFO] [run 0], measurements: 189/206, expense: 1.06e+05
[36m(CaseRunnerActor pid=28851)[0m [2025-10-24 14:02:25,303] [INFO] [run 0], Boundary distances : {(0, 1): 129.11153956016818, (1, 2): 18.624681262808856}
[36m(CaseRunnerActor pid=28851)[0m [2025-10-24 14:02:25,346] [INFO] [run 0 iter 183] Process RSS:   1.44 GB | 
[36m(CaseRunnerActor pid=28851)[0m [2025-10-24 14:03:49,653] [INFO] [run 0], measurements: 190/206, expense: 1.07e+05
[36m(CaseRunnerActor pid=28851)[0m [2025-10-24 14:03:49,653] [INFO] [run 0], Boundary distances : {(0, 1): 98.92701340580814, (1, 2): 20.090480910665697}
[36m(CaseRunnerActor pid=28851)[0m [2025-10-24 14:03:49,694] [INFO] [run 0 iter 184] Process RSS:   1.44 GB | 
[36m(CaseRunnerActor pid=28851)[0m [2025-10-24 14:05:24,388] [INFO] [run 0], measurements: 191/206, expense: 1.07e+05
[36m(CaseRunnerActor pid=28851)[0m [2025-10-24 14:05:24,388] [INFO] [run 0], Boundary distances : {(0, 1): 104.33811525988503, (1, 2): 20.090480910665697}
[36m(CaseRunnerActor pid=28851)[0m [2025-10-24 14:05:24,451] [INFO] [run 0 iter 185] Process RSS:   1.39 GB | 
[36m(CaseRunnerActor pid=28851)[0m [2025-10-24 14:06:59,248] [INFO] [run 0], measurements: 192/206, expense: 1.08e+05
[36m(CaseRunnerActor pid=28851)[0m [2025-10-24 14:06:59,248] [INFO] [run 0], Boundary distances : {(0, 1): 104.93155908626917, (1, 2): 19.08558729096883}
[36m(CaseRunnerActor pid=28851)[0m [2025-10-24 14:06:59,299] [INFO] [run 0 iter 186] Process RSS:   1.44 GB | 
[36m(CaseRunnerActor pid=28851)[0m [2025-10-24 14:08:20,568] [INFO] [run 0], measurements: 193/206, expense: 1.08e+05
[36m(CaseRunnerActor pid=28851)[0m [2025-10-24 14:08:20,568] [INFO] [run 0], Boundary distances : {(0, 1): 117.13015419765806, (1, 2): 19.98883427165083}
[36m(CaseRunnerActor pid=28851)[0m [2025-10-24 14:08:20,606] [INFO] [run 0 iter 187] Process RSS:   1.44 GB | 
[36m(CaseRunnerActor pid=28851)[0m [2025-10-24 14:09:39,133] [INFO] [run 0], measurements: 194/206, expense: 1.09e+05
[36m(CaseRunnerActor pid=28851)[0m [2025-10-24 14:09:39,134] [INFO] [run 0], Boundary distances : {(0, 1): 120.65478055978608, (1, 2): 19.98883427165083}
[36m(CaseRunnerActor pid=28851)[0m [2025-10-24 14:09:39,170] [INFO] [run 0 iter 188] Process RSS:   1.44 GB | 
[36m(CaseRunnerActor pid=28851)[0m [2025-10-24 14:11:10,587] [INFO] [run 0], measurements: 195/206, expense: 1.09e+05
[36m(CaseRunnerActor pid=28851)[0m [2025-10-24 14:11:10,587] [INFO] [run 0], Boundary distances : {(0, 1): 123.71027074518958, (1, 2): 27.68211965846752}
[36m(CaseRunnerActor pid=28851)[0m [2025-10-24 14:11:10,623] [INFO] [run 0 iter 189] Process RSS:   1.44 GB | 
[36m(CaseRunnerActor pid=28851)[0m [2025-10-24 14:12:47,142] [INFO] [run 0], measurements: 196/206, expense: 1.09e+05
[36m(CaseRunnerActor pid=28851)[0m [2025-10-24 14:12:47,142] [INFO] [run 0], Boundary distances : {(0, 1): 111.3910829967011, (1, 2): 28.043221253068065}
[36m(CaseRunnerActor pid=28851)[0m [2025-10-24 14:12:47,202] [INFO] [run 0 iter 190] Process RSS:   1.40 GB | 
[36m(CaseRunnerActor pid=28851)[0m [2025-10-24 14:14:04,260] [INFO] [run 0], measurements: 197/206, expense: 1.09e+05
[36m(CaseRunnerActor pid=28851)[0m [2025-10-24 14:14:04,260] [INFO] [run 0], Boundary distances : {(0, 1): 113.80364292226012, (1, 2): 35.11579241920299}
[36m(CaseRunnerActor pid=28851)[0m [2025-10-24 14:14:04,318] [INFO] [run 0 iter 191] Process RSS:   1.44 GB | 
[36m(CaseRunnerActor pid=28851)[0m [2025-10-24 14:15:20,756] [INFO] [run 0], measurements: 198/206, expense: 1.10e+05
[36m(CaseRunnerActor pid=28851)[0m [2025-10-24 14:15:20,756] [INFO] [run 0], Boundary distances : {(0, 1): 112.15009465340266, (1, 2): 32.212121149057666}
[36m(CaseRunnerActor pid=28851)[0m [2025-10-24 14:15:20,786] [INFO] [run 0 iter 192] Process RSS:   1.44 GB | 
[36m(CaseRunnerActor pid=28851)[0m [2025-10-24 14:16:50,822] [INFO] [run 0], measurements: 199/206, expense: 1.10e+05
[36m(CaseRunnerActor pid=28851)[0m [2025-10-24 14:16:50,822] [INFO] [run 0], Boundary distances : {(0, 1): 108.4429708853136, (1, 2): 33.52070397675402}
[36m(CaseRunnerActor pid=28851)[0m [2025-10-24 14:16:50,853] [INFO] [run 0 iter 193] Process RSS:   1.44 GB | 
[36m(CaseRunnerActor pid=28851)[0m [2025-10-24 14:18:08,229] [INFO] [run 0], measurements: 200/206, expense: 1.10e+05
[36m(CaseRunnerActor pid=28851)[0m [2025-10-24 14:18:08,230] [INFO] [run 0], Boundary distances : {(0, 1): 110.91863941462358, (1, 2): 26.179440893359804}
[36m(CaseRunnerActor pid=28851)[0m [2025-10-24 14:18:08,267] [INFO] [run 0 iter 194] Process RSS:   1.44 GB | 
[36m(CaseRunnerActor pid=28851)[0m [2025-10-24 14:19:37,340] [INFO] [run 0], measurements: 201/206, expense: 1.12e+05
[36m(CaseRunnerActor pid=28851)[0m [2025-10-24 14:19:37,340] [INFO] [run 0], Boundary distances : {(0, 1): 105.61351176844171, (1, 2): 34.221078686459705}
[36m(CaseRunnerActor pid=28851)[0m [2025-10-24 14:19:37,371] [INFO] [run 0 iter 195] Process RSS:   1.44 GB | 
[36m(CaseRunnerActor pid=28851)[0m [2025-10-24 14:21:12,684] [INFO] [run 0], measurements: 202/206, expense: 1.13e+05
[36m(CaseRunnerActor pid=28851)[0m [2025-10-24 14:21:12,684] [INFO] [run 0], Boundary distances : {(0, 1): 105.74925310006469, (1, 2): 34.96196209266912}
[36m(CaseRunnerActor pid=28851)[0m [2025-10-24 14:21:12,751] [INFO] [run 0 iter 196] Process RSS:   1.43 GB | 
[36m(CaseRunnerActor pid=28851)[0m [2025-10-24 14:22:51,163] [INFO] [run 0], measurements: 203/206, expense: 1.14e+05
[36m(CaseRunnerActor pid=28851)[0m [2025-10-24 14:22:51,163] [INFO] [run 0], Boundary distances : {(0, 1): 105.46514022370368, (1, 2): 27.034783876166692}
[36m(CaseRunnerActor pid=28851)[0m [2025-10-24 14:22:51,212] [INFO] [run 0 iter 197] Process RSS:   1.44 GB | 
[36m(CaseRunnerActor pid=28851)[0m [2025-10-24 14:24:41,836] [INFO] [run 0], measurements: 204/206, expense: 1.15e+05
[36m(CaseRunnerActor pid=28851)[0m [2025-10-24 14:24:41,836] [INFO] [run 0], Boundary distances : {(0, 1): 102.97520736623517, (1, 2): 23.2694375459326}
[36m(CaseRunnerActor pid=28851)[0m [2025-10-24 14:24:41,874] [INFO] [run 0 iter 198] Process RSS:   1.43 GB | 
[36m(CaseRunnerActor pid=28851)[0m [2025-10-24 14:25:57,939] [INFO] [run 0], measurements: 205/206, expense: 1.15e+05
[36m(CaseRunnerActor pid=28851)[0m [2025-10-24 14:25:57,939] [INFO] [run 0], Boundary distances : {(0, 1): 102.14179162611316, (1, 2): 26.67758775030975}
[36m(CaseRunnerActor pid=28851)[0m [2025-10-24 14:25:57,977] [INFO] [run 0 iter 199] Process RSS:   1.43 GB | 
[36m(CaseRunnerActor pid=28851)[0m [2025-10-24 14:27:34,911] [INFO] [run 0], measurements: 206/206, expense: 1.16e+05
[36m(CaseRunnerActor pid=28851)[0m [2025-10-24 14:27:34,911] [INFO] [run 0], Boundary distances : {(0, 1): 100.4997023141445, (1, 2): 21.242070046605242}
[36m(CaseRunnerActor pid=28851)[0m [2025-10-24 14:27:34,972] [INFO] [run 0 iter 200] Process RSS:   1.44 GB | 
[36m(CaseRunnerActor pid=28851)[0m [2025-10-24 14:27:35,091] [INFO] Finished run 0 for case P0
Total run time for all 3 case studies: 4:36:51.697895

